user_id,timestamp,channel,converted
U00000,2026-08-27 15:44,Social,0
U00001,2026-08-18 06:53,Paid Search,0
U00002,2026-09-10 16:45,Direct,0
U00002,2026-09-16 09:22,Paid Search,0
U00002,2026-09-18 22:47,Email,0
U00003,2026-09-06 09:39,Organic Search,0
U00003,2026-09-13 22:57,Referral,0
U00003,2026-09-14 12:07,Email,0
U00004,2026-08-20 18:03,Display,0
U00005,2026-09-12 09:35,Paid Search,0
U00005,2026-09-16 10:49,Display,0
U00005,2026-09-24 17:51,Paid Search,0
U00005,2026-09-25 09:34,Direct,0
U00005,2026-09-26 19:34,Paid Search,0
U00005,2026-10-01 10:54,Organic Search,0
U00005,2026-10-01 12:47,Direct,0
U00006,2026-09-06 22:12,Social,0
U00006,2026-09-08 20:24,Organic Search,0
U00006,2026-09-16 09:39,Paid Search,0
U00006,2026-09-17 01:30,Social,0
U00007,2026-08-11 10:04,Paid Search,0
U00007,2026-08-14 05:20,Email,0
U00007,2026-08-19 06:53,Social,0
U00007,2026-08-20 17:29,Direct,0
U00007,2026-08-21 13:25,Organic Search,0
U00007,2026-08-24 08:32,Display,0
U00007,2026-09-01 21:50,Organic Search,0
U00007,2026-09-05 12:58,Email,0
U00008,2026-09-10 17:25,Display,0
U00008,2026-09-10 21:32,Display,0
U00008,2026-09-12 11:37,Social,0
U00009,2026-08-14 02:25,Social,0
U00010,2026-09-07 00:55,Paid Search,0
U00010,2026-09-09 06:49,Direct,0
U00011,2026-09-03 13:15,Social,0
U00011,2026-09-07 22:59,Social,0
U00012,2026-08-08 11:29,Display,0
U00012,2026-08-12 04:06,Organic Search,0
U00012,2026-08-12 08:18,Paid Search,0
U00012,2026-08-18 22:10,Email,0
U00012,2026-08-20 07:21,Social,1
U00013,2026-08-08 06:54,Paid Search,0
U00013,2026-08-09 18:32,Email,0
U00013,2026-08-16 15:21,Direct,0
U00013,2026-08-21 13:50,Email,0
U00013,2026-08-24 19:13,Direct,1
U00014,2026-09-07 09:31,Organic Search,0
U00015,2026-08-12 13:56,Direct,0
U00016,2026-08-26 20:20,Display,0
U00016,2026-08-27 20:16,Direct,0
U00017,2026-08-11 10:06,Social,0
U00017,2026-08-12 10:09,Email,0
U00017,2026-08-13 02:56,Organic Search,0
U00017,2026-08-15 06:22,Direct,1
U00018,2026-09-10 12:53,Paid Search,0
U00018,2026-09-11 02:59,Direct,0
U00018,2026-09-11 07:18,Email,0
U00019,2026-08-06 23:50,Social,0
U00019,2026-08-07 04:02,Organic Search,0
U00020,2026-08-23 22:34,Organic Search,0
U00020,2026-08-25 23:07,Organic Search,0
U00020,2026-08-26 22:12,Paid Search,0
U00021,2026-08-15 13:12,Display,1
U00022,2026-09-05 08:51,Email,1
U00023,2026-08-04 03:06,Display,0
U00024,2026-09-08 18:11,Organic Search,0
U00025,2026-08-30 01:20,Organic Search,0
U00025,2026-08-31 06:10,Email,0
U00025,2026-09-01 06:10,Email,1
U00026,2026-08-13 03:23,Social,0
U00027,2026-08-30 08:27,Display,0
U00027,2026-08-31 01:42,Email,0
U00027,2026-08-31 02:22,Direct,0
U00028,2026-09-02 15:52,Display,0
U00029,2026-08-29 00:44,Display,0
U00029,2026-08-29 02:41,Direct,0
U00030,2026-09-03 13:28,Email,0
U00030,2026-09-07 14:18,Paid Search,0
U00030,2026-09-10 11:25,Email,1
U00031,2026-08-06 10:51,Display,0
U00031,2026-08-08 06:16,Email,0
U00031,2026-08-09 04:41,Social,0
U00031,2026-08-09 18:57,Organic Search,1
U00032,2026-08-09 01:34,Display,0
U00032,2026-08-11 02:57,Organic Search,0
U00032,2026-08-14 05:12,Email,0
U00033,2026-08-29 04:45,Social,0
U00034,2026-09-01 07:40,Paid Search,0
U00035,2026-09-03 21:41,Paid Search,0
U00035,2026-09-05 22:28,Display,0
U00035,2026-09-08 01:55,Referral,0
U00035,2026-09-10 05:34,Email,0
U00036,2026-09-14 11:40,Display,0
U00037,2026-08-26 20:58,Display,0
U00037,2026-08-29 07:05,Referral,0
U00037,2026-08-30 21:57,Organic Search,0
U00037,2026-09-04 09:00,Direct,0
U00037,2026-09-06 07:46,Direct,0
U00038,2026-09-08 17:39,Display,0
U00038,2026-09-14 17:55,Email,0
U00038,2026-09-17 12:23,Organic Search,0
U00039,2026-08-09 06:33,Organic Search,0
U00040,2026-08-11 21:39,Organic Search,0
U00040,2026-08-11 22:40,Social,0
U00041,2026-08-14 05:29,Direct,0
U00041,2026-08-14 15:29,Display,0
U00042,2026-08-22 15:21,Direct,0
U00042,2026-08-22 18:53,Direct,0
U00042,2026-08-23 02:06,Email,0
U00042,2026-08-24 10:06,Paid Search,0
U00043,2026-08-12 11:28,Direct,1
U00044,2026-09-02 17:39,Display,0
U00044,2026-09-04 07:43,Email,0
U00044,2026-09-05 06:19,Referral,0
U00044,2026-09-06 02:38,Paid Search,0
U00044,2026-09-15 19:23,Paid Search,0
U00045,2026-08-24 20:46,Organic Search,0
U00045,2026-08-25 04:20,Social,0
U00045,2026-08-25 12:32,Paid Search,0
U00045,2026-08-28 20:26,Referral,1
U00046,2026-08-30 22:00,Display,0
U00046,2026-08-31 02:57,Organic Search,0
U00046,2026-09-03 01:33,Organic Search,0
U00047,2026-09-03 16:15,Paid Search,0
U00048,2026-08-23 05:29,Organic Search,0
U00048,2026-08-23 14:02,Referral,0
U00049,2026-09-08 11:45,Paid Search,0
U00050,2026-09-14 07:06,Organic Search,0
U00051,2026-08-20 01:48,Social,0
U00052,2026-08-05 16:20,Display,0
U00052,2026-08-05 20:56,Paid Search,0
U00052,2026-08-07 15:26,Display,0
U00053,2026-08-04 12:52,Social,0
U00054,2026-09-11 09:15,Social,0
U00055,2026-09-04 06:08,Social,0
U00055,2026-09-11 00:35,Direct,0
U00055,2026-09-12 01:09,Email,0
U00055,2026-09-12 02:37,Organic Search,0
U00056,2026-09-01 09:01,Display,0
U00056,2026-09-02 03:08,Email,0
U00056,2026-09-02 05:26,Paid Search,0
U00057,2026-08-08 23:02,Display,0
U00058,2026-09-04 05:03,Organic Search,0
U00058,2026-09-05 07:12,Social,0
U00059,2026-09-14 03:39,Display,0
U00059,2026-09-16 11:45,Display,0
U00060,2026-08-01 21:16,Paid Search,0
U00060,2026-08-03 04:13,Display,0
U00060,2026-08-04 21:34,Referral,0
U00060,2026-08-08 00:37,Referral,0
U00060,2026-08-09 10:38,Social,0
U00061,2026-08-01 20:35,Display,0
U00061,2026-08-03 12:27,Paid Search,0
U00061,2026-08-05 23:48,Paid Search,0
U00061,2026-08-08 00:43,Direct,0
U00062,2026-09-09 04:13,Display,0
U00062,2026-09-09 13:24,Paid Search,0
U00062,2026-09-10 06:17,Direct,0
U00062,2026-09-11 19:17,Paid Search,0
U00063,2026-08-12 16:52,Social,0
U00063,2026-08-14 04:01,Social,0
U00064,2026-08-19 09:55,Social,0
U00064,2026-08-22 05:52,Organic Search,0
U00064,2026-08-27 12:15,Organic Search,0
U00064,2026-08-30 08:43,Direct,0
U00064,2026-09-04 11:48,Email,0
U00064,2026-09-08 03:12,Direct,0
U00064,2026-09-15 03:54,Organic Search,0
U00064,2026-09-15 16:57,Display,0
U00065,2026-09-11 06:16,Social,0
U00066,2026-09-05 04:23,Paid Search,0
U00067,2026-08-28 07:33,Paid Search,0
U00067,2026-09-13 00:10,Paid Search,1
U00068,2026-09-09 14:21,Direct,0
U00068,2026-09-11 20:47,Email,0
U00068,2026-09-12 04:14,Paid Search,0
U00068,2026-09-12 09:34,Social,0
U00068,2026-09-13 23:25,Email,0
U00068,2026-09-14 04:25,Paid Search,0
U00068,2026-09-15 01:45,Organic Search,0
U00068,2026-09-18 14:28,Direct,0
U00069,2026-08-31 04:13,Organic Search,0
U00070,2026-09-01 22:49,Display,0
U00070,2026-09-08 11:44,Display,1
U00071,2026-08-06 01:50,Display,0
U00071,2026-08-09 14:37,Organic Search,0
U00071,2026-08-23 06:47,Social,0
U00072,2026-08-31 01:03,Email,0
U00073,2026-08-01 02:16,Organic Search,0
U00074,2026-08-04 08:16,Paid Search,0
U00074,2026-08-09 13:20,Direct,0
U00074,2026-08-15 05:53,Organic Search,0
U00075,2026-08-28 23:53,Paid Search,0
U00076,2026-08-19 22:26,Organic Search,0
U00076,2026-08-21 15:39,Paid Search,0
U00076,2026-08-24 02:35,Display,0
U00076,2026-08-25 03:17,Email,0
U00076,2026-08-26 10:29,Email,0
U00076,2026-08-28 22:07,Direct,0
U00076,2026-08-29 23:28,Direct,0
U00077,2026-08-13 05:53,Social,0
U00077,2026-08-14 20:07,Paid Search,0
U00078,2026-08-31 06:18,Paid Search,0
U00078,2026-09-04 20:07,Direct,0
U00078,2026-09-05 00:26,Social,0
U00078,2026-09-11 22:31,Paid Search,1
U00079,2026-09-10 07:06,Social,0
U00079,2026-09-12 07:08,Referral,0
U00080,2026-08-11 12:24,Social,0
U00080,2026-08-11 15:27,Organic Search,0
U00080,2026-08-17 03:50,Social,0
U00080,2026-08-17 04:49,Paid Search,0
U00081,2026-09-12 14:21,Social,0
U00082,2026-08-10 18:57,Paid Search,0
U00082,2026-08-14 15:51,Social,1
U00083,2026-08-13 00:19,Referral,0
U00083,2026-08-19 00:47,Display,0
U00083,2026-08-21 11:55,Direct,0
U00084,2026-08-02 17:19,Direct,0
U00085,2026-08-27 20:08,Display,0
U00086,2026-08-19 06:11,Paid Search,1
U00087,2026-09-13 10:56,Social,0
U00087,2026-09-15 04:56,Paid Search,0
U00087,2026-09-16 11:34,Direct,0
U00087,2026-09-18 01:35,Email,1
U00088,2026-08-24 08:23,Organic Search,0
U00089,2026-08-14 13:32,Paid Search,0
U00090,2026-08-06 00:02,Social,0
U00090,2026-08-12 03:50,Email,0
U00090,2026-08-12 16:17,Paid Search,0
U00091,2026-08-24 21:12,Paid Search,0
U00091,2026-08-25 18:23,Social,0
U00091,2026-08-26 13:27,Social,0
U00091,2026-08-31 15:00,Email,0
U00091,2026-09-02 13:24,Direct,1
U00092,2026-08-22 08:09,Social,0
U00092,2026-08-24 15:46,Direct,0
U00092,2026-09-01 14:53,Social,0
U00092,2026-09-03 14:41,Paid Search,0
U00092,2026-09-04 11:27,Direct,0
U00093,2026-08-03 11:12,Organic Search,0
U00094,2026-08-31 14:35,Paid Search,0
U00095,2026-09-01 00:50,Organic Search,0
U00095,2026-09-02 12:48,Paid Search,0
U00095,2026-09-04 06:37,Paid Search,0
U00095,2026-09-06 06:42,Direct,0
U00095,2026-09-08 17:14,Email,0
U00095,2026-09-08 20:47,Paid Search,0
U00095,2026-09-09 06:23,Direct,0
U00096,2026-09-04 01:29,Email,0
U00096,2026-09-04 14:43,Organic Search,1
U00097,2026-08-11 06:35,Social,0
U00098,2026-08-02 00:05,Social,0
U00098,2026-08-06 08:50,Direct,0
U00098,2026-08-06 09:27,Organic Search,0
U00098,2026-08-07 03:42,Email,0
U00098,2026-08-07 21:36,Paid Search,1
U00099,2026-08-05 15:24,Social,0
U00099,2026-08-07 01:49,Referral,0
U00099,2026-08-07 10:24,Email,0
U00099,2026-08-09 03:13,Email,1
U00100,2026-08-24 22:18,Organic Search,0
U00100,2026-08-28 06:26,Referral,0
U00101,2026-08-24 08:04,Social,0
U00101,2026-08-27 19:41,Email,0
U00101,2026-08-28 12:33,Direct,0
U00101,2026-09-01 03:22,Organic Search,0
U00101,2026-09-02 02:50,Email,1
U00102,2026-08-10 03:55,Social,0
U00102,2026-08-11 04:34,Direct,0
U00102,2026-08-12 06:53,Email,1
U00103,2026-08-10 18:59,Social,0
U00104,2026-08-29 00:46,Social,0
U00104,2026-08-31 12:32,Organic Search,0
U00105,2026-09-09 13:01,Organic Search,0
U00106,2026-09-01 06:45,Display,0
U00106,2026-09-05 06:21,Paid Search,0
U00107,2026-09-05 11:32,Organic Search,0
U00107,2026-09-14 15:14,Direct,0
U00108,2026-08-20 08:22,Paid Search,0
U00108,2026-08-21 15:35,Paid Search,0
U00109,2026-09-06 18:22,Email,0
U00109,2026-09-07 22:25,Organic Search,0
U00110,2026-08-04 22:05,Social,0
U00111,2026-08-23 12:52,Referral,0
U00111,2026-08-26 14:48,Email,0
U00111,2026-08-30 06:16,Paid Search,0
U00112,2026-08-17 14:39,Display,0
U00113,2026-09-06 15:20,Organic Search,0
U00113,2026-09-09 06:31,Social,0
U00114,2026-08-01 17:11,Social,0
U00114,2026-08-03 21:45,Organic Search,0
U00114,2026-08-04 09:30,Display,0
U00114,2026-08-07 05:29,Referral,0
U00114,2026-08-09 13:40,Paid Search,0
U00114,2026-08-12 18:33,Email,1
U00115,2026-09-02 04:03,Social,0
U00116,2026-09-08 22:12,Direct,1
U00117,2026-08-22 11:04,Organic Search,0
U00118,2026-09-09 22:00,Organic Search,0
U00118,2026-09-10 11:41,Paid Search,0
U00119,2026-08-12 10:27,Paid Search,0
U00119,2026-08-12 15:16,Email,0
U00119,2026-08-13 01:16,Paid Search,1
U00120,2026-08-24 23:25,Social,0
U00120,2026-08-27 02:25,Direct,0
U00120,2026-08-28 12:06,Paid Search,0
U00120,2026-09-04 03:57,Referral,0
U00120,2026-09-04 06:46,Email,1
U00121,2026-08-18 11:19,Paid Search,0
U00121,2026-08-27 10:08,Organic Search,0
U00121,2026-08-27 18:56,Referral,0
U00121,2026-09-02 18:20,Social,0
U00121,2026-09-03 12:26,Paid Search,1
U00122,2026-08-20 13:18,Organic Search,0
U00122,2026-08-22 12:31,Organic Search,0
U00122,2026-08-27 23:59,Direct,0
U00123,2026-08-18 08:06,Display,0
U00123,2026-08-24 17:38,Email,0
U00123,2026-08-26 05:59,Organic Search,0
U00123,2026-09-04 05:00,Email,0
U00123,2026-09-07 04:20,Paid Search,0
U00124,2026-08-06 00:29,Display,0
U00124,2026-08-06 11:51,Direct,0
U00125,2026-08-22 13:37,Social,0
U00126,2026-09-07 16:02,Organic Search,0
U00126,2026-09-10 14:14,Email,0
U00126,2026-09-12 22:40,Display,0
U00126,2026-09-15 20:27,Direct,0
U00127,2026-08-29 10:32,Direct,0
U00128,2026-08-09 07:47,Direct,1
U00129,2026-08-03 10:10,Organic Search,0
U00129,2026-08-04 22:55,Display,0
U00129,2026-08-05 10:01,Email,0
U00130,2026-08-27 16:46,Paid Search,0
U00130,2026-08-28 04:06,Organic Search,0
U00130,2026-08-29 00:25,Paid Search,0
U00131,2026-09-14 09:02,Display,0
U00131,2026-09-14 13:17,Paid Search,0
U00131,2026-09-14 13:56,Display,0
U00132,2026-08-02 15:40,Social,0
U00133,2026-08-29 21:58,Social,0
U00133,2026-08-30 09:30,Direct,0
U00133,2026-09-01 07:36,Email,0
U00134,2026-09-09 08:54,Organic Search,0
U00134,2026-09-10 02:13,Paid Search,0
U00135,2026-08-11 20:28,Direct,0
U00136,2026-09-09 16:32,Paid Search,0
U00136,2026-09-09 23:31,Paid Search,0
U00136,2026-09-10 19:54,Paid Search,0
U00137,2026-08-19 22:53,Social,0
U00138,2026-08-09 15:34,Organic Search,0
U00139,2026-09-12 03:10,Paid Search,0
U00139,2026-09-16 08:22,Direct,0
U00139,2026-09-17 02:07,Paid Search,0
U00139,2026-09-21 09:46,Direct,0
U00139,2026-09-21 22:29,Paid Search,1
U00140,2026-09-11 01:30,Display,0
U00140,2026-09-13 12:53,Social,0
U00141,2026-08-30 12:14,Organic Search,0
U00141,2026-08-30 23:00,Display,0
U00142,2026-08-26 11:23,Social,0
U00142,2026-08-31 15:57,Paid Search,0
U00142,2026-08-31 17:01,Organic Search,0
U00143,2026-08-11 16:14,Email,0
U00143,2026-08-13 22:22,Display,0
U00143,2026-08-13 22:28,Direct,0
U00144,2026-08-23 22:35,Social,0
U00145,2026-09-12 12:47,Social,0
U00145,2026-09-12 20:41,Organic Search,0
U00145,2026-09-14 03:28,Paid Search,0
U00145,2026-09-14 17:10,Direct,0
U00145,2026-09-21 02:32,Social,0
U00145,2026-09-22 14:27,Direct,0
U00146,2026-09-10 18:29,Organic Search,1
U00147,2026-08-22 18:22,Paid Search,0
U00147,2026-08-23 02:01,Direct,0
U00148,2026-08-13 22:37,Social,0
U00148,2026-08-15 06:40,Organic Search,0
U00148,2026-08-16 04:44,Paid Search,0
U00149,2026-09-06 22:46,Social,0
U00149,2026-09-13 03:39,Organic Search,0
U00149,2026-09-20 23:47,Paid Search,0
U00149,2026-09-22 16:36,Direct,1
U00150,2026-08-18 17:19,Organic Search,0
U00150,2026-08-19 23:07,Organic Search,0
U00151,2026-08-22 20:03,Display,0
U00152,2026-08-17 06:26,Organic Search,0
U00153,2026-09-03 08:13,Paid Search,0
U00153,2026-09-04 14:07,Display,0
U00153,2026-09-15 00:48,Paid Search,0
U00153,2026-09-18 11:39,Paid Search,1
U00154,2026-08-16 20:27,Social,0
U00154,2026-08-23 10:04,Direct,0
U00154,2026-08-24 09:47,Organic Search,0
U00155,2026-09-05 18:43,Organic Search,0
U00156,2026-08-30 07:38,Email,0
U00156,2026-08-31 17:05,Email,1
U00157,2026-08-05 09:55,Display,0
U00157,2026-08-08 02:26,Email,0
U00157,2026-08-08 11:48,Direct,0
U00157,2026-08-10 03:10,Direct,0
U00157,2026-08-16 06:52,Email,0
U00157,2026-08-18 16:31,Email,1
U00158,2026-08-02 17:38,Social,0
U00158,2026-08-07 08:45,Email,0
U00159,2026-08-01 00:57,Social,0
U00159,2026-08-01 17:42,Direct,0
U00159,2026-08-09 19:08,Organic Search,0
U00159,2026-08-18 00:12,Organic Search,0
U00159,2026-08-20 13:40,Paid Search,1
U00160,2026-09-06 10:11,Paid Search,0
U00161,2026-08-30 00:47,Social,0
U00161,2026-08-30 01:42,Direct,0
U00161,2026-08-31 04:03,Social,0
U00161,2026-09-02 01:24,Social,0
U00161,2026-09-05 05:18,Display,0
U00162,2026-09-10 21:47,Display,0
U00163,2026-08-03 01:18,Direct,0
U00164,2026-08-29 07:49,Organic Search,0
U00164,2026-08-30 20:49,Direct,0
U00165,2026-08-31 23:13,Paid Search,0
U00166,2026-08-22 16:21,Direct,0
U00167,2026-08-03 12:57,Referral,0
U00167,2026-08-03 20:30,Direct,0
U00167,2026-08-04 02:43,Display,0
U00168,2026-08-27 21:10,Display,0
U00169,2026-08-07 17:19,Social,0
U00170,2026-08-25 01:58,Social,0
U00170,2026-08-27 00:49,Paid Search,0
U00171,2026-08-16 10:54,Social,0
U00172,2026-09-08 23:32,Organic Search,0
U00172,2026-09-12 12:48,Direct,0
U00172,2026-09-21 01:52,Paid Search,0
U00173,2026-08-30 14:20,Organic Search,0
U00174,2026-09-12 09:28,Organic Search,0
U00175,2026-08-15 19:34,Organic Search,0
U00176,2026-09-08 18:03,Paid Search,0
U00176,2026-09-09 15:38,Email,0
U00176,2026-09-09 17:00,Email,0
U00177,2026-08-01 14:21,Direct,0
U00178,2026-08-02 03:25,Paid Search,0
U00178,2026-08-03 17:16,Paid Search,0
U00179,2026-08-15 22:37,Social,0
U00179,2026-08-16 01:40,Paid Search,0
U00180,2026-09-07 19:04,Paid Search,0
U00180,2026-09-11 12:40,Paid Search,0
U00180,2026-09-11 21:59,Organic Search,0
U00181,2026-08-11 05:36,Organic Search,0
U00181,2026-08-15 04:44,Email,0
U00181,2026-08-16 22:36,Referral,0
U00181,2026-08-21 03:18,Organic Search,0
U00182,2026-09-11 23:06,Referral,0
U00183,2026-08-06 14:18,Social,0
U00184,2026-08-05 00:21,Social,0
U00185,2026-08-14 22:16,Paid Search,0
U00185,2026-08-16 08:23,Direct,0
U00186,2026-09-04 12:03,Display,0
U00187,2026-08-09 20:42,Social,0
U00187,2026-08-11 02:11,Paid Search,0
U00188,2026-08-26 04:01,Email,0
U00188,2026-08-27 03:03,Paid Search,0
U00188,2026-08-28 13:46,Organic Search,0
U00188,2026-08-30 10:03,Social,0
U00188,2026-09-01 10:07,Direct,0
U00188,2026-09-02 05:52,Organic Search,0
U00188,2026-09-05 21:56,Organic Search,1
U00189,2026-08-29 15:08,Display,0
U00189,2026-09-02 13:08,Referral,0
U00190,2026-09-05 05:18,Paid Search,0
U00191,2026-08-15 21:20,Organic Search,0
U00191,2026-08-18 01:17,Email,0
U00191,2026-08-18 02:28,Referral,0
U00192,2026-08-24 16:37,Social,0
U00192,2026-08-25 19:21,Social,0
U00192,2026-08-26 20:00,Paid Search,0
U00192,2026-08-29 08:56,Display,0
U00192,2026-08-30 05:54,Direct,1
U00193,2026-09-06 05:58,Social,0
U00193,2026-09-08 21:13,Referral,0
U00194,2026-08-23 15:24,Display,0
U00194,2026-08-29 01:53,Organic Search,0
U00195,2026-08-13 20:38,Social,0
U00195,2026-08-14 21:21,Organic Search,0
U00195,2026-08-15 14:13,Direct,0
U00195,2026-08-17 19:25,Organic Search,1
U00196,2026-08-20 21:03,Organic Search,0
U00197,2026-08-15 01:58,Social,0
U00198,2026-08-22 20:50,Email,0
U00198,2026-08-26 08:11,Direct,1
U00199,2026-08-03 14:05,Organic Search,0
U00199,2026-08-04 13:17,Email,1
U00200,2026-08-17 06:38,Paid Search,0
U00200,2026-08-17 18:12,Direct,0
U00200,2026-08-19 23:03,Paid Search,0
U00200,2026-08-21 19:28,Paid Search,1
U00201,2026-09-08 18:18,Social,0
U00201,2026-09-12 05:04,Organic Search,0
U00202,2026-08-28 15:04,Paid Search,0
U00202,2026-08-31 05:56,Social,0
U00202,2026-08-31 14:08,Paid Search,0
U00202,2026-09-01 20:21,Email,0
U00202,2026-09-08 06:36,Direct,0
U00202,2026-09-10 04:32,Organic Search,0
U00203,2026-08-31 16:42,Email,0
U00203,2026-09-01 21:13,Organic Search,0
U00203,2026-09-03 02:17,Organic Search,0
U00203,2026-09-06 02:40,Display,0
U00203,2026-09-08 15:41,Social,0
U00204,2026-08-14 03:26,Paid Search,0
U00205,2026-08-22 07:04,Organic Search,0
U00205,2026-08-23 00:37,Paid Search,0
U00206,2026-08-22 15:05,Organic Search,0
U00206,2026-08-24 13:47,Email,0
U00206,2026-08-27 19:01,Social,0
U00207,2026-09-07 04:18,Paid Search,0
U00208,2026-09-05 07:59,Display,0
U00208,2026-09-06 17:12,Direct,0
U00208,2026-09-08 00:26,Social,0
U00208,2026-09-08 16:21,Paid Search,0
U00208,2026-09-09 15:04,Organic Search,0
U00208,2026-09-09 15:49,Email,1
U00209,2026-08-25 19:07,Organic Search,0
U00209,2026-08-28 11:45,Paid Search,1
U00210,2026-08-09 04:26,Paid Search,0
U00211,2026-08-25 11:42,Social,0
U00211,2026-08-27 16:34,Display,0
U00211,2026-08-27 22:17,Social,1
U00212,2026-08-28 05:16,Organic Search,0
U00213,2026-09-08 11:57,Organic Search,0
U00213,2026-09-10 03:12,Email,0
U00214,2026-08-12 16:25,Organic Search,0
U00215,2026-08-09 20:46,Organic Search,0
U00215,2026-08-10 11:45,Email,0
U00215,2026-08-14 09:42,Paid Search,0
U00215,2026-08-16 11:02,Social,0
U00216,2026-08-03 20:20,Display,0
U00217,2026-08-02 01:58,Organic Search,0
U00218,2026-08-26 06:14,Email,1
U00219,2026-09-09 03:43,Paid Search,0
U00219,2026-09-10 03:02,Social,1
U00220,2026-08-20 07:05,Paid Search,0
U00221,2026-08-16 01:39,Email,0
U00222,2026-09-09 00:01,Social,0
U00223,2026-09-09 18:44,Organic Search,0
U00223,2026-09-15 15:27,Direct,0
U00224,2026-08-15 07:42,Organic Search,0
U00224,2026-08-15 10:47,Social,0
U00225,2026-08-27 18:24,Referral,0
U00225,2026-08-30 06:59,Paid Search,0
U00225,2026-09-01 13:31,Paid Search,0
U00226,2026-09-10 07:22,Display,0
U00226,2026-09-11 11:35,Display,0
U00226,2026-09-12 10:21,Organic Search,0
U00226,2026-09-20 22:40,Paid Search,0
U00227,2026-08-12 04:01,Organic Search,0
U00228,2026-08-23 23:18,Direct,0
U00229,2026-08-26 14:59,Email,0
U00229,2026-08-27 07:36,Paid Search,0
U00229,2026-08-28 05:41,Email,0
U00230,2026-09-11 19:47,Paid Search,0
U00230,2026-09-15 15:31,Display,0
U00231,2026-09-03 02:56,Paid Search,0
U00232,2026-08-11 19:27,Display,0
U00233,2026-08-10 21:55,Display,0
U00233,2026-08-17 08:04,Email,0
U00233,2026-08-17 20:01,Direct,0
U00234,2026-08-06 22:33,Paid Search,0
U00234,2026-08-07 19:38,Organic Search,0
U00234,2026-08-08 04:16,Organic Search,0
U00234,2026-08-08 13:09,Social,0
U00234,2026-08-10 02:42,Paid Search,1
U00235,2026-08-01 13:31,Display,1
U00236,2026-08-12 12:37,Social,0
U00236,2026-08-14 08:23,Organic Search,0
U00236,2026-08-18 19:45,Social,0
U00237,2026-08-30 22:21,Organic Search,0
U00237,2026-09-03 11:47,Email,0
U00238,2026-08-14 09:25,Social,0
U00238,2026-08-20 23:19,Organic Search,0
U00239,2026-09-09 16:54,Organic Search,0
U00240,2026-08-14 14:46,Social,0
U00241,2026-08-27 09:14,Display,0
U00241,2026-08-27 19:20,Organic Search,0
U00242,2026-09-09 09:17,Organic Search,0
U00242,2026-09-10 19:06,Email,0
U00243,2026-08-03 09:14,Direct,0
U00244,2026-09-02 14:12,Social,0
U00245,2026-08-08 06:02,Display,0
U00246,2026-09-03 20:00,Paid Search,0
U00247,2026-08-24 17:48,Social,0
U00247,2026-08-25 02:33,Email,0
U00248,2026-08-25 14:00,Social,0
U00248,2026-08-26 02:10,Display,0
U00248,2026-08-27 15:41,Organic Search,0
U00249,2026-08-06 08:39,Email,0
U00249,2026-08-07 11:24,Social,0
U00249,2026-08-07 11:31,Paid Search,0
U00250,2026-09-08 10:36,Social,0
U00251,2026-08-13 15:40,Social,0
U00252,2026-08-27 01:55,Paid Search,0
U00252,2026-09-07 18:21,Direct,0
U00253,2026-08-26 14:31,Paid Search,0
U00254,2026-08-05 23:54,Organic Search,0
U00254,2026-08-07 09:41,Organic Search,0
U00255,2026-09-01 00:29,Organic Search,0
U00256,2026-08-22 16:42,Display,0
U00256,2026-08-23 11:41,Organic Search,1
U00257,2026-09-07 21:52,Paid Search,0
U00257,2026-09-11 12:25,Paid Search,0
U00257,2026-09-13 21:56,Organic Search,0
U00257,2026-09-19 20:14,Organic Search,0
U00257,2026-09-23 21:17,Paid Search,0
U00258,2026-08-18 10:39,Paid Search,0
U00259,2026-09-12 15:32,Organic Search,0
U00260,2026-08-13 21:46,Display,0
U00260,2026-08-16 08:49,Organic Search,0
U00260,2026-08-16 11:51,Direct,1
U00261,2026-09-02 22:54,Social,0
U00261,2026-09-03 04:27,Social,0
U00261,2026-09-03 05:36,Paid Search,0
U00262,2026-08-22 08:28,Direct,0
U00262,2026-08-25 22:13,Paid Search,0
U00262,2026-08-30 03:45,Paid Search,0
U00263,2026-08-10 11:18,Paid Search,0
U00263,2026-08-14 15:35,Email,0
U00263,2026-08-15 12:09,Email,0
U00264,2026-08-11 10:18,Paid Search,0
U00265,2026-09-14 19:45,Organic Search,0
U00266,2026-08-18 15:12,Paid Search,0
U00266,2026-08-19 09:49,Direct,0
U00266,2026-08-20 10:52,Direct,0
U00266,2026-08-20 15:02,Email,0
U00266,2026-08-25 10:09,Organic Search,0
U00266,2026-08-25 16:06,Social,1
U00267,2026-08-07 10:46,Social,0
U00267,2026-08-09 16:03,Display,0
U00267,2026-08-19 05:08,Direct,0
U00267,2026-08-19 08:54,Direct,0
U00267,2026-08-20 09:09,Paid Search,0
U00268,2026-08-04 22:11,Social,0
U00268,2026-08-08 20:33,Social,0
U00269,2026-08-13 18:02,Organic Search,0
U00269,2026-08-14 16:30,Paid Search,0
U00269,2026-08-14 19:53,Paid Search,0
U00269,2026-08-17 23:57,Paid Search,0
U00270,2026-08-20 09:29,Social,0
U00270,2026-08-21 23:35,Organic Search,0
U00270,2026-08-21 23:55,Referral,0
U00270,2026-09-01 10:50,Organic Search,1
U00271,2026-08-15 08:10,Organic Search,0
U00271,2026-08-22 14:36,Display,0
U00271,2026-08-28 21:54,Paid Search,0
U00272,2026-08-19 09:40,Display,0
U00272,2026-08-21 15:49,Direct,0
U00272,2026-08-23 15:17,Email,0
U00272,2026-08-29 12:11,Paid Search,0
U00273,2026-08-12 11:45,Organic Search,0
U00274,2026-08-09 15:02,Display,0
U00274,2026-08-11 13:14,Organic Search,0
U00275,2026-09-04 19:01,Organic Search,0
U00275,2026-09-10 14:00,Email,0
U00275,2026-09-10 20:52,Organic Search,0
U00275,2026-09-11 21:49,Organic Search,0
U00275,2026-09-12 10:52,Direct,0
U00276,2026-08-22 14:28,Organic Search,0
U00277,2026-08-04 14:29,Organic Search,0
U00277,2026-08-04 17:33,Direct,0
U00278,2026-09-01 02:50,Direct,0
U00278,2026-09-07 17:07,Paid Search,0
U00279,2026-08-30 02:50,Organic Search,0
U00279,2026-09-03 10:02,Paid Search,0
U00279,2026-09-04 03:28,Paid Search,0
U00279,2026-09-07 12:37,Social,1
U00280,2026-09-09 11:54,Email,0
U00281,2026-08-13 15:57,Organic Search,0
U00282,2026-08-09 06:40,Paid Search,0
U00282,2026-08-10 23:29,Direct,1
U00283,2026-08-09 11:32,Direct,0
U00284,2026-08-24 07:25,Paid Search,0
U00284,2026-08-25 22:25,Paid Search,0
U00284,2026-08-28 17:21,Organic Search,0
U00284,2026-08-28 17:29,Referral,0
U00284,2026-09-03 03:28,Direct,1
U00285,2026-08-01 06:22,Organic Search,0
U00286,2026-09-14 02:48,Social,0
U00286,2026-09-15 06:08,Direct,0
U00286,2026-09-16 14:38,Organic Search,0
U00286,2026-09-16 19:20,Direct,0
U00286,2026-09-17 02:25,Email,0
U00287,2026-09-13 21:40,Organic Search,0
U00287,2026-09-15 19:55,Direct,0
U00288,2026-09-01 03:41,Display,0
U00289,2026-08-24 21:27,Social,0
U00290,2026-09-07 18:12,Display,0
U00291,2026-08-16 03:02,Direct,0
U00291,2026-08-29 07:27,Social,0
U00292,2026-08-01 13:45,Organic Search,0
U00292,2026-08-08 01:06,Email,0
U00292,2026-08-14 01:01,Email,0
U00292,2026-08-28 16:21,Direct,0
U00293,2026-09-07 21:31,Social,0
U00293,2026-09-09 18:49,Direct,0
U00293,2026-09-11 06:45,Email,0
U00293,2026-09-12 12:42,Email,0
U00293,2026-09-13 04:31,Display,0
U00293,2026-09-16 21:27,Direct,0
U00294,2026-08-01 16:40,Social,0
U00294,2026-08-02 05:14,Display,0
U00294,2026-08-04 04:30,Direct,0
U00294,2026-08-05 22:07,Paid Search,0
U00294,2026-08-06 11:31,Paid Search,0
U00294,2026-08-06 16:08,Direct,0
U00294,2026-08-07 00:24,Direct,0
U00295,2026-08-29 11:42,Organic Search,0
U00295,2026-09-03 07:20,Direct,0
U00296,2026-09-06 18:19,Organic Search,0
U00297,2026-09-04 21:09,Social,0
U00297,2026-09-05 11:50,Direct,0
U00298,2026-08-16 23:53,Social,0
U00298,2026-08-19 21:52,Paid Search,0
U00298,2026-08-23 06:50,Paid Search,1
U00299,2026-08-02 00:58,Paid Search,0
U00300,2026-08-03 06:36,Organic Search,0
U00301,2026-08-10 07:06,Social,0
U00301,2026-08-11 13:14,Organic Search,0
U00301,2026-08-13 00:13,Email,0
U00301,2026-08-23 20:51,Organic Search,0
U00302,2026-08-24 10:49,Social,0
U00303,2026-08-21 20:57,Organic Search,0
U00303,2026-08-24 03:25,Paid Search,0
U00303,2026-08-25 00:26,Organic Search,0
U00303,2026-08-26 23:27,Paid Search,0
U00303,2026-08-29 03:34,Social,0
U00304,2026-08-20 05:27,Paid Search,0
U00305,2026-09-14 14:44,Organic Search,0
U00306,2026-09-11 01:52,Display,0
U00306,2026-09-14 00:07,Email,0
U00306,2026-09-14 22:17,Direct,0
U00306,2026-09-16 22:32,Email,0
U00306,2026-09-17 14:20,Organic Search,0
U00307,2026-08-17 01:19,Organic Search,0
U00307,2026-08-18 15:35,Paid Search,0
U00308,2026-08-05 01:02,Organic Search,0
U00308,2026-08-05 07:37,Email,0
U00309,2026-09-07 15:57,Organic Search,0
U00309,2026-09-08 11:04,Paid Search,0
U00310,2026-09-07 10:10,Paid Search,0
U00311,2026-08-16 06:21,Direct,0
U00312,2026-09-02 14:23,Organic Search,0
U00313,2026-08-30 03:42,Display,0
U00313,2026-08-31 23:16,Organic Search,1
U00314,2026-08-20 19:27,Direct,0
U00314,2026-08-27 05:29,Direct,0
U00314,2026-08-28 18:53,Display,0
U00314,2026-08-29 15:09,Direct,0
U00314,2026-08-30 20:22,Organic Search,0
U00314,2026-09-02 04:00,Paid Search,0
U00315,2026-08-20 20:42,Social,0
U00315,2026-08-25 08:31,Paid Search,0
U00315,2026-08-25 17:40,Social,0
U00315,2026-08-25 18:14,Direct,0
U00316,2026-08-31 14:53,Paid Search,0
U00316,2026-09-06 13:54,Social,0
U00316,2026-09-10 05:34,Referral,0
U00316,2026-09-20 16:49,Direct,0
U00316,2026-09-21 15:10,Social,0
U00316,2026-09-26 16:41,Social,0
U00317,2026-08-04 05:51,Organic Search,0
U00317,2026-08-06 18:57,Organic Search,0
U00317,2026-08-07 22:33,Paid Search,0
U00318,2026-09-13 19:19,Paid Search,0
U00318,2026-09-17 08:12,Paid Search,0
U00319,2026-08-21 04:01,Social,0
U00319,2026-08-28 02:00,Paid Search,1
U00320,2026-09-02 13:22,Social,0
U00320,2026-09-07 05:58,Paid Search,0
U00321,2026-09-01 06:03,Direct,0
U00321,2026-09-02 20:59,Organic Search,0
U00321,2026-09-05 21:34,Referral,1
U00322,2026-08-13 01:12,Paid Search,0
U00323,2026-08-01 23:04,Organic Search,0
U00323,2026-08-03 13:10,Display,0
U00324,2026-08-08 03:41,Organic Search,0
U00324,2026-08-08 08:05,Paid Search,0
U00324,2026-08-10 03:14,Direct,0
U00324,2026-08-10 08:47,Email,0
U00324,2026-08-11 01:57,Paid Search,0
U00324,2026-08-12 16:39,Organic Search,1
U00325,2026-08-31 05:03,Direct,0
U00326,2026-08-08 14:27,Direct,0
U00327,2026-09-04 13:28,Referral,0
U00328,2026-08-19 08:29,Social,0
U00328,2026-08-19 13:59,Social,0
U00328,2026-08-20 16:08,Referral,0
U00328,2026-08-26 23:18,Paid Search,0
U00329,2026-08-29 19:44,Display,0
U00329,2026-09-01 10:45,Paid Search,0
U00329,2026-09-03 19:45,Display,0
U00330,2026-09-07 22:13,Direct,0
U00331,2026-08-18 13:27,Social,0
U00332,2026-08-19 21:17,Organic Search,1
U00333,2026-08-11 22:50,Display,0
U00333,2026-08-12 14:37,Paid Search,0
U00333,2026-08-12 21:25,Email,0
U00334,2026-09-14 20:51,Organic Search,0
U00334,2026-09-19 18:46,Paid Search,0
U00334,2026-09-21 23:04,Direct,0
U00335,2026-08-23 01:23,Display,0
U00335,2026-08-24 05:48,Organic Search,1
U00336,2026-08-02 11:28,Social,0
U00336,2026-08-07 00:14,Organic Search,0
U00336,2026-08-08 10:11,Direct,0
U00337,2026-08-30 20:01,Paid Search,0
U00338,2026-08-26 09:06,Social,0
U00338,2026-08-29 01:42,Display,0
U00338,2026-08-29 18:17,Email,0
U00339,2026-09-11 11:49,Display,0
U00339,2026-09-21 01:55,Direct,0
U00339,2026-09-23 10:17,Organic Search,0
U00339,2026-09-27 03:50,Email,0
U00339,2026-09-30 09:06,Organic Search,0
U00339,2026-10-07 06:27,Organic Search,0
U00340,2026-08-23 15:38,Referral,0
U00340,2026-08-27 03:41,Referral,0
U00341,2026-08-29 22:46,Display,0
U00341,2026-08-30 06:44,Paid Search,0
U00342,2026-09-13 07:24,Organic Search,0
U00342,2026-09-20 04:14,Referral,0
U00342,2026-09-21 17:34,Email,0
U00342,2026-09-23 11:10,Organic Search,0
U00342,2026-09-25 10:45,Organic Search,0
U00342,2026-10-02 06:53,Organic Search,0
U00342,2026-10-10 23:27,Email,0
U00342,2026-10-12 23:48,Direct,1
U00343,2026-08-01 11:40,Paid Search,0
U00343,2026-08-06 00:04,Social,0
U00343,2026-08-06 05:21,Email,0
U00344,2026-09-14 19:32,Organic Search,0
U00344,2026-09-15 14:05,Paid Search,0
U00345,2026-08-20 01:40,Paid Search,0
U00345,2026-08-23 06:05,Organic Search,0
U00345,2026-08-23 09:34,Direct,0
U00346,2026-08-14 00:00,Paid Search,0
U00347,2026-08-08 14:10,Organic Search,0
U00348,2026-08-01 23:11,Organic Search,0
U00349,2026-08-27 21:02,Display,0
U00349,2026-08-29 09:40,Direct,0
U00349,2026-09-02 12:08,Display,0
U00349,2026-09-07 21:39,Organic Search,0
U00350,2026-08-20 05:35,Social,0
U00351,2026-08-31 05:16,Paid Search,0
U00352,2026-08-29 19:50,Organic Search,0
U00353,2026-08-11 18:13,Paid Search,0
U00353,2026-08-13 11:25,Direct,0
U00353,2026-08-17 03:15,Paid Search,0
U00354,2026-08-01 05:51,Direct,0
U00354,2026-08-04 04:48,Organic Search,0
U00355,2026-08-04 15:18,Organic Search,0
U00356,2026-08-16 02:53,Referral,0
U00356,2026-08-16 20:05,Display,0
U00356,2026-08-17 01:38,Paid Search,0
U00357,2026-09-09 19:33,Social,0
U00357,2026-09-12 12:10,Organic Search,0
U00357,2026-09-13 09:25,Paid Search,0
U00357,2026-09-16 23:23,Display,0
U00357,2026-09-17 04:58,Email,1
U00358,2026-09-05 22:14,Organic Search,0
U00358,2026-09-06 09:17,Email,1
U00359,2026-09-14 03:15,Organic Search,0
U00359,2026-09-16 18:42,Organic Search,1
U00360,2026-08-03 17:48,Display,0
U00360,2026-08-06 18:11,Email,0
U00361,2026-09-14 00:50,Direct,0
U00361,2026-09-21 06:53,Paid Search,0
U00361,2026-09-21 21:53,Organic Search,0
U00362,2026-09-14 10:42,Paid Search,0
U00363,2026-09-13 04:42,Social,0
U00363,2026-09-16 11:48,Organic Search,0
U00363,2026-09-22 17:44,Direct,0
U00363,2026-09-22 21:21,Direct,0
U00363,2026-09-25 12:01,Paid Search,0
U00363,2026-09-30 08:23,Organic Search,0
U00363,2026-10-01 03:35,Organic Search,0
U00364,2026-08-11 08:48,Display,0
U00365,2026-09-06 03:44,Social,0
U00366,2026-09-06 11:24,Display,0
U00366,2026-09-07 14:23,Paid Search,1
U00367,2026-08-19 18:30,Direct,0
U00368,2026-09-08 00:18,Email,0
U00369,2026-08-08 23:11,Social,0
U00370,2026-09-09 07:39,Display,0
U00370,2026-09-12 15:36,Referral,0
U00370,2026-09-15 04:36,Display,0
U00370,2026-09-16 05:41,Paid Search,0
U00370,2026-09-19 05:45,Social,0
U00371,2026-09-13 21:18,Email,0
U00371,2026-09-17 11:39,Display,0
U00371,2026-09-17 19:59,Email,0
U00371,2026-09-22 20:34,Email,0
U00372,2026-08-01 01:20,Organic Search,0
U00372,2026-08-03 07:59,Referral,0
U00372,2026-08-04 17:15,Direct,0
U00372,2026-08-04 17:57,Social,0
U00373,2026-08-14 12:31,Social,0
U00373,2026-08-19 03:49,Direct,0
U00373,2026-08-19 15:27,Email,0
U00374,2026-08-15 23:00,Organic Search,0
U00375,2026-08-25 10:41,Social,1
U00376,2026-08-13 09:51,Referral,0
U00377,2026-08-26 23:53,Display,0
U00377,2026-08-27 07:50,Email,0
U00378,2026-08-07 06:36,Organic Search,0
U00379,2026-08-24 16:30,Display,0
U00379,2026-08-24 17:17,Social,0
U00379,2026-08-25 02:26,Organic Search,0
U00379,2026-08-26 03:50,Direct,1
U00380,2026-08-16 06:02,Referral,0
U00380,2026-08-18 16:52,Social,0
U00381,2026-08-10 06:47,Organic Search,0
U00381,2026-08-14 17:09,Organic Search,0
U00381,2026-08-19 01:17,Organic Search,0
U00382,2026-08-16 00:32,Display,0
U00382,2026-08-16 12:16,Email,0
U00382,2026-08-17 04:34,Paid Search,0
U00383,2026-08-24 13:36,Social,0
U00383,2026-08-30 23:10,Direct,0
U00383,2026-09-02 04:48,Organic Search,0
U00384,2026-09-10 11:08,Display,0
U00384,2026-09-11 13:23,Organic Search,0
U00385,2026-08-30 21:29,Organic Search,0
U00386,2026-08-19 03:38,Display,0
U00386,2026-08-20 04:04,Paid Search,0
U00387,2026-08-27 17:32,Direct,0
U00387,2026-08-28 03:34,Email,0
U00388,2026-08-15 06:54,Organic Search,0
U00388,2026-08-15 08:18,Email,0
U00388,2026-08-16 06:40,Social,0
U00388,2026-08-25 20:42,Email,0
U00388,2026-08-30 15:39,Paid Search,0
U00389,2026-09-02 15:13,Social,0
U00390,2026-08-06 18:47,Social,0
U00391,2026-08-02 09:11,Paid Search,0
U00392,2026-08-05 09:22,Organic Search,1
U00393,2026-08-07 15:38,Organic Search,0
U00393,2026-08-11 03:26,Email,0
U00394,2026-08-03 04:06,Organic Search,0
U00394,2026-08-14 03:19,Email,0
U00394,2026-08-14 18:19,Direct,0
U00395,2026-08-13 22:40,Organic Search,0
U00395,2026-08-16 20:40,Organic Search,0
U00396,2026-08-08 09:31,Organic Search,0
U00397,2026-08-26 10:46,Paid Search,0
U00397,2026-08-26 15:26,Display,0
U00397,2026-08-29 04:58,Social,0
U00398,2026-08-08 02:12,Referral,0
U00399,2026-08-19 11:06,Organic Search,0
U00399,2026-08-20 09:36,Email,0
U00399,2026-08-22 05:32,Paid Search,0
U00399,2026-08-27 07:26,Direct,1
U00400,2026-08-25 08:54,Paid Search,0
U00400,2026-08-26 03:41,Direct,0
U00400,2026-08-26 08:43,Organic Search,1
U00401,2026-08-15 10:06,Direct,0
U00402,2026-08-05 18:01,Display,0
U00403,2026-08-27 10:21,Organic Search,0
U00404,2026-09-14 14:41,Social,0
U00405,2026-08-17 21:02,Social,0
U00405,2026-08-19 01:59,Paid Search,0
U00406,2026-09-06 21:04,Paid Search,0
U00406,2026-09-07 11:07,Paid Search,1
U00407,2026-09-03 02:12,Organic Search,0
U00408,2026-08-12 12:04,Social,0
U00408,2026-08-15 00:31,Social,0
U00409,2026-09-11 06:05,Direct,0
U00409,2026-09-11 07:12,Display,1
U00410,2026-08-20 04:07,Social,0
U00410,2026-08-22 04:09,Organic Search,0
U00410,2026-08-22 10:44,Organic Search,0
U00410,2026-08-23 13:47,Organic Search,0
U00410,2026-08-25 22:27,Referral,0
U00410,2026-08-29 06:29,Direct,0
U00410,2026-09-01 05:49,Social,1
U00411,2026-08-11 18:56,Display,0
U00411,2026-08-16 22:43,Email,0
U00411,2026-08-18 20:01,Social,0
U00411,2026-08-19 02:44,Referral,0
U00411,2026-08-20 14:46,Social,0
U00411,2026-08-21 12:39,Direct,0
U00411,2026-08-23 01:36,Paid Search,0
U00411,2026-08-26 21:01,Referral,0
U00412,2026-08-06 15:17,Display,0
U00412,2026-08-07 05:02,Display,0
U00412,2026-08-07 10:40,Display,0
U00412,2026-08-08 03:06,Paid Search,0
U00412,2026-08-11 07:54,Email,0
U00412,2026-08-17 21:17,Organic Search,1
U00413,2026-08-01 02:50,Organic Search,0
U00413,2026-08-02 05:33,Direct,0
U00414,2026-09-10 21:38,Direct,0
U00415,2026-08-27 14:05,Social,0
U00416,2026-09-11 10:22,Social,0
U00417,2026-09-02 17:30,Organic Search,0
U00418,2026-08-20 11:18,Paid Search,0
U00418,2026-08-22 06:08,Display,0
U00419,2026-08-01 06:00,Social,0
U00419,2026-08-01 23:09,Display,1
U00420,2026-08-13 04:44,Organic Search,0
U00420,2026-08-17 07:55,Organic Search,0
U00420,2026-08-26 08:21,Display,0
U00421,2026-09-11 03:04,Paid Search,0
U00421,2026-09-11 11:31,Display,0
U00421,2026-09-12 05:33,Social,1
U00422,2026-08-04 13:59,Paid Search,1
U00423,2026-08-09 08:23,Paid Search,0
U00423,2026-08-10 02:59,Display,0
U00423,2026-08-16 13:08,Paid Search,0
U00423,2026-08-18 13:41,Email,0
U00423,2026-08-25 05:49,Display,0
U00423,2026-08-25 21:12,Paid Search,0
U00423,2026-08-30 12:07,Organic Search,0
U00423,2026-09-04 02:25,Referral,0
U00424,2026-08-08 04:32,Paid Search,0
U00424,2026-08-12 15:40,Email,0
U00425,2026-08-11 11:34,Social,0
U00426,2026-09-03 20:46,Email,0
U00427,2026-09-07 22:44,Social,0
U00427,2026-09-09 15:52,Referral,0
U00427,2026-09-12 00:54,Paid Search,0
U00428,2026-08-06 14:32,Organic Search,0
U00428,2026-08-07 16:39,Paid Search,0
U00428,2026-08-10 10:49,Direct,0
U00428,2026-08-10 16:52,Organic Search,0
U00428,2026-08-13 09:09,Direct,0
U00428,2026-08-14 00:20,Paid Search,1
U00429,2026-08-09 22:46,Organic Search,0
U00429,2026-08-14 05:26,Display,0
U00429,2026-08-17 01:13,Paid Search,0
U00429,2026-08-17 10:10,Email,1
U00430,2026-08-28 23:53,Display,0
U00431,2026-08-20 01:37,Organic Search,0
U00431,2026-08-23 17:43,Paid Search,0
U00432,2026-09-11 20:15,Direct,0
U00432,2026-09-16 04:58,Paid Search,1
U00433,2026-08-01 02:16,Display,1
U00434,2026-08-18 09:17,Display,0
U00434,2026-08-19 05:40,Social,0
U00434,2026-08-20 07:20,Email,0
U00435,2026-08-23 16:37,Referral,0
U00436,2026-08-17 00:37,Social,0
U00437,2026-08-09 09:11,Social,0
U00437,2026-08-10 19:09,Email,1
U00438,2026-08-10 19:33,Paid Search,0
U00438,2026-08-12 19:38,Paid Search,1
U00439,2026-09-08 22:17,Direct,0
U00440,2026-08-21 06:21,Direct,0
U00440,2026-08-23 11:50,Referral,0
U00441,2026-08-23 17:56,Direct,0
U00442,2026-08-03 06:24,Organic Search,0
U00442,2026-08-04 22:21,Display,0
U00442,2026-08-07 17:52,Organic Search,0
U00442,2026-08-11 22:36,Display,0
U00442,2026-08-12 12:05,Email,0
U00442,2026-08-13 11:03,Email,0
U00442,2026-08-16 12:05,Paid Search,1
U00443,2026-08-25 01:54,Email,0
U00444,2026-08-16 00:25,Organic Search,0
U00444,2026-08-17 12:33,Paid Search,0
U00444,2026-08-19 20:24,Paid Search,0
U00444,2026-08-20 03:03,Direct,0
U00444,2026-08-24 01:10,Social,0
U00445,2026-08-20 23:21,Social,0
U00445,2026-08-25 15:40,Organic Search,0
U00445,2026-08-26 05:00,Email,0
U00445,2026-08-28 13:53,Display,0
U00445,2026-08-29 23:58,Paid Search,1
U00446,2026-09-05 09:25,Display,0
U00446,2026-09-08 12:47,Direct,0
U00446,2026-09-12 05:48,Email,0
U00446,2026-09-12 13:53,Display,0
U00446,2026-09-19 00:17,Referral,0
U00446,2026-09-22 22:34,Direct,0
U00447,2026-08-01 19:08,Display,0
U00447,2026-08-03 08:39,Email,0
U00447,2026-08-04 22:37,Paid Search,0
U00447,2026-08-09 18:09,Paid Search,1
U00448,2026-08-30 10:51,Organic Search,0
U00449,2026-09-04 17:43,Paid Search,0
U00450,2026-08-08 02:13,Email,0
U00451,2026-08-22 05:45,Email,0
U00451,2026-08-25 08:09,Paid Search,1
U00452,2026-09-10 21:17,Organic Search,0
U00452,2026-09-14 02:56,Direct,0
U00452,2026-09-15 06:25,Paid Search,0
U00453,2026-09-08 19:00,Organic Search,0
U00454,2026-08-24 17:03,Direct,0
U00455,2026-08-14 17:36,Social,0
U00456,2026-09-08 21:02,Display,0
U00457,2026-08-10 14:17,Display,0
U00458,2026-08-01 18:20,Organic Search,0
U00458,2026-08-03 02:29,Direct,0
U00458,2026-08-08 08:32,Social,0
U00458,2026-08-11 01:13,Paid Search,0
U00458,2026-08-13 00:21,Organic Search,0
U00458,2026-08-13 07:36,Referral,0
U00459,2026-08-25 20:25,Paid Search,0
U00460,2026-08-03 09:49,Email,0
U00460,2026-08-07 05:06,Email,0
U00461,2026-08-30 07:33,Email,0
U00462,2026-08-03 01:50,Display,0
U00463,2026-09-01 21:44,Organic Search,0
U00463,2026-09-03 17:15,Organic Search,0
U00463,2026-09-06 11:29,Display,0
U00463,2026-09-10 05:45,Display,0
U00464,2026-09-08 09:22,Social,0
U00464,2026-09-08 18:06,Social,0
U00464,2026-09-10 16:42,Direct,0
U00465,2026-09-03 13:25,Organic Search,0
U00465,2026-09-07 02:05,Organic Search,0
U00465,2026-09-13 09:35,Email,0
U00465,2026-09-15 06:22,Email,1
U00466,2026-08-19 15:17,Display,0
U00466,2026-08-21 19:30,Organic Search,0
U00467,2026-09-13 07:41,Paid Search,0
U00467,2026-09-17 11:08,Social,0
U00467,2026-09-19 02:18,Organic Search,0
U00467,2026-09-21 09:00,Paid Search,0
U00467,2026-09-25 00:31,Social,1
U00468,2026-08-08 06:20,Organic Search,0
U00468,2026-08-09 02:13,Referral,0
U00468,2026-08-14 13:23,Direct,0
U00468,2026-08-16 00:31,Email,0
U00469,2026-08-13 05:40,Organic Search,0
U00470,2026-08-19 00:02,Paid Search,0
U00471,2026-08-16 21:45,Display,0
U00471,2026-08-20 05:29,Organic Search,0
U00471,2026-08-20 08:16,Paid Search,0
U00472,2026-08-10 11:51,Paid Search,0
U00473,2026-09-12 13:12,Organic Search,0
U00473,2026-09-16 03:09,Email,0
U00474,2026-09-14 15:58,Social,0
U00474,2026-09-18 01:13,Paid Search,0
U00474,2026-09-21 17:39,Email,0
U00474,2026-09-26 06:09,Display,1
U00475,2026-09-07 16:11,Organic Search,0
U00476,2026-09-04 20:22,Social,0
U00476,2026-09-08 12:11,Organic Search,0
U00476,2026-09-11 03:44,Direct,0
U00477,2026-09-10 03:47,Organic Search,0
U00478,2026-09-06 15:03,Social,0
U00478,2026-09-07 02:11,Email,0
U00479,2026-09-11 05:10,Display,0
U00480,2026-08-18 18:06,Display,0
U00481,2026-09-04 13:58,Organic Search,0
U00481,2026-09-05 02:59,Email,0
U00481,2026-09-06 10:46,Social,0
U00482,2026-09-10 08:48,Paid Search,0
U00482,2026-09-10 16:47,Paid Search,0
U00482,2026-09-12 07:03,Paid Search,0
U00483,2026-09-07 16:15,Paid Search,0
U00483,2026-09-08 11:27,Referral,0
U00483,2026-09-09 01:02,Email,0
U00483,2026-09-12 07:18,Social,1
U00484,2026-09-11 02:28,Social,0
U00484,2026-09-11 02:44,Paid Search,0
U00484,2026-09-12 07:24,Email,0
U00485,2026-08-02 09:59,Social,0
U00486,2026-08-11 17:56,Organic Search,0
U00486,2026-08-26 00:35,Referral,0
U00486,2026-08-30 17:24,Email,0
U00486,2026-08-30 19:29,Organic Search,0
U00486,2026-08-31 11:28,Email,1
U00487,2026-08-12 03:47,Social,0
U00487,2026-08-12 21:02,Paid Search,0
U00487,2026-08-13 10:29,Referral,1
U00488,2026-08-11 13:09,Social,0
U00488,2026-08-14 01:59,Referral,0
U00489,2026-08-19 10:12,Social,0
U00490,2026-09-02 16:05,Referral,0
U00490,2026-09-05 08:21,Direct,0
U00490,2026-09-06 23:39,Email,0
U00490,2026-09-07 00:00,Social,0
U00490,2026-09-10 13:59,Email,0
U00490,2026-09-16 14:21,Social,0
U00490,2026-10-04 03:30,Direct,0
U00491,2026-09-02 08:28,Paid Search,0
U00491,2026-09-05 19:23,Social,0
U00492,2026-08-04 04:25,Email,0
U00493,2026-09-10 23:33,Paid Search,0
U00494,2026-09-01 02:36,Social,0
U00495,2026-08-15 23:31,Social,0
U00495,2026-08-17 14:48,Referral,0
U00495,2026-08-17 18:06,Organic Search,0
U00495,2026-08-21 23:21,Social,0
U00495,2026-08-24 10:59,Paid Search,0
U00495,2026-08-27 09:41,Direct,0
U00496,2026-09-13 22:11,Social,0
U00497,2026-08-18 10:29,Social,0
U00497,2026-08-20 17:26,Email,0
U00497,2026-08-21 00:32,Email,0
U00497,2026-08-23 11:09,Email,0
U00498,2026-09-06 17:23,Referral,0
U00498,2026-09-08 15:25,Direct,0
U00499,2026-08-25 09:52,Display,0
U00499,2026-08-25 16:25,Referral,0
U00499,2026-08-31 08:05,Paid Search,0
U00500,2026-08-31 03:28,Direct,0
U00501,2026-09-04 13:55,Social,0
U00501,2026-09-06 14:39,Organic Search,0
U00501,2026-09-07 13:59,Paid Search,0
U00502,2026-09-11 00:40,Organic Search,0
U00502,2026-09-13 03:44,Email,0
U00502,2026-09-15 11:38,Paid Search,1
U00503,2026-08-13 01:39,Social,0
U00503,2026-08-19 05:02,Direct,0
U00504,2026-08-26 01:21,Referral,0
U00504,2026-08-28 13:03,Email,0
U00504,2026-08-30 12:16,Direct,0
U00505,2026-08-29 18:01,Email,0
U00505,2026-09-01 00:47,Paid Search,0
U00506,2026-08-28 21:49,Display,0
U00507,2026-08-02 15:18,Display,0
U00507,2026-08-04 00:23,Direct,0
U00507,2026-08-06 06:06,Direct,0
U00508,2026-09-06 13:07,Organic Search,0
U00509,2026-09-04 01:34,Organic Search,0
U00509,2026-09-11 06:11,Paid Search,0
U00509,2026-09-11 08:47,Display,1
U00510,2026-09-05 01:07,Display,0
U00510,2026-09-07 16:04,Paid Search,0
U00510,2026-09-08 17:41,Paid Search,0
U00510,2026-09-11 00:06,Social,0
U00510,2026-09-11 01:30,Direct,0
U00510,2026-09-12 02:10,Referral,0
U00510,2026-09-14 23:51,Social,0
U00511,2026-08-31 14:29,Paid Search,0
U00511,2026-09-12 20:06,Email,0
U00511,2026-09-17 16:24,Paid Search,0
U00511,2026-09-18 06:29,Email,0
U00512,2026-08-22 23:18,Display,0
U00513,2026-08-24 15:30,Social,0
U00513,2026-08-27 07:30,Paid Search,0
U00513,2026-08-27 11:19,Email,0
U00513,2026-08-30 02:46,Paid Search,0
U00513,2026-08-31 15:07,Direct,0
U00513,2026-09-04 10:36,Display,1
U00514,2026-08-03 11:40,Display,0
U00515,2026-08-06 20:24,Social,0
U00515,2026-08-07 11:54,Direct,0
U00515,2026-08-08 17:25,Email,0
U00515,2026-08-09 03:06,Organic Search,0
U00515,2026-08-10 13:44,Organic Search,0
U00515,2026-08-13 10:06,Paid Search,0
U00516,2026-08-22 04:12,Paid Search,0
U00516,2026-08-22 06:51,Direct,0
U00516,2026-08-23 01:17,Email,0
U00516,2026-08-23 08:13,Email,0
U00517,2026-08-10 04:35,Email,0
U00517,2026-08-14 17:37,Display,0
U00517,2026-08-19 06:38,Display,0
U00517,2026-08-24 22:17,Paid Search,1
U00518,2026-09-06 10:32,Organic Search,0
U00518,2026-09-06 13:23,Email,0
U00518,2026-09-11 21:01,Direct,0
U00518,2026-09-14 12:08,Organic Search,1
U00519,2026-09-03 15:44,Organic Search,0
U00520,2026-09-02 09:40,Social,0
U00520,2026-09-04 03:16,Direct,0
U00520,2026-09-05 00:11,Social,0
U00520,2026-09-06 18:25,Email,0
U00520,2026-09-10 04:51,Social,0
U00520,2026-09-10 23:56,Direct,0
U00520,2026-09-14 06:37,Referral,0
U00521,2026-08-29 05:51,Display,0
U00522,2026-08-16 19:51,Display,0
U00523,2026-09-09 13:21,Referral,0
U00523,2026-09-12 10:42,Email,0
U00523,2026-09-14 10:16,Paid Search,0
U00523,2026-09-15 13:51,Organic Search,1
U00524,2026-08-07 06:25,Social,0
U00525,2026-08-08 04:51,Email,0
U00526,2026-09-09 22:40,Organic Search,0
U00526,2026-09-11 20:08,Referral,0
U00527,2026-08-04 14:52,Social,0
U00528,2026-08-08 10:11,Paid Search,0
U00528,2026-08-08 23:43,Display,0
U00528,2026-08-10 02:24,Paid Search,0
U00528,2026-08-26 07:43,Paid Search,0
U00528,2026-08-28 11:58,Paid Search,1
U00529,2026-08-02 11:30,Organic Search,0
U00529,2026-08-03 17:39,Organic Search,0
U00530,2026-08-02 19:39,Paid Search,0
U00531,2026-09-09 18:16,Referral,0
U00532,2026-08-09 04:06,Social,0
U00532,2026-08-10 03:10,Direct,0
U00532,2026-08-11 15:23,Paid Search,0
U00532,2026-08-12 15:37,Paid Search,0
U00533,2026-08-15 07:49,Paid Search,0
U00534,2026-08-22 18:35,Organic Search,0
U00535,2026-08-26 14:24,Paid Search,0
U00535,2026-08-26 17:58,Direct,1
U00536,2026-08-19 12:16,Referral,0
U00537,2026-08-22 20:44,Social,0
U00538,2026-09-01 02:16,Social,0
U00538,2026-09-05 03:06,Email,0
U00538,2026-09-05 23:15,Organic Search,0
U00539,2026-09-03 10:00,Social,0
U00539,2026-09-03 20:28,Social,0
U00539,2026-09-08 21:09,Email,0
U00539,2026-09-12 20:45,Paid Search,0
U00539,2026-09-15 00:40,Paid Search,0
U00539,2026-09-19 23:31,Paid Search,1
U00540,2026-09-12 14:00,Email,0
U00541,2026-08-26 01:29,Organic Search,0
U00541,2026-08-26 22:43,Paid Search,0
U00542,2026-08-06 00:26,Display,0
U00542,2026-08-15 15:22,Paid Search,1
U00543,2026-09-06 13:17,Social,0
U00543,2026-09-06 15:15,Paid Search,0
U00543,2026-09-11 18:18,Organic Search,1
U00544,2026-08-14 18:51,Social,0
U00544,2026-08-22 12:11,Email,0
U00544,2026-08-26 14:08,Display,0
U00545,2026-08-29 22:31,Organic Search,0
U00545,2026-08-30 22:37,Email,0
U00545,2026-08-31 01:27,Email,0
U00545,2026-08-31 06:56,Email,1
U00546,2026-09-04 19:42,Paid Search,0
U00546,2026-09-06 13:55,Display,0
U00547,2026-09-06 08:48,Social,0
U00547,2026-09-06 23:19,Organic Search,0
U00548,2026-08-10 02:40,Email,0
U00549,2026-08-24 20:11,Organic Search,0
U00550,2026-08-14 14:34,Social,0
U00551,2026-08-11 04:00,Paid Search,0
U00551,2026-08-12 22:58,Organic Search,0
U00552,2026-09-03 15:15,Email,0
U00552,2026-09-06 12:23,Direct,1
U00553,2026-08-01 23:02,Organic Search,0
U00553,2026-08-08 00:39,Email,0
U00553,2026-08-10 05:40,Organic Search,0
U00554,2026-09-11 16:25,Display,0
U00554,2026-09-12 12:07,Email,0
U00555,2026-08-28 15:22,Social,0
U00556,2026-08-30 03:40,Organic Search,0
U00556,2026-09-03 11:48,Organic Search,0
U00556,2026-09-05 18:04,Direct,0
U00557,2026-08-20 07:38,Display,0
U00558,2026-08-18 12:17,Organic Search,0
U00559,2026-08-23 22:07,Paid Search,0
U00559,2026-08-24 23:47,Direct,0
U00559,2026-08-26 00:14,Social,0
U00559,2026-08-28 00:25,Direct,0
U00559,2026-09-05 21:58,Organic Search,0
U00559,2026-09-07 10:14,Display,1
U00560,2026-08-02 14:30,Paid Search,0
U00560,2026-08-03 09:49,Email,0
U00560,2026-08-04 01:14,Paid Search,0
U00560,2026-08-06 09:29,Referral,0
U00561,2026-08-16 02:50,Display,0
U00561,2026-08-22 22:12,Email,0
U00561,2026-08-23 16:54,Organic Search,0
U00562,2026-08-07 20:09,Referral,0
U00562,2026-08-13 19:42,Organic Search,0
U00562,2026-08-23 20:18,Direct,0
U00562,2026-08-24 02:37,Organic Search,0
U00563,2026-08-05 08:46,Organic Search,0
U00563,2026-08-06 18:46,Social,0
U00564,2026-08-04 01:12,Social,0
U00564,2026-08-04 23:59,Organic Search,0
U00564,2026-08-06 11:41,Organic Search,0
U00565,2026-08-12 02:00,Paid Search,0
U00566,2026-09-11 14:24,Organic Search,0
U00566,2026-09-11 15:35,Organic Search,0
U00566,2026-09-12 05:23,Paid Search,0
U00566,2026-09-13 06:01,Paid Search,0
U00566,2026-09-14 05:11,Direct,0
U00566,2026-09-17 13:59,Social,0
U00567,2026-08-12 10:07,Organic Search,0
U00567,2026-08-16 11:59,Paid Search,0
U00567,2026-08-18 10:57,Social,0
U00568,2026-08-04 20:11,Paid Search,0
U00568,2026-08-13 08:36,Direct,0
U00568,2026-08-16 02:11,Organic Search,0
U00569,2026-08-03 09:48,Social,0
U00569,2026-08-04 03:37,Email,0
U00570,2026-08-14 22:47,Social,0
U00571,2026-08-28 02:05,Direct,0
U00571,2026-09-03 02:49,Paid Search,0
U00571,2026-09-03 13:41,Social,0
U00572,2026-09-06 10:17,Organic Search,0
U00572,2026-09-10 07:17,Direct,0
U00573,2026-08-28 04:05,Email,0
U00573,2026-08-29 16:08,Email,0
U00574,2026-09-09 10:39,Display,0
U00574,2026-09-17 10:28,Display,0
U00575,2026-09-01 10:54,Paid Search,0
U00575,2026-09-03 05:38,Direct,0
U00576,2026-08-10 15:57,Organic Search,0
U00577,2026-08-13 09:25,Display,0
U00578,2026-08-03 23:35,Organic Search,0
U00579,2026-09-13 08:53,Organic Search,0
U00580,2026-09-10 11:05,Display,0
U00581,2026-08-04 17:43,Display,0
U00581,2026-08-09 22:57,Social,0
U00582,2026-09-05 18:04,Display,0
U00583,2026-08-10 15:52,Referral,0
U00583,2026-08-13 11:50,Social,0
U00583,2026-08-18 05:41,Email,1
U00584,2026-08-18 18:08,Display,0
U00584,2026-08-25 00:51,Direct,0
U00584,2026-08-27 10:11,Paid Search,1
U00585,2026-08-28 11:10,Organic Search,0
U00585,2026-08-29 09:46,Direct,0
U00585,2026-08-30 02:53,Organic Search,0
U00585,2026-08-30 20:51,Email,0
U00585,2026-09-02 15:41,Organic Search,0
U00585,2026-09-03 09:50,Paid Search,0
U00585,2026-09-05 01:29,Paid Search,0
U00586,2026-09-08 15:41,Organic Search,0
U00587,2026-08-21 12:37,Organic Search,0
U00587,2026-08-22 17:54,Organic Search,0
U00587,2026-08-22 22:58,Email,0
U00588,2026-08-24 14:34,Social,0
U00588,2026-08-27 07:53,Display,0
U00589,2026-09-01 18:24,Organic Search,0
U00589,2026-09-02 16:24,Organic Search,0
U00589,2026-09-02 17:19,Social,0
U00589,2026-09-05 02:54,Social,1
U00590,2026-09-01 12:52,Social,0
U00590,2026-09-13 14:14,Social,0
U00591,2026-08-21 10:03,Organic Search,0
U00591,2026-08-25 11:03,Social,0
U00592,2026-09-10 13:47,Social,0
U00592,2026-09-11 13:34,Social,0
U00592,2026-09-11 14:26,Referral,0
U00593,2026-09-10 23:01,Social,0
U00593,2026-09-12 07:27,Referral,0
U00594,2026-08-25 03:40,Organic Search,0
U00594,2026-08-27 16:52,Direct,0
U00594,2026-08-30 11:41,Organic Search,0
U00594,2026-08-30 18:04,Social,0
U00595,2026-09-12 05:23,Social,0
U00595,2026-09-12 07:23,Organic Search,0
U00595,2026-09-15 17:54,Referral,0
U00595,2026-09-19 06:49,Paid Search,0
U00596,2026-09-04 10:49,Display,0
U00596,2026-09-05 08:15,Paid Search,0
U00596,2026-09-10 13:09,Direct,0
U00596,2026-09-13 11:50,Organic Search,1
U00597,2026-08-06 16:20,Social,0
U00597,2026-08-08 05:11,Display,0
U00598,2026-08-30 12:17,Paid Search,0
U00599,2026-08-11 16:25,Display,0
U00600,2026-08-16 04:34,Social,0
U00600,2026-08-19 22:39,Display,0
U00601,2026-08-13 01:52,Email,0
U00601,2026-08-13 08:11,Email,0
U00601,2026-08-15 22:11,Direct,0
U00602,2026-08-19 22:38,Social,0
U00602,2026-08-20 04:47,Social,0
U00602,2026-08-20 05:33,Paid Search,0
U00602,2026-08-20 22:37,Display,0
U00602,2026-08-21 05:16,Direct,0
U00602,2026-08-23 16:32,Display,0
U00602,2026-08-23 16:55,Display,0
U00602,2026-08-26 04:17,Organic Search,0
U00603,2026-08-18 22:08,Social,0
U00604,2026-08-07 15:43,Email,0
U00604,2026-08-09 08:21,Paid Search,0
U00605,2026-08-03 17:25,Paid Search,0
U00606,2026-09-13 00:02,Organic Search,0
U00606,2026-09-14 08:30,Paid Search,0
U00607,2026-08-30 10:05,Organic Search,0
U00608,2026-08-27 02:29,Referral,0
U00608,2026-08-31 08:16,Organic Search,0
U00608,2026-09-01 07:47,Email,0
U00608,2026-09-02 05:34,Paid Search,0
U00608,2026-09-04 19:11,Email,0
U00608,2026-09-05 02:46,Email,0
U00608,2026-09-05 10:27,Paid Search,1
U00609,2026-08-02 09:21,Organic Search,0
U00609,2026-08-10 06:23,Display,0
U00609,2026-08-11 22:24,Organic Search,0
U00609,2026-08-12 06:46,Direct,0
U00609,2026-08-12 17:44,Referral,0
U00609,2026-08-21 10:13,Paid Search,0
U00609,2026-08-23 08:05,Referral,1
U00610,2026-08-27 08:17,Social,0
U00610,2026-08-28 12:23,Social,0
U00610,2026-08-29 10:29,Direct,0
U00610,2026-08-31 04:22,Email,1
U00611,2026-08-26 11:32,Paid Search,0
U00611,2026-08-26 17:31,Direct,1
U00612,2026-08-23 01:06,Organic Search,0
U00612,2026-08-23 08:42,Organic Search,0
U00613,2026-09-12 05:16,Social,0
U00614,2026-09-08 11:53,Organic Search,0
U00614,2026-09-11 14:35,Organic Search,0
U00615,2026-09-04 08:12,Display,0
U00615,2026-09-06 07:16,Display,0
U00616,2026-08-13 19:06,Referral,0
U00616,2026-08-14 13:31,Paid Search,0
U00616,2026-08-15 00:38,Direct,0
U00617,2026-09-08 16:00,Display,0
U00617,2026-09-08 18:58,Social,0
U00617,2026-09-09 00:03,Paid Search,0
U00617,2026-09-17 14:17,Display,0
U00617,2026-09-20 04:33,Paid Search,1
U00618,2026-09-02 16:59,Social,0
U00618,2026-09-06 17:03,Email,0
U00618,2026-09-08 03:46,Organic Search,1
U00619,2026-09-13 06:27,Organic Search,0
U00620,2026-08-20 01:41,Paid Search,0
U00621,2026-08-19 02:09,Display,0
U00622,2026-09-06 05:56,Display,0
U00622,2026-09-06 07:54,Organic Search,0
U00623,2026-09-13 15:00,Social,0
U00623,2026-09-14 06:59,Direct,0
U00623,2026-09-15 15:26,Social,0
U00623,2026-09-15 18:41,Social,0
U00623,2026-09-19 07:29,Email,0
U00624,2026-08-29 09:51,Social,0
U00624,2026-08-29 14:48,Social,0
U00624,2026-09-01 09:23,Paid Search,0
U00625,2026-08-09 01:56,Direct,0
U00625,2026-08-11 04:39,Social,0
U00625,2026-08-11 04:56,Paid Search,0
U00626,2026-09-12 05:11,Organic Search,0
U00627,2026-08-09 17:21,Social,0
U00627,2026-08-11 03:33,Direct,0
U00627,2026-08-12 20:26,Social,1
U00628,2026-08-18 06:30,Paid Search,0
U00628,2026-08-24 08:11,Organic Search,0
U00629,2026-09-03 23:37,Social,0
U00629,2026-09-05 07:34,Email,0
U00629,2026-09-08 19:21,Paid Search,0
U00629,2026-09-10 05:09,Direct,0
U00629,2026-09-11 08:35,Direct,0
U00629,2026-09-11 11:41,Paid Search,1
U00630,2026-08-21 23:14,Organic Search,0
U00630,2026-08-27 23:29,Organic Search,0
U00631,2026-09-08 19:05,Organic Search,0
U00632,2026-08-01 05:42,Email,0
U00632,2026-08-06 01:42,Social,0
U00632,2026-08-06 07:11,Direct,0
U00633,2026-08-14 09:26,Display,0
U00633,2026-08-17 05:20,Display,0
U00633,2026-08-23 23:56,Social,0
U00633,2026-08-24 14:51,Paid Search,0
U00633,2026-08-25 11:39,Display,0
U00633,2026-08-27 06:54,Paid Search,0
U00633,2026-08-28 07:06,Display,0
U00633,2026-08-30 17:59,Email,1
U00634,2026-08-02 01:22,Direct,0
U00634,2026-08-05 12:33,Organic Search,0
U00634,2026-08-09 17:05,Paid Search,1
U00635,2026-09-13 06:04,Display,0
U00635,2026-09-20 15:56,Paid Search,0
U00635,2026-09-21 01:21,Organic Search,0
U00635,2026-09-21 16:35,Organic Search,0
U00636,2026-08-12 21:39,Social,0
U00636,2026-08-16 15:21,Direct,0
U00636,2026-08-17 22:31,Paid Search,0
U00636,2026-08-24 10:55,Direct,0
U00637,2026-08-02 15:35,Direct,0
U00637,2026-08-04 23:06,Paid Search,0
U00637,2026-08-06 17:34,Organic Search,0
U00637,2026-08-12 02:58,Email,0
U00637,2026-08-13 09:22,Display,0
U00637,2026-08-13 22:27,Organic Search,0
U00638,2026-09-06 23:16,Social,0
U00638,2026-09-07 13:03,Direct,0
U00639,2026-08-23 05:19,Paid Search,0
U00639,2026-08-24 16:46,Paid Search,0
U00640,2026-08-09 14:48,Social,0
U00641,2026-08-08 16:17,Display,0
U00642,2026-09-06 22:59,Social,0
U00643,2026-08-16 14:14,Social,0
U00643,2026-08-17 11:34,Direct,0
U00643,2026-08-19 15:46,Direct,0
U00643,2026-08-20 04:14,Organic Search,0
U00643,2026-08-22 01:42,Display,0
U00643,2026-08-23 07:51,Email,0
U00643,2026-08-28 17:48,Email,1
U00644,2026-09-13 21:46,Organic Search,0
U00644,2026-09-15 05:46,Referral,1
U00645,2026-08-13 06:36,Paid Search,0
U00645,2026-08-23 08:31,Direct,1
U00646,2026-08-26 05:28,Social,0
U00646,2026-08-28 00:20,Organic Search,0
U00646,2026-08-30 23:44,Paid Search,0
U00647,2026-09-08 07:00,Paid Search,0
U00647,2026-09-12 19:45,Email,0
U00648,2026-09-12 23:59,Organic Search,0
U00649,2026-09-08 12:46,Social,0
U00649,2026-09-10 06:58,Organic Search,0
U00649,2026-09-12 21:34,Organic Search,0
U00650,2026-08-09 16:42,Social,0
U00650,2026-08-11 20:24,Organic Search,0
U00650,2026-08-12 04:09,Referral,0
U00650,2026-08-15 12:07,Display,0
U00651,2026-08-07 08:47,Email,0
U00651,2026-08-07 16:17,Direct,0
U00652,2026-08-12 11:08,Paid Search,0
U00653,2026-08-10 20:30,Referral,0
U00653,2026-08-19 17:34,Paid Search,0
U00654,2026-08-09 15:17,Organic Search,0
U00655,2026-08-29 05:44,Social,0
U00655,2026-08-31 07:41,Email,0
U00655,2026-08-31 11:07,Display,0
U00656,2026-08-23 16:11,Organic Search,0
U00657,2026-09-06 07:13,Organic Search,0
U00657,2026-09-07 09:17,Organic Search,0
U00658,2026-08-06 16:40,Organic Search,0
U00658,2026-08-13 11:10,Paid Search,0
U00659,2026-08-10 17:18,Social,0
U00659,2026-08-15 13:18,Referral,0
U00659,2026-08-19 08:28,Paid Search,0
U00660,2026-09-14 14:02,Organic Search,0
U00660,2026-09-17 16:07,Email,0
U00660,2026-09-20 15:41,Referral,1
U00661,2026-09-11 16:18,Social,0
U00661,2026-09-13 06:42,Email,0
U00661,2026-09-15 06:13,Organic Search,0
U00661,2026-09-16 13:44,Organic Search,0
U00661,2026-09-17 19:22,Organic Search,0
U00661,2026-09-23 04:45,Direct,1
U00662,2026-08-29 02:36,Social,0
U00662,2026-09-01 13:27,Referral,0
U00662,2026-09-03 10:57,Email,0
U00662,2026-09-05 17:59,Display,0
U00662,2026-09-06 16:59,Direct,0
U00662,2026-09-14 04:27,Paid Search,1
U00663,2026-09-04 04:16,Organic Search,0
U00663,2026-09-04 14:05,Email,0
U00663,2026-09-09 15:54,Organic Search,0
U00664,2026-08-18 20:40,Direct,0
U00664,2026-08-28 11:15,Organic Search,0
U00664,2026-08-29 06:14,Organic Search,0
U00664,2026-08-29 07:56,Email,0
U00664,2026-08-29 20:30,Email,0
U00665,2026-09-01 17:18,Paid Search,0
U00665,2026-09-09 13:08,Organic Search,0
U00665,2026-09-09 20:40,Social,0
U00665,2026-09-15 03:50,Paid Search,0
U00665,2026-09-25 08:27,Direct,0
U00665,2026-09-28 04:28,Email,1
U00666,2026-09-13 10:55,Social,1
U00667,2026-08-14 08:43,Direct,0
U00667,2026-08-17 21:05,Direct,0
U00668,2026-08-18 13:56,Paid Search,0
U00668,2026-08-20 12:41,Referral,0
U00668,2026-08-21 06:08,Email,0
U00668,2026-09-01 11:04,Paid Search,0
U00668,2026-09-02 19:39,Organic Search,0
U00668,2026-09-03 12:33,Paid Search,1
U00669,2026-08-24 02:36,Direct,0
U00669,2026-08-24 14:13,Referral,0
U00670,2026-08-30 23:02,Email,0
U00670,2026-08-30 23:36,Paid Search,0
U00670,2026-08-31 04:09,Paid Search,1
U00671,2026-08-03 03:07,Social,0
U00671,2026-08-03 19:50,Direct,0
U00671,2026-08-08 06:46,Organic Search,0
U00671,2026-08-09 00:17,Email,1
U00672,2026-08-08 10:52,Email,0
U00672,2026-08-10 17:18,Organic Search,0
U00673,2026-09-14 22:24,Direct,0
U00673,2026-09-15 00:38,Organic Search,0
U00673,2026-09-15 11:31,Email,0
U00673,2026-09-20 16:29,Email,0
U00674,2026-08-02 04:03,Social,0
U00674,2026-08-02 05:51,Organic Search,0
U00674,2026-08-04 15:18,Direct,0
U00674,2026-08-10 23:56,Paid Search,0
U00675,2026-08-01 19:19,Direct,0
U00675,2026-08-02 22:46,Email,0
U00675,2026-08-03 19:31,Paid Search,1
U00676,2026-08-15 14:49,Display,0
U00677,2026-09-08 00:47,Display,0
U00678,2026-09-08 22:38,Organic Search,0
U00678,2026-09-11 14:18,Email,0
U00678,2026-09-15 06:08,Organic Search,0
U00678,2026-09-20 15:39,Email,0
U00679,2026-09-13 09:16,Display,0
U00679,2026-09-20 07:14,Paid Search,0
U00679,2026-09-20 09:27,Paid Search,0
U00680,2026-08-14 23:03,Display,0
U00680,2026-08-15 01:27,Social,0
U00680,2026-08-17 11:00,Social,0
U00680,2026-08-17 20:28,Direct,0
U00681,2026-08-16 23:32,Display,0
U00681,2026-08-29 00:09,Paid Search,0
U00682,2026-08-21 05:18,Email,0
U00682,2026-08-21 06:13,Direct,0
U00682,2026-08-22 02:00,Direct,0
U00683,2026-08-02 20:04,Organic Search,0
U00683,2026-08-07 03:45,Organic Search,0
U00684,2026-08-05 16:03,Social,0
U00684,2026-08-12 09:10,Organic Search,0
U00684,2026-08-18 07:51,Email,0
U00684,2026-08-19 17:55,Email,0
U00685,2026-08-20 19:57,Social,0
U00686,2026-08-20 18:34,Display,0
U00686,2026-08-22 08:08,Organic Search,0
U00687,2026-08-20 18:30,Paid Search,0
U00687,2026-08-26 22:49,Display,0
U00687,2026-08-30 06:14,Organic Search,0
U00688,2026-08-13 05:37,Display,0
U00688,2026-08-14 04:51,Organic Search,0
U00688,2026-08-15 12:21,Email,0
U00688,2026-08-16 00:47,Email,0
U00689,2026-08-11 12:51,Organic Search,0
U00690,2026-09-10 14:14,Paid Search,0
U00691,2026-09-14 10:50,Organic Search,0
U00691,2026-09-15 02:44,Organic Search,0
U00692,2026-08-02 01:21,Direct,0
U00693,2026-08-28 17:30,Social,0
U00693,2026-08-28 23:29,Email,0
U00693,2026-08-30 07:29,Paid Search,0
U00694,2026-08-11 17:34,Social,0
U00694,2026-08-13 11:25,Direct,0
U00694,2026-08-14 11:20,Direct,0
U00694,2026-08-15 14:51,Email,0
U00695,2026-08-05 19:41,Direct,0
U00695,2026-08-06 06:16,Referral,0
U00696,2026-08-17 04:02,Paid Search,0
U00696,2026-08-27 16:22,Paid Search,0
U00696,2026-08-29 19:32,Email,1
U00697,2026-08-22 01:24,Paid Search,0
U00698,2026-08-02 11:36,Direct,0
U00698,2026-08-04 18:43,Paid Search,0
U00699,2026-08-09 20:44,Organic Search,0
U00700,2026-09-10 09:16,Social,0
U00701,2026-09-08 11:40,Referral,0
U00702,2026-09-14 21:19,Display,0
U00702,2026-09-15 23:28,Organic Search,1
U00703,2026-08-27 15:43,Social,0
U00703,2026-09-04 10:20,Organic Search,0
U00704,2026-08-23 23:37,Paid Search,0
U00705,2026-08-27 00:41,Social,0
U00706,2026-09-14 06:18,Organic Search,0
U00706,2026-09-14 16:06,Paid Search,0
U00706,2026-09-18 18:19,Paid Search,0
U00707,2026-09-10 01:53,Email,0
U00708,2026-08-23 08:23,Display,0
U00708,2026-08-25 21:09,Direct,0
U00708,2026-08-26 23:13,Organic Search,0
U00708,2026-08-27 04:18,Paid Search,0
U00708,2026-08-27 15:00,Organic Search,0
U00708,2026-08-30 09:20,Direct,0
U00708,2026-09-01 04:36,Paid Search,1
U00709,2026-09-05 16:09,Paid Search,0
U00709,2026-09-10 13:32,Email,0
U00709,2026-09-11 00:09,Organic Search,0
U00710,2026-08-12 21:53,Paid Search,1
U00711,2026-09-02 21:08,Social,0
U00711,2026-09-05 16:29,Social,0
U00711,2026-09-07 16:20,Organic Search,0
U00712,2026-08-26 18:07,Social,0
U00712,2026-08-27 21:33,Social,0
U00713,2026-08-27 11:33,Display,0
U00713,2026-08-27 18:58,Display,0
U00714,2026-08-24 05:03,Paid Search,0
U00714,2026-08-24 18:55,Direct,0
U00714,2026-08-26 06:26,Direct,0
U00714,2026-08-29 08:52,Direct,1
U00715,2026-08-26 21:13,Organic Search,0
U00715,2026-08-27 12:12,Email,0
U00716,2026-08-25 04:56,Social,0
U00716,2026-08-30 05:01,Direct,0
U00716,2026-09-01 21:57,Email,1
U00717,2026-09-02 13:45,Paid Search,0
U00717,2026-09-04 21:00,Paid Search,0
U00718,2026-08-28 02:59,Organic Search,0
U00718,2026-09-02 19:44,Direct,0
U00718,2026-09-04 03:36,Direct,0
U00718,2026-09-04 17:54,Social,0
U00718,2026-09-09 05:16,Direct,0
U00719,2026-08-08 19:02,Organic Search,0
U00720,2026-09-13 21:02,Organic Search,0
U00720,2026-09-19 08:21,Email,0
U00721,2026-09-09 02:26,Direct,0
U00721,2026-09-11 15:57,Social,0
U00722,2026-08-02 21:38,Direct,0
U00722,2026-08-05 19:03,Email,0
U00722,2026-08-10 18:39,Direct,0
U00722,2026-08-17 19:22,Direct,0
U00723,2026-09-04 23:52,Paid Search,0
U00723,2026-09-05 08:53,Email,0
U00723,2026-09-06 20:22,Organic Search,0
U00724,2026-08-07 02:55,Social,0
U00725,2026-08-16 07:45,Paid Search,0
U00725,2026-08-16 12:52,Organic Search,0
U00725,2026-08-19 00:52,Display,1
U00726,2026-09-07 02:54,Display,0
U00726,2026-09-07 16:46,Social,0
U00727,2026-08-25 07:46,Paid Search,0
U00727,2026-08-27 04:52,Organic Search,0
U00727,2026-08-28 06:00,Paid Search,0
U00727,2026-08-29 13:43,Paid Search,0
U00727,2026-08-30 16:49,Direct,1
U00728,2026-08-31 22:59,Paid Search,0
U00728,2026-09-01 07:10,Organic Search,0
U00728,2026-09-07 09:24,Email,0
U00728,2026-09-17 23:12,Paid Search,1
U00729,2026-08-04 05:38,Organic Search,0
U00729,2026-08-07 18:36,Paid Search,0
U00730,2026-08-13 03:37,Paid Search,0
U00730,2026-08-14 19:40,Organic Search,0
U00731,2026-09-04 21:16,Organic Search,0
U00731,2026-09-11 18:08,Organic Search,0
U00731,2026-09-12 14:43,Direct,0
U00732,2026-09-04 17:54,Social,0
U00732,2026-09-05 06:48,Direct,0
U00732,2026-09-09 08:31,Email,0
U00732,2026-09-09 12:06,Email,0
U00732,2026-09-13 11:31,Paid Search,1
U00733,2026-08-03 02:33,Organic Search,0
U00734,2026-08-15 11:12,Social,0
U00734,2026-08-18 14:34,Direct,0
U00734,2026-08-22 00:03,Organic Search,1
U00735,2026-09-08 13:37,Organic Search,0
U00735,2026-09-08 23:03,Direct,0
U00735,2026-09-10 13:58,Direct,0
U00736,2026-08-19 01:09,Social,0
U00736,2026-08-20 01:55,Email,0
U00736,2026-09-02 07:11,Paid Search,1
U00737,2026-08-18 15:18,Social,0
U00737,2026-08-20 00:16,Direct,0
U00737,2026-09-02 01:03,Direct,0
U00738,2026-08-06 11:02,Referral,0
U00739,2026-09-10 23:48,Organic Search,0
U00739,2026-09-11 22:02,Paid Search,0
U00739,2026-09-12 16:13,Email,0
U00739,2026-09-17 10:46,Direct,0
U00739,2026-09-17 11:21,Referral,0
U00739,2026-09-21 21:32,Paid Search,0
U00740,2026-09-11 08:14,Social,0
U00740,2026-09-13 10:30,Display,0
U00740,2026-09-13 23:01,Paid Search,1
U00741,2026-08-29 01:52,Organic Search,0
U00741,2026-09-07 04:23,Direct,0
U00741,2026-09-09 10:49,Direct,0
U00741,2026-09-13 14:57,Email,0
U00741,2026-09-14 18:57,Paid Search,0
U00742,2026-08-21 12:33,Organic Search,0
U00742,2026-08-26 01:46,Referral,0
U00742,2026-08-26 14:10,Direct,0
U00743,2026-08-06 07:43,Social,0
U00743,2026-08-07 12:58,Email,0
U00743,2026-08-17 04:03,Direct,0
U00743,2026-08-17 18:21,Email,1
U00744,2026-09-12 22:58,Direct,0
U00745,2026-08-18 18:39,Social,0
U00746,2026-08-29 00:13,Social,0
U00747,2026-08-27 16:45,Organic Search,0
U00747,2026-08-28 15:55,Email,0
U00748,2026-08-19 01:25,Referral,0
U00748,2026-08-20 10:49,Direct,0
U00749,2026-08-26 16:46,Social,0
U00749,2026-08-27 13:59,Social,0
U00749,2026-08-27 20:41,Direct,0
U00749,2026-08-31 16:13,Organic Search,0
U00749,2026-08-31 19:01,Organic Search,0
U00750,2026-08-07 02:30,Display,0
U00750,2026-08-07 21:41,Email,1
U00751,2026-08-06 08:01,Display,0
U00751,2026-08-08 08:16,Direct,0
U00752,2026-08-25 11:24,Display,0
U00752,2026-08-25 21:31,Email,1
U00753,2026-08-24 01:46,Social,0
U00753,2026-08-24 17:31,Organic Search,0
U00753,2026-08-25 14:54,Display,0
U00753,2026-08-26 04:05,Social,1
U00754,2026-08-24 07:28,Display,0
U00754,2026-08-24 21:24,Display,0
U00754,2026-08-26 14:15,Paid Search,0
U00754,2026-08-29 03:17,Email,1
U00755,2026-09-04 11:01,Display,0
U00756,2026-09-13 20:53,Referral,0
U00756,2026-09-14 14:20,Paid Search,0
U00756,2026-09-19 02:58,Paid Search,0
U00756,2026-09-20 02:42,Organic Search,0
U00756,2026-09-25 00:15,Paid Search,0
U00757,2026-09-10 19:43,Direct,0
U00758,2026-08-14 13:12,Organic Search,0
U00758,2026-08-14 13:51,Paid Search,0
U00758,2026-08-14 15:36,Email,0
U00758,2026-08-18 04:35,Direct,0
U00758,2026-08-21 20:32,Organic Search,0
U00759,2026-08-29 13:58,Paid Search,0
U00759,2026-09-01 04:14,Paid Search,0
U00760,2026-09-05 14:19,Organic Search,0
U00761,2026-08-27 22:28,Paid Search,0
U00762,2026-08-20 18:40,Display,0
U00763,2026-09-12 16:03,Social,0
U00763,2026-09-13 22:56,Social,0
U00763,2026-09-18 19:11,Direct,0
U00763,2026-09-18 21:54,Direct,0
U00764,2026-08-17 14:29,Organic Search,0
U00764,2026-08-22 16:45,Paid Search,0
U00764,2026-08-23 22:49,Social,0
U00765,2026-08-25 01:32,Organic Search,0
U00766,2026-09-06 11:38,Social,0
U00766,2026-09-11 02:06,Organic Search,0
U00766,2026-09-15 17:36,Email,0
U00766,2026-09-15 22:34,Paid Search,0
U00766,2026-09-17 18:24,Social,0
U00767,2026-08-06 18:54,Paid Search,0
U00768,2026-09-06 07:01,Display,0
U00768,2026-09-10 15:44,Paid Search,0
U00768,2026-09-13 15:05,Paid Search,0
U00768,2026-09-18 07:13,Display,0
U00769,2026-08-28 05:19,Social,0
U00769,2026-08-29 04:19,Paid Search,0
U00769,2026-08-30 17:51,Display,0
U00769,2026-09-01 05:06,Social,0
U00769,2026-09-02 16:10,Social,0
U00769,2026-09-02 16:14,Email,1
U00770,2026-08-29 09:43,Social,0
U00770,2026-09-04 16:27,Referral,0
U00770,2026-09-05 13:27,Social,1
U00771,2026-09-10 22:17,Paid Search,0
U00772,2026-08-30 18:22,Social,0
U00772,2026-08-30 20:17,Display,1
U00773,2026-08-14 13:32,Display,0
U00773,2026-08-16 22:57,Social,0
U00774,2026-08-02 21:40,Display,0
U00775,2026-08-23 03:00,Display,0
U00775,2026-08-27 07:14,Social,0
U00775,2026-08-29 03:11,Social,0
U00776,2026-08-28 03:47,Social,0
U00777,2026-08-02 20:14,Display,0
U00777,2026-08-04 00:49,Paid Search,0
U00777,2026-08-06 22:13,Paid Search,0
U00777,2026-08-13 22:32,Paid Search,1
U00778,2026-08-24 08:25,Social,0
U00778,2026-08-24 17:26,Email,1
U00779,2026-08-17 18:15,Organic Search,0
U00780,2026-09-12 11:48,Organic Search,0
U00780,2026-09-14 14:11,Social,0
U00780,2026-09-16 09:52,Paid Search,1
U00781,2026-08-20 05:31,Organic Search,0
U00781,2026-08-20 15:27,Paid Search,0
U00782,2026-08-03 09:32,Display,0
U00782,2026-08-08 17:39,Direct,0
U00782,2026-08-10 04:50,Direct,0
U00782,2026-08-13 01:19,Paid Search,0
U00782,2026-08-15 13:54,Direct,1
U00783,2026-09-04 03:13,Paid Search,0
U00784,2026-08-17 22:14,Social,0
U00784,2026-08-20 06:01,Organic Search,0
U00784,2026-08-22 04:21,Direct,0
U00784,2026-08-22 06:42,Direct,0
U00784,2026-08-23 11:25,Paid Search,0
U00784,2026-08-25 14:48,Referral,0
U00784,2026-08-27 16:41,Paid Search,1
U00785,2026-08-05 04:23,Display,0
U00786,2026-08-18 06:01,Organic Search,0
U00787,2026-08-19 09:54,Organic Search,0
U00787,2026-08-20 19:04,Display,0
U00787,2026-08-23 07:26,Social,0
U00787,2026-08-23 08:31,Email,0
U00787,2026-08-29 13:40,Social,1
U00788,2026-08-16 17:39,Paid Search,0
U00788,2026-08-19 12:50,Paid Search,0
U00789,2026-09-07 11:38,Social,0
U00789,2026-09-10 22:27,Direct,0
U00789,2026-09-14 03:06,Organic Search,0
U00790,2026-08-20 13:29,Social,0
U00790,2026-08-21 02:44,Referral,0
U00790,2026-08-24 17:07,Display,0
U00791,2026-09-09 05:20,Organic Search,0
U00792,2026-08-27 15:01,Organic Search,0
U00792,2026-08-29 00:05,Direct,0
U00792,2026-08-30 04:28,Direct,0
U00792,2026-08-30 06:26,Direct,0
U00792,2026-08-30 13:16,Direct,0
U00793,2026-09-09 03:39,Social,0
U00793,2026-09-09 14:03,Organic Search,0
U00793,2026-09-10 15:35,Direct,1
U00794,2026-09-04 14:01,Social,0
U00794,2026-09-05 23:43,Social,0
U00795,2026-08-01 14:35,Social,0
U00796,2026-08-12 08:28,Organic Search,0
U00797,2026-08-30 03:31,Organic Search,0
U00797,2026-08-31 03:44,Display,0
U00797,2026-09-05 06:39,Paid Search,0
U00797,2026-09-05 23:03,Social,1
U00798,2026-08-31 16:48,Organic Search,0
U00799,2026-09-02 07:36,Paid Search,0
U00799,2026-09-07 02:56,Email,0
U00800,2026-08-17 08:42,Organic Search,0
U00800,2026-08-22 00:27,Organic Search,0
U00800,2026-08-31 03:36,Organic Search,0
U00800,2026-09-03 21:26,Email,0
U00801,2026-08-30 06:30,Social,0
U00802,2026-08-27 08:15,Paid Search,0
U00803,2026-08-08 02:13,Direct,0
U00804,2026-08-15 01:13,Social,0
U00805,2026-09-13 15:28,Organic Search,0
U00805,2026-09-18 02:46,Paid Search,0
U00805,2026-09-22 09:33,Paid Search,0
U00806,2026-08-16 14:44,Display,0
U00806,2026-08-18 20:40,Organic Search,0
U00806,2026-08-24 20:07,Direct,0
U00806,2026-08-25 02:31,Paid Search,1
U00807,2026-08-24 22:51,Social,0
U00808,2026-08-26 20:17,Organic Search,1
U00809,2026-08-11 03:36,Display,0
U00809,2026-08-13 03:51,Social,1
U00810,2026-08-15 15:18,Social,0
U00810,2026-08-20 16:22,Organic Search,0
U00810,2026-08-27 18:40,Organic Search,0
U00811,2026-08-18 11:26,Direct,0
U00812,2026-08-21 07:54,Referral,0
U00812,2026-08-23 17:30,Social,0
U00812,2026-08-25 17:31,Paid Search,0
U00812,2026-09-01 20:02,Email,0
U00812,2026-09-02 18:20,Direct,0
U00812,2026-09-06 08:26,Email,0
U00812,2026-09-08 06:47,Email,1
U00813,2026-08-12 20:16,Organic Search,0
U00813,2026-08-12 20:20,Email,0
U00813,2026-08-18 12:11,Direct,0
U00813,2026-08-19 10:54,Email,0
U00814,2026-09-10 04:39,Display,0
U00814,2026-09-12 10:58,Direct,0
U00814,2026-09-12 16:59,Organic Search,0
U00814,2026-09-14 10:02,Direct,0
U00814,2026-09-16 07:56,Email,0
U00814,2026-09-19 23:35,Email,1
U00815,2026-08-28 05:55,Organic Search,0
U00816,2026-08-05 22:23,Paid Search,0
U00816,2026-08-07 14:56,Organic Search,0
U00816,2026-08-16 01:03,Direct,0
U00817,2026-08-06 04:01,Social,0
U00817,2026-08-08 04:55,Social,0
U00818,2026-08-15 17:37,Direct,0
U00818,2026-08-16 06:55,Direct,0
U00818,2026-08-19 19:23,Organic Search,0
U00818,2026-08-20 18:48,Social,1
U00819,2026-09-14 18:08,Paid Search,0
U00819,2026-09-23 04:11,Paid Search,0
U00819,2026-09-24 21:44,Paid Search,1
U00820,2026-08-27 01:32,Direct,0
U00820,2026-08-27 14:35,Organic Search,0
U00821,2026-08-10 23:42,Social,0
U00822,2026-08-14 09:25,Organic Search,0
U00822,2026-08-18 16:58,Email,1
U00823,2026-08-20 07:09,Social,0
U00824,2026-08-29 12:13,Social,0
U00824,2026-09-04 16:15,Email,0
U00824,2026-09-11 12:17,Paid Search,0
U00824,2026-09-12 19:14,Organic Search,0
U00824,2026-09-13 08:45,Email,1
U00825,2026-08-09 23:51,Display,0
U00826,2026-08-07 11:52,Organic Search,0
U00826,2026-08-07 14:50,Paid Search,0
U00826,2026-08-10 07:50,Direct,0
U00827,2026-09-08 05:06,Email,0
U00827,2026-09-13 23:03,Direct,0
U00827,2026-09-14 18:04,Email,1
U00828,2026-08-06 06:24,Organic Search,0
U00829,2026-08-12 14:21,Email,0
U00830,2026-09-08 15:41,Display,0
U00831,2026-09-02 20:35,Social,0
U00831,2026-09-03 03:07,Direct,0
U00831,2026-09-04 13:36,Email,0
U00831,2026-09-07 10:26,Email,0
U00832,2026-08-03 03:10,Organic Search,0
U00832,2026-08-03 12:51,Paid Search,0
U00833,2026-09-11 00:38,Direct,0
U00833,2026-09-13 07:52,Social,0
U00833,2026-09-16 20:01,Email,0
U00833,2026-09-19 02:38,Social,0
U00834,2026-09-02 00:51,Paid Search,0
U00835,2026-08-14 18:21,Display,0
U00835,2026-08-17 17:30,Direct,0
U00836,2026-08-01 14:27,Display,0
U00836,2026-08-03 04:10,Referral,0
U00836,2026-08-03 14:08,Social,0
U00836,2026-08-06 08:30,Direct,0
U00837,2026-08-08 13:59,Email,0
U00837,2026-08-14 04:49,Paid Search,1
U00838,2026-08-17 15:35,Paid Search,0
U00838,2026-08-19 03:17,Email,0
U00838,2026-08-28 14:29,Direct,0
U00838,2026-08-31 02:57,Social,0
U00838,2026-09-03 11:01,Email,0
U00839,2026-09-03 12:32,Social,0
U00839,2026-09-03 19:58,Paid Search,0
U00840,2026-09-07 02:07,Email,0
U00840,2026-09-09 22:34,Email,0
U00840,2026-09-13 01:13,Paid Search,0
U00841,2026-08-25 19:25,Direct,0
U00841,2026-08-25 22:42,Referral,0
U00842,2026-08-04 00:33,Organic Search,0
U00842,2026-08-04 15:45,Paid Search,0
U00843,2026-08-19 23:44,Display,0
U00843,2026-08-23 00:48,Organic Search,0
U00843,2026-08-31 05:43,Email,0
U00843,2026-09-02 21:21,Direct,0
U00844,2026-09-14 10:55,Paid Search,0
U00844,2026-09-15 16:37,Organic Search,0
U00844,2026-09-16 05:00,Social,0
U00845,2026-08-12 06:19,Social,0
U00845,2026-08-12 22:30,Organic Search,0
U00845,2026-08-19 08:16,Social,0
U00845,2026-08-19 16:51,Social,0
U00846,2026-09-04 07:12,Paid Search,0
U00847,2026-08-30 12:37,Display,0
U00847,2026-08-30 19:22,Organic Search,0
U00847,2026-08-30 21:46,Email,0
U00847,2026-09-05 14:53,Direct,0
U00847,2026-09-11 19:01,Paid Search,0
U00848,2026-08-19 21:49,Organic Search,0
U00848,2026-08-25 11:55,Direct,0
U00848,2026-08-27 11:28,Paid Search,0
U00848,2026-08-29 13:50,Organic Search,0
U00848,2026-08-31 00:55,Social,0
U00849,2026-09-12 14:03,Paid Search,0
U00849,2026-09-19 12:54,Email,0
U00850,2026-08-20 05:15,Social,0
U00850,2026-08-22 11:23,Email,0
U00851,2026-08-29 02:35,Organic Search,0
U00851,2026-08-29 19:09,Email,0
U00852,2026-09-05 20:45,Organic Search,0
U00853,2026-09-03 13:03,Social,0
U00854,2026-08-19 17:28,Email,0
U00854,2026-08-20 06:56,Paid Search,1
U00855,2026-09-03 05:56,Paid Search,0
U00855,2026-09-03 08:31,Email,0
U00855,2026-09-03 10:49,Organic Search,0
U00855,2026-09-04 11:49,Referral,0
U00856,2026-09-03 11:23,Social,0
U00856,2026-09-09 23:58,Email,0
U00857,2026-08-03 16:40,Organic Search,0
U00858,2026-08-04 03:26,Display,0
U00859,2026-08-10 09:28,Social,0
U00860,2026-08-07 19:14,Organic Search,0
U00860,2026-08-09 16:45,Direct,0
U00861,2026-08-30 03:02,Social,0
U00861,2026-09-01 23:12,Email,0
U00861,2026-09-02 18:45,Email,0
U00861,2026-09-02 22:40,Paid Search,0
U00861,2026-09-05 19:08,Paid Search,0
U00861,2026-09-12 21:34,Direct,0
U00861,2026-09-15 00:36,Organic Search,1
U00862,2026-09-12 12:51,Social,0
U00862,2026-09-14 06:39,Direct,0
U00863,2026-08-30 22:44,Referral,0
U00863,2026-08-31 15:12,Paid Search,0
U00863,2026-09-01 08:32,Paid Search,0
U00863,2026-09-02 03:08,Display,0
U00863,2026-09-05 21:35,Paid Search,1
U00864,2026-09-14 04:22,Direct,0
U00864,2026-09-21 12:18,Paid Search,0
U00865,2026-08-05 10:21,Paid Search,0
U00866,2026-08-03 01:13,Organic Search,0
U00866,2026-08-04 04:02,Referral,0
U00866,2026-08-10 03:02,Social,0
U00866,2026-08-10 15:11,Paid Search,0
U00866,2026-08-13 01:23,Organic Search,0
U00866,2026-08-17 06:16,Display,0
U00866,2026-08-18 22:22,Direct,1
U00867,2026-08-04 14:08,Display,0
U00868,2026-08-06 10:06,Organic Search,0
U00868,2026-08-08 03:11,Paid Search,0
U00869,2026-08-11 18:20,Display,0
U00869,2026-08-11 19:31,Paid Search,0
U00870,2026-09-03 08:29,Organic Search,0
U00871,2026-08-07 18:31,Display,0
U00871,2026-08-09 01:00,Email,0
U00871,2026-08-09 04:40,Paid Search,0
U00872,2026-09-03 22:47,Organic Search,0
U00872,2026-09-06 12:39,Paid Search,0
U00872,2026-09-12 15:31,Social,1
U00873,2026-09-07 05:19,Organic Search,0
U00873,2026-09-08 15:36,Organic Search,0
U00874,2026-08-02 15:37,Display,0
U00874,2026-08-06 02:12,Email,1
U00875,2026-08-28 20:49,Display,0
U00875,2026-09-02 12:25,Organic Search,0
U00876,2026-08-10 05:05,Organic Search,0
U00876,2026-08-11 05:10,Organic Search,0
U00877,2026-08-23 03:10,Organic Search,0
U00878,2026-09-08 02:23,Display,0
U00878,2026-09-08 14:33,Social,0
U00878,2026-09-12 02:04,Paid Search,0
U00878,2026-09-15 20:07,Email,0
U00878,2026-09-18 01:44,Display,1
U00879,2026-08-11 17:30,Social,0
U00880,2026-09-06 20:44,Social,0
U00881,2026-08-18 21:59,Display,0
U00881,2026-08-19 16:32,Direct,0
U00881,2026-08-20 20:08,Paid Search,0
U00881,2026-08-25 06:40,Social,1
U00882,2026-08-17 00:17,Social,0
U00882,2026-08-23 23:35,Direct,0
U00882,2026-08-24 11:44,Social,0
U00883,2026-08-06 03:19,Organic Search,0
U00883,2026-08-06 23:17,Referral,0
U00884,2026-08-30 17:24,Display,0
U00885,2026-08-15 07:22,Display,0
U00885,2026-08-17 17:25,Referral,1
U00886,2026-08-18 10:46,Direct,0
U00887,2026-09-04 09:28,Organic Search,0
U00887,2026-09-07 20:58,Organic Search,0
U00887,2026-09-07 22:02,Email,0
U00888,2026-09-05 06:18,Display,0
U00889,2026-08-16 10:59,Social,0
U00889,2026-08-18 15:43,Direct,0
U00889,2026-08-21 20:56,Referral,0
U00889,2026-08-22 04:37,Email,0
U00889,2026-08-22 07:36,Referral,0
U00889,2026-08-23 08:44,Email,1
U00890,2026-09-07 13:51,Display,0
U00890,2026-09-12 16:19,Paid Search,0
U00890,2026-09-20 08:34,Email,0
U00890,2026-09-21 23:18,Organic Search,0
U00890,2026-09-24 21:45,Direct,1
U00891,2026-08-02 19:31,Social,0
U00892,2026-08-20 23:25,Referral,0
U00892,2026-08-23 16:22,Social,1
U00893,2026-08-04 18:01,Display,0
U00893,2026-08-10 17:46,Email,0
U00893,2026-08-14 12:47,Organic Search,0
U00893,2026-08-18 00:15,Direct,0
U00894,2026-09-03 02:33,Paid Search,0
U00895,2026-09-09 10:16,Referral,0
U00895,2026-09-10 13:08,Direct,0
U00895,2026-09-11 07:13,Social,0
U00896,2026-08-07 11:03,Email,0
U00897,2026-09-01 04:53,Paid Search,1
U00898,2026-08-12 19:13,Organic Search,0
U00898,2026-08-13 20:36,Direct,0
U00899,2026-09-12 15:13,Social,0
U00899,2026-09-14 02:29,Paid Search,0
U00900,2026-09-11 21:42,Paid Search,0
U00900,2026-09-13 05:49,Paid Search,0
U00900,2026-09-13 13:33,Email,1
U00901,2026-08-30 03:55,Display,0
U00902,2026-08-07 01:31,Social,0
U00902,2026-08-07 18:21,Organic Search,0
U00902,2026-08-13 14:48,Social,0
U00902,2026-08-15 12:51,Paid Search,0
U00902,2026-08-17 11:49,Organic Search,1
U00903,2026-09-03 12:02,Paid Search,0
U00904,2026-09-05 20:00,Paid Search,0
U00904,2026-09-05 21:44,Paid Search,0
U00905,2026-09-09 00:29,Direct,0
U00906,2026-09-09 17:05,Display,0
U00906,2026-09-10 19:48,Paid Search,0
U00907,2026-08-02 06:03,Direct,0
U00907,2026-08-02 17:34,Direct,0
U00908,2026-08-10 01:13,Display,0
U00909,2026-08-06 08:01,Organic Search,0
U00909,2026-08-11 09:09,Paid Search,0
U00909,2026-08-11 10:13,Paid Search,0
U00909,2026-08-12 20:53,Email,1
U00910,2026-08-27 09:00,Organic Search,0
U00910,2026-08-31 10:05,Referral,0
U00910,2026-09-05 03:24,Display,0
U00910,2026-09-06 00:57,Organic Search,0
U00910,2026-09-11 05:43,Social,0
U00911,2026-08-07 23:42,Paid Search,0
U00911,2026-08-13 03:00,Paid Search,0
U00912,2026-08-07 09:15,Organic Search,0
U00912,2026-08-16 12:24,Direct,0
U00913,2026-08-15 06:46,Organic Search,0
U00913,2026-08-21 07:35,Paid Search,0
U00913,2026-08-27 17:24,Paid Search,0
U00914,2026-08-08 04:49,Organic Search,0
U00914,2026-08-10 12:31,Direct,0
U00914,2026-08-11 18:52,Organic Search,0
U00915,2026-08-04 17:11,Organic Search,0
U00915,2026-08-05 15:26,Paid Search,0
U00915,2026-08-06 02:46,Paid Search,0
U00916,2026-08-14 09:38,Display,0
U00916,2026-08-16 05:30,Organic Search,0
U00916,2026-08-16 11:59,Referral,0
U00916,2026-08-24 08:19,Direct,0
U00916,2026-08-27 23:33,Social,0
U00917,2026-09-13 21:33,Social,0
U00917,2026-09-14 15:02,Social,0
U00917,2026-09-17 07:41,Organic Search,0
U00918,2026-09-12 18:14,Social,0
U00918,2026-09-15 01:06,Direct,0
U00918,2026-09-16 11:10,Organic Search,0
U00919,2026-08-25 00:59,Direct,0
U00919,2026-08-25 11:02,Paid Search,0
U00919,2026-08-27 00:14,Direct,0
U00919,2026-08-27 02:49,Paid Search,0
U00919,2026-08-27 13:45,Paid Search,0
U00919,2026-08-28 09:57,Organic Search,0
U00919,2026-08-29 07:13,Social,1
U00920,2026-08-30 20:14,Display,0
U00920,2026-09-02 02:03,Social,0
U00921,2026-08-10 01:20,Paid Search,0
U00921,2026-08-14 22:14,Paid Search,0
U00922,2026-08-22 12:18,Organic Search,0
U00922,2026-08-25 01:12,Email,0
U00923,2026-09-07 02:04,Social,0
U00924,2026-08-23 16:00,Social,0
U00925,2026-09-07 08:37,Email,0
U00925,2026-09-07 12:17,Direct,0
U00926,2026-09-14 14:16,Direct,0
U00926,2026-09-17 18:28,Organic Search,0
U00927,2026-08-31 05:40,Social,0
U00928,2026-08-22 15:11,Paid Search,0
U00928,2026-08-29 23:15,Email,1
U00929,2026-08-13 10:00,Social,0
U00929,2026-08-15 16:18,Social,0
U00929,2026-08-17 06:34,Email,0
U00930,2026-08-04 09:43,Display,0
U00930,2026-08-06 02:54,Organic Search,0
U00930,2026-08-07 19:51,Organic Search,0
U00931,2026-09-04 22:43,Display,0
U00931,2026-09-08 17:26,Direct,0
U00931,2026-09-09 19:41,Paid Search,0
U00932,2026-09-08 16:49,Social,0
U00932,2026-09-11 03:27,Email,0
U00932,2026-09-17 11:16,Email,0
U00932,2026-09-17 17:45,Direct,0
U00932,2026-09-17 20:54,Paid Search,0
U00932,2026-09-18 19:23,Referral,0
U00933,2026-08-01 16:08,Direct,0
U00933,2026-08-05 21:26,Organic Search,0
U00933,2026-08-06 06:32,Referral,0
U00934,2026-08-14 06:09,Direct,0
U00934,2026-08-14 11:54,Direct,0
U00934,2026-08-18 03:43,Paid Search,0
U00935,2026-08-13 01:08,Display,0
U00935,2026-08-16 12:01,Email,0
U00935,2026-08-16 14:06,Paid Search,1
U00936,2026-08-12 15:24,Email,0
U00937,2026-08-15 16:03,Organic Search,0
U00938,2026-08-28 23:49,Direct,0
U00939,2026-08-26 07:52,Organic Search,0
U00940,2026-08-26 11:53,Social,0
U00940,2026-08-28 10:07,Email,0
U00941,2026-08-13 04:43,Social,0
U00941,2026-08-14 12:25,Organic Search,0
U00941,2026-08-16 00:05,Paid Search,0
U00942,2026-09-08 14:22,Social,0
U00943,2026-08-24 11:01,Display,0
U00944,2026-08-23 11:45,Display,0
U00944,2026-08-27 08:41,Email,0
U00944,2026-08-29 01:50,Social,0
U00944,2026-08-29 04:30,Paid Search,0
U00944,2026-09-02 15:02,Social,0
U00944,2026-09-02 15:05,Paid Search,0
U00944,2026-09-02 21:52,Direct,1
U00945,2026-08-01 16:44,Direct,0
U00945,2026-08-03 07:12,Display,0
U00945,2026-08-05 12:26,Social,1
U00946,2026-08-21 16:00,Social,0
U00946,2026-08-24 03:07,Organic Search,0
U00947,2026-09-13 19:18,Organic Search,0
U00947,2026-09-15 09:34,Display,0
U00947,2026-09-16 11:39,Email,0
U00948,2026-09-02 09:05,Display,0
U00949,2026-09-11 02:34,Organic Search,0
U00949,2026-09-13 07:38,Paid Search,0
U00949,2026-09-16 19:45,Paid Search,0
U00949,2026-09-19 02:06,Paid Search,1
U00950,2026-09-05 03:01,Paid Search,0
U00951,2026-08-11 09:25,Organic Search,0
U00952,2026-08-30 02:58,Organic Search,0
U00952,2026-09-04 21:57,Direct,0
U00952,2026-09-05 05:29,Referral,0
U00952,2026-09-07 15:04,Display,0
U00952,2026-09-11 06:38,Paid Search,0
U00953,2026-08-23 18:27,Paid Search,0
U00954,2026-09-09 19:45,Organic Search,0
U00954,2026-09-10 04:59,Organic Search,0
U00954,2026-09-11 05:47,Paid Search,0
U00954,2026-10-01 09:34,Social,0
U00955,2026-08-06 16:45,Social,0
U00956,2026-08-15 18:38,Display,0
U00956,2026-08-19 17:56,Direct,0
U00956,2026-08-27 22:14,Organic Search,0
U00956,2026-08-28 08:02,Email,0
U00956,2026-08-31 23:27,Email,1
U00957,2026-08-13 10:47,Paid Search,0
U00958,2026-08-23 17:33,Display,0
U00958,2026-08-27 08:55,Organic Search,0
U00958,2026-08-28 23:36,Social,0
U00958,2026-08-30 03:07,Email,0
U00958,2026-09-01 04:44,Organic Search,0
U00959,2026-08-11 13:39,Display,0
U00959,2026-08-12 15:15,Social,0
U00959,2026-08-12 19:52,Paid Search,0
U00960,2026-08-01 21:57,Organic Search,0
U00960,2026-08-05 14:13,Email,0
U00960,2026-08-09 06:28,Email,0
U00960,2026-08-09 22:44,Organic Search,0
U00960,2026-08-15 09:12,Paid Search,0
U00960,2026-08-18 18:18,Organic Search,0
U00961,2026-08-09 13:50,Social,0
U00961,2026-08-14 12:59,Social,0
U00962,2026-08-26 21:32,Display,0
U00963,2026-08-15 14:28,Display,0
U00963,2026-08-16 05:00,Direct,0
U00964,2026-09-13 07:39,Social,0
U00965,2026-09-12 10:04,Email,0
U00966,2026-09-11 14:18,Organic Search,0
U00966,2026-09-11 20:41,Email,0
U00966,2026-09-27 01:52,Email,0
U00966,2026-09-27 09:49,Paid Search,0
U00966,2026-09-27 12:39,Direct,0
U00967,2026-08-07 17:31,Direct,0
U00968,2026-08-09 15:51,Display,0
U00968,2026-08-11 22:56,Direct,0
U00969,2026-08-24 09:50,Direct,0
U00970,2026-08-03 15:14,Display,0
U00970,2026-08-05 04:38,Social,0
U00970,2026-08-05 17:34,Email,1
U00971,2026-09-13 20:23,Social,0
U00971,2026-09-13 21:00,Email,0
U00971,2026-09-19 05:53,Organic Search,0
U00971,2026-09-21 00:49,Direct,0
U00971,2026-09-21 08:14,Email,0
U00972,2026-09-11 04:03,Display,0
U00973,2026-08-26 22:54,Paid Search,0
U00974,2026-08-28 03:23,Social,0
U00974,2026-08-30 10:03,Paid Search,0
U00975,2026-09-14 08:14,Direct,0
U00975,2026-09-14 14:04,Email,0
U00976,2026-09-02 19:50,Social,0
U00976,2026-09-06 13:46,Email,0
U00976,2026-09-07 16:31,Paid Search,0
U00976,2026-09-12 03:34,Email,0
U00977,2026-08-06 04:56,Social,0
U00977,2026-08-08 09:08,Social,0
U00977,2026-08-09 03:45,Email,1
U00978,2026-09-13 08:27,Organic Search,0
U00978,2026-09-14 17:09,Email,0
U00978,2026-09-15 13:16,Paid Search,0
U00978,2026-09-17 13:07,Paid Search,0
U00979,2026-08-31 07:06,Paid Search,0
U00979,2026-08-31 17:05,Organic Search,0
U00980,2026-09-12 18:37,Display,0
U00981,2026-08-04 01:11,Organic Search,0
U00982,2026-09-05 07:48,Paid Search,0
U00982,2026-09-06 10:51,Display,0
U00983,2026-09-13 16:26,Display,0
U00983,2026-09-13 19:50,Paid Search,0
U00983,2026-09-14 09:30,Email,0
U00984,2026-09-05 04:10,Email,0
U00984,2026-09-05 05:29,Organic Search,0
U00985,2026-08-24 09:35,Email,0
U00985,2026-08-24 14:07,Organic Search,0
U00986,2026-09-04 02:55,Direct,1
U00987,2026-09-05 23:05,Social,0
U00987,2026-09-19 05:53,Direct,0
U00987,2026-09-27 16:57,Organic Search,0
U00987,2026-10-01 04:15,Social,0
U00988,2026-09-02 03:40,Social,0
U00989,2026-08-11 07:23,Display,0
U00989,2026-08-12 09:36,Organic Search,0
U00989,2026-08-16 00:52,Social,0
U00990,2026-08-30 03:49,Direct,0
U00990,2026-09-07 08:29,Organic Search,0
U00990,2026-09-08 21:59,Organic Search,0
U00990,2026-09-10 17:22,Email,0
U00991,2026-08-30 13:59,Social,0
U00991,2026-09-03 01:09,Email,0
U00992,2026-08-28 17:49,Display,0
U00992,2026-09-03 08:53,Email,0
U00992,2026-09-10 20:42,Organic Search,0
U00992,2026-09-11 15:43,Email,0
U00993,2026-08-10 00:09,Paid Search,0
U00994,2026-09-04 12:15,Email,0
U00995,2026-08-25 08:52,Display,0
U00995,2026-08-26 18:41,Display,0
U00995,2026-09-03 04:09,Display,0
U00996,2026-08-24 02:11,Direct,0
U00997,2026-08-31 06:19,Organic Search,0
U00997,2026-09-01 01:56,Email,0
U00997,2026-09-08 22:27,Paid Search,0
U00998,2026-08-02 00:11,Display,0
U00998,2026-08-06 10:02,Paid Search,0
U00999,2026-08-08 23:53,Social,0
U00999,2026-08-09 05:34,Organic Search,0
U00999,2026-08-12 23:29,Direct,0
U00999,2026-08-16 16:19,Organic Search,0
U00999,2026-08-17 17:28,Social,0
U00999,2026-08-19 08:53,Organic Search,1
U01000,2026-08-16 04:57,Organic Search,0
U01000,2026-08-19 12:53,Paid Search,0
U01000,2026-08-19 18:05,Organic Search,0
U01001,2026-08-08 03:51,Paid Search,0
U01002,2026-08-30 20:03,Social,0
U01002,2026-09-02 16:06,Organic Search,0
U01003,2026-09-02 00:43,Organic Search,0
U01004,2026-09-09 10:52,Display,0
U01004,2026-09-10 23:10,Paid Search,1
U01005,2026-08-19 10:39,Direct,0
U01006,2026-08-24 16:38,Organic Search,0
U01006,2026-08-25 07:29,Paid Search,0
U01007,2026-09-06 06:51,Direct,0
U01008,2026-08-11 22:37,Email,0
U01008,2026-08-12 15:09,Paid Search,0
U01008,2026-08-22 16:17,Organic Search,0
U01009,2026-09-06 05:14,Display,0
U01010,2026-08-24 15:05,Direct,0
U01010,2026-09-03 02:33,Social,0
U01010,2026-09-03 17:51,Referral,0
U01011,2026-09-12 22:55,Social,0
U01011,2026-09-13 22:30,Paid Search,0
U01011,2026-09-16 02:13,Email,0
U01011,2026-09-22 03:40,Display,0
U01012,2026-08-26 05:23,Social,0
U01013,2026-08-04 01:00,Social,0
U01014,2026-09-09 05:45,Organic Search,0
U01015,2026-09-13 02:03,Organic Search,0
U01015,2026-09-13 09:41,Social,0
U01015,2026-09-19 20:40,Social,0
U01015,2026-09-21 00:03,Display,0
U01016,2026-08-24 18:37,Social,0
U01016,2026-08-25 15:20,Email,0
U01017,2026-08-05 05:48,Direct,0
U01018,2026-08-03 08:09,Paid Search,0
U01018,2026-08-03 15:22,Direct,0
U01019,2026-08-06 23:03,Organic Search,0
U01019,2026-08-12 10:01,Direct,0
U01019,2026-08-12 18:40,Paid Search,0
U01019,2026-08-15 23:47,Email,0
U01019,2026-08-18 08:44,Direct,0
U01019,2026-08-23 07:10,Direct,1
U01020,2026-08-01 22:33,Paid Search,0
U01020,2026-08-06 01:20,Direct,0
U01021,2026-08-22 07:41,Display,0
U01022,2026-09-14 22:38,Social,0
U01022,2026-09-22 09:40,Direct,0
U01022,2026-09-22 21:10,Direct,0
U01022,2026-09-24 19:45,Organic Search,0
U01022,2026-09-26 16:53,Social,0
U01022,2026-09-30 04:19,Paid Search,0
U01022,2026-09-30 19:20,Direct,0
U01022,2026-10-04 15:56,Display,0
U01023,2026-09-12 23:19,Organic Search,0
U01023,2026-09-17 02:41,Organic Search,0
U01024,2026-09-06 14:23,Social,0
U01025,2026-09-12 14:21,Paid Search,0
U01025,2026-09-13 14:16,Paid Search,0
U01025,2026-09-14 09:19,Paid Search,1
U01026,2026-08-02 00:33,Social,0
U01027,2026-09-12 04:44,Paid Search,0
U01028,2026-08-15 06:56,Display,0
U01028,2026-08-24 08:48,Paid Search,0
U01028,2026-09-03 23:28,Social,0
U01028,2026-09-14 01:21,Organic Search,0
U01029,2026-08-16 22:33,Social,0
U01030,2026-08-20 09:18,Display,0
U01030,2026-08-24 09:46,Email,0
U01031,2026-09-05 04:03,Social,0
U01031,2026-09-07 14:00,Social,0
U01032,2026-08-22 01:42,Social,0
U01032,2026-08-23 07:49,Email,0
U01032,2026-08-23 17:45,Direct,0
U01032,2026-08-24 18:20,Paid Search,0
U01033,2026-08-15 11:11,Organic Search,0
U01033,2026-08-16 12:28,Direct,0
U01034,2026-08-26 00:35,Organic Search,0
U01034,2026-08-27 00:03,Social,0
U01034,2026-08-31 23:39,Organic Search,0
U01034,2026-09-02 02:14,Social,0
U01035,2026-08-18 21:55,Organic Search,0
U01035,2026-08-20 03:39,Organic Search,0
U01035,2026-08-21 13:40,Organic Search,0
U01036,2026-09-10 02:14,Social,0
U01037,2026-08-18 15:55,Direct,0
U01038,2026-08-26 07:16,Paid Search,0
U01039,2026-08-23 06:50,Organic Search,0
U01039,2026-08-24 23:20,Direct,0
U01039,2026-08-25 09:01,Email,1
U01040,2026-09-11 13:58,Social,0
U01040,2026-09-12 11:24,Direct,0
U01040,2026-09-20 04:33,Paid Search,0
U01041,2026-08-20 02:18,Social,0
U01041,2026-08-20 06:56,Email,0
U01041,2026-08-25 12:20,Display,0
U01041,2026-08-27 23:29,Referral,0
U01042,2026-08-07 23:04,Social,0
U01043,2026-08-11 17:40,Referral,0
U01043,2026-08-12 12:08,Organic Search,0
U01044,2026-09-09 18:27,Social,0
U01044,2026-09-11 23:43,Paid Search,0
U01044,2026-09-15 21:34,Social,0
U01044,2026-09-15 23:19,Organic Search,0
U01044,2026-09-20 21:56,Email,1
U01045,2026-08-02 09:12,Display,0
U01046,2026-09-03 14:21,Direct,0
U01046,2026-09-09 12:30,Email,0
U01046,2026-09-10 11:55,Email,0
U01047,2026-09-13 03:21,Paid Search,0
U01047,2026-09-14 21:12,Email,1
U01048,2026-09-04 16:02,Email,0
U01048,2026-09-07 01:58,Social,0
U01048,2026-09-08 22:41,Organic Search,0
U01049,2026-09-06 02:59,Referral,0
U01049,2026-09-11 20:29,Organic Search,0
U01049,2026-09-14 19:14,Organic Search,0
U01049,2026-09-17 06:02,Organic Search,0
U01049,2026-09-18 09:24,Direct,0
U01049,2026-09-19 02:18,Email,0
U01049,2026-09-23 02:19,Display,1
U01050,2026-09-07 12:16,Display,0
U01051,2026-09-07 20:40,Social,0
U01051,2026-09-10 14:11,Referral,0
U01051,2026-09-11 01:41,Direct,0
U01051,2026-09-14 17:44,Direct,0
U01051,2026-09-14 22:50,Paid Search,0
U01051,2026-09-17 18:57,Email,1
U01052,2026-08-01 18:47,Display,0
U01052,2026-08-05 18:33,Direct,0
U01053,2026-08-05 05:53,Referral,0
U01053,2026-08-05 11:02,Email,0
U01053,2026-08-05 11:05,Email,0
U01053,2026-08-10 19:54,Direct,1
U01054,2026-09-09 11:06,Social,0
U01054,2026-09-09 17:21,Social,0
U01054,2026-09-14 12:00,Organic Search,0
U01054,2026-09-14 16:59,Email,0
U01055,2026-08-05 16:40,Social,0
U01055,2026-08-08 16:23,Social,0
U01055,2026-08-09 15:40,Email,1
U01056,2026-09-08 22:26,Social,0
U01056,2026-09-11 10:42,Direct,0
U01056,2026-09-11 13:09,Paid Search,0
U01057,2026-09-14 09:08,Paid Search,0
U01058,2026-08-21 11:42,Display,0
U01059,2026-09-06 05:09,Referral,0
U01059,2026-09-06 18:29,Email,0
U01060,2026-09-03 13:55,Organic Search,0
U01061,2026-08-26 02:49,Display,0
U01062,2026-08-06 04:47,Social,0
U01063,2026-09-02 23:35,Display,0
U01063,2026-09-06 11:52,Paid Search,0
U01064,2026-08-28 02:55,Organic Search,0
U01064,2026-08-31 06:13,Display,0
U01065,2026-08-22 16:07,Paid Search,0
U01066,2026-09-11 05:33,Direct,0
U01066,2026-09-11 16:22,Paid Search,0
U01066,2026-09-16 00:18,Paid Search,0
U01066,2026-09-19 00:28,Direct,0
U01066,2026-09-23 13:48,Direct,0
U01067,2026-08-28 04:25,Display,0
U01067,2026-08-29 07:11,Paid Search,0
U01067,2026-09-03 12:25,Social,0
U01068,2026-09-12 20:33,Paid Search,0
U01069,2026-08-07 05:31,Social,0
U01069,2026-08-08 19:09,Email,0
U01070,2026-08-17 15:22,Social,0
U01071,2026-08-08 13:22,Organic Search,0
U01071,2026-08-11 21:46,Social,0
U01071,2026-08-11 22:41,Organic Search,1
U01072,2026-09-05 12:34,Paid Search,0
U01073,2026-08-19 09:27,Email,0
U01073,2026-08-20 09:45,Email,1
U01074,2026-08-26 17:46,Social,0
U01074,2026-08-29 02:47,Display,0
U01074,2026-08-29 23:58,Email,0
U01074,2026-09-07 13:04,Direct,0
U01074,2026-09-16 17:06,Direct,0
U01075,2026-08-02 15:37,Social,0
U01075,2026-08-06 06:11,Organic Search,0
U01075,2026-08-06 23:03,Paid Search,0
U01075,2026-08-08 02:33,Organic Search,0
U01076,2026-09-07 19:33,Organic Search,0
U01077,2026-08-16 17:06,Social,0
U01078,2026-09-02 03:04,Direct,0
U01079,2026-09-14 03:46,Email,0
U01079,2026-09-18 18:08,Display,0
U01079,2026-09-18 23:15,Paid Search,1
U01080,2026-08-04 12:59,Paid Search,0
U01081,2026-08-26 05:35,Display,0
U01081,2026-08-31 11:22,Display,0
U01082,2026-08-25 12:02,Organic Search,0
U01082,2026-08-25 18:02,Social,0
U01082,2026-08-27 09:26,Social,0
U01082,2026-08-30 02:42,Organic Search,0
U01083,2026-09-05 15:18,Paid Search,0
U01083,2026-09-12 04:46,Paid Search,0
U01083,2026-09-23 15:27,Paid Search,0
U01083,2026-09-24 06:44,Paid Search,0
U01083,2026-09-24 09:36,Social,0
U01083,2026-09-25 09:18,Paid Search,0
U01084,2026-08-30 03:13,Paid Search,0
U01085,2026-09-09 10:07,Paid Search,0
U01085,2026-09-13 18:55,Email,1
U01086,2026-08-25 08:16,Social,0
U01086,2026-08-26 03:57,Social,0
U01087,2026-08-02 15:05,Referral,0
U01087,2026-08-04 11:43,Paid Search,0
U01088,2026-08-21 07:57,Organic Search,0
U01088,2026-08-24 04:31,Paid Search,0
U01089,2026-08-06 08:23,Paid Search,0
U01089,2026-08-08 11:58,Direct,1
U01090,2026-08-19 08:57,Referral,0
U01091,2026-09-05 23:53,Organic Search,0
U01091,2026-09-09 15:46,Email,0
U01092,2026-09-14 05:39,Organic Search,0
U01092,2026-09-15 08:48,Paid Search,1
U01093,2026-09-05 16:39,Organic Search,0
U01093,2026-09-06 00:09,Paid Search,0
U01093,2026-09-06 07:39,Direct,0
U01093,2026-09-12 15:53,Referral,0
U01093,2026-10-01 09:36,Email,1
U01094,2026-09-13 06:31,Display,0
U01095,2026-09-12 19:00,Organic Search,0
U01095,2026-09-22 01:31,Direct,0
U01096,2026-08-06 03:05,Social,0
U01096,2026-08-10 16:54,Email,0
U01097,2026-08-27 15:33,Direct,0
U01097,2026-08-30 05:59,Email,0
U01097,2026-08-31 05:11,Paid Search,0
U01097,2026-09-01 13:27,Direct,0
U01098,2026-08-29 11:42,Referral,0
U01099,2026-09-10 14:18,Social,0
U01099,2026-09-12 12:14,Email,0
U01100,2026-09-05 06:55,Direct,0
U01101,2026-08-05 11:28,Display,0
U01101,2026-08-14 02:03,Direct,0
U01101,2026-08-16 11:59,Email,0
U01101,2026-08-20 04:33,Direct,1
U01102,2026-08-10 08:56,Social,0
U01103,2026-08-02 05:23,Display,0
U01104,2026-08-24 13:04,Paid Search,0
U01105,2026-08-11 15:13,Display,0
U01105,2026-08-11 22:51,Organic Search,0
U01105,2026-08-12 09:52,Social,0
U01106,2026-08-04 12:55,Paid Search,0
U01106,2026-08-07 06:43,Organic Search,0
U01106,2026-08-08 22:25,Display,1
U01107,2026-08-06 19:36,Social,0
U01107,2026-08-07 13:36,Organic Search,0
U01107,2026-08-10 05:11,Email,0
U01107,2026-08-14 17:42,Email,0
U01108,2026-09-11 03:03,Social,0
U01108,2026-09-21 12:13,Display,0
U01109,2026-08-31 07:23,Direct,0
U01109,2026-08-31 07:31,Organic Search,0
U01110,2026-08-25 03:22,Email,0
U01110,2026-09-01 05:40,Paid Search,0
U01110,2026-09-01 08:59,Referral,0
U01110,2026-09-02 12:00,Organic Search,1
U01111,2026-09-08 12:16,Paid Search,0
U01111,2026-09-15 12:38,Email,0
U01111,2026-09-17 05:43,Organic Search,0
U01112,2026-08-07 02:38,Paid Search,0
U01112,2026-08-07 21:06,Direct,0
U01113,2026-08-05 14:14,Email,0
U01113,2026-08-05 21:00,Email,1
U01114,2026-08-13 13:09,Social,0
U01114,2026-08-14 12:54,Social,0
U01114,2026-08-15 06:48,Direct,0
U01114,2026-08-15 09:17,Social,0
U01114,2026-08-17 04:42,Direct,0
U01114,2026-08-17 05:23,Organic Search,0
U01114,2026-08-17 18:35,Direct,0
U01114,2026-08-18 21:37,Organic Search,1
U01115,2026-08-03 09:14,Paid Search,0
U01116,2026-08-24 04:13,Social,0
U01116,2026-08-28 19:19,Email,0
U01116,2026-09-02 04:56,Direct,0
U01116,2026-09-03 01:36,Organic Search,0
U01116,2026-09-04 16:08,Social,0
U01116,2026-09-04 17:11,Email,0
U01116,2026-09-05 20:05,Paid Search,0
U01116,2026-09-08 15:14,Email,1
U01117,2026-08-09 10:12,Direct,0
U01117,2026-08-14 04:58,Direct,0
U01118,2026-09-06 22:56,Paid Search,0
U01119,2026-09-12 15:15,Paid Search,0
U01120,2026-08-17 19:01,Paid Search,0
U01121,2026-08-31 08:38,Email,0
U01121,2026-09-03 21:01,Paid Search,0
U01121,2026-09-04 23:23,Email,1
U01122,2026-08-19 19:57,Paid Search,0
U01122,2026-08-20 08:48,Social,0
U01122,2026-08-23 20:26,Email,0
U01122,2026-08-24 21:59,Paid Search,1
U01123,2026-08-15 17:56,Social,0
U01123,2026-08-17 17:54,Organic Search,0
U01123,2026-08-26 04:42,Organic Search,0
U01123,2026-08-27 07:18,Direct,1
U01124,2026-09-10 12:14,Social,0
U01124,2026-09-12 23:23,Referral,0
U01125,2026-08-10 00:46,Social,0
U01126,2026-09-12 04:54,Paid Search,0
U01126,2026-09-14 14:00,Social,0
U01126,2026-09-16 18:09,Direct,0
U01126,2026-09-18 16:43,Paid Search,0
U01126,2026-09-24 14:41,Paid Search,0
U01126,2026-09-27 14:21,Display,0
U01126,2026-09-29 07:03,Display,0
U01127,2026-09-10 07:25,Direct,0
U01127,2026-09-13 01:54,Paid Search,0
U01128,2026-08-21 01:51,Organic Search,0
U01128,2026-08-21 21:16,Paid Search,0
U01129,2026-08-07 09:12,Organic Search,0
U01129,2026-08-17 02:27,Direct,0
U01130,2026-08-03 17:20,Display,0
U01130,2026-08-07 18:26,Organic Search,0
U01130,2026-08-07 21:43,Organic Search,0
U01130,2026-08-08 21:56,Organic Search,0
U01130,2026-08-17 01:16,Social,0
U01130,2026-08-18 16:37,Display,0
U01130,2026-08-19 00:16,Organic Search,0
U01131,2026-08-09 11:16,Social,0
U01131,2026-08-15 10:23,Paid Search,0
U01131,2026-08-15 15:35,Paid Search,0
U01131,2026-08-18 04:21,Paid Search,0
U01131,2026-08-21 21:14,Paid Search,0
U01132,2026-09-09 10:06,Social,0
U01132,2026-09-11 23:32,Organic Search,0
U01133,2026-08-15 20:33,Display,0
U01134,2026-09-08 17:52,Display,0
U01135,2026-09-13 23:40,Social,0
U01136,2026-09-06 10:37,Display,0
U01137,2026-08-03 11:02,Direct,0
U01138,2026-08-06 17:06,Social,0
U01139,2026-09-12 22:36,Organic Search,0
U01140,2026-09-07 01:45,Display,0
U01140,2026-09-14 08:00,Direct,0
U01141,2026-08-23 01:41,Social,0
U01141,2026-08-24 06:29,Direct,0
U01141,2026-08-24 09:41,Paid Search,0
U01141,2026-08-25 12:20,Direct,0
U01141,2026-08-29 14:17,Social,0
U01142,2026-09-03 13:54,Email,0
U01143,2026-09-03 22:56,Display,0
U01144,2026-08-28 08:23,Display,0
U01144,2026-08-28 17:10,Email,1
U01145,2026-08-13 02:48,Email,0
U01145,2026-08-19 10:10,Email,0
U01145,2026-08-21 08:53,Referral,0
U01146,2026-08-23 06:41,Social,0
U01146,2026-08-24 20:40,Paid Search,0
U01147,2026-08-29 06:12,Paid Search,0
U01147,2026-09-02 04:14,Organic Search,0
U01147,2026-09-03 21:24,Paid Search,0
U01147,2026-09-04 14:48,Direct,0
U01148,2026-09-02 23:28,Organic Search,1
U01149,2026-08-07 06:16,Organic Search,0
U01149,2026-08-11 15:08,Direct,0
U01149,2026-08-12 16:58,Organic Search,0
U01149,2026-08-13 01:58,Social,0
U01149,2026-08-15 17:27,Social,0
U01149,2026-08-17 07:23,Social,0
U01149,2026-08-17 10:10,Display,1
U01150,2026-08-14 07:10,Direct,0
U01151,2026-08-06 16:35,Direct,0
U01151,2026-08-13 12:45,Direct,0
U01152,2026-09-10 06:38,Paid Search,0
U01153,2026-08-19 11:29,Direct,0
U01154,2026-08-29 21:54,Organic Search,0
U01154,2026-09-01 19:32,Email,0
U01155,2026-08-29 19:48,Paid Search,0
U01156,2026-09-04 07:05,Social,0
U01157,2026-08-29 01:33,Organic Search,0
U01158,2026-09-05 12:49,Organic Search,0
U01158,2026-09-06 14:53,Organic Search,0
U01158,2026-09-07 16:12,Organic Search,0
U01159,2026-09-14 15:09,Social,0
U01160,2026-08-22 07:53,Display,0
U01161,2026-08-14 15:50,Display,0
U01161,2026-08-15 07:52,Paid Search,0
U01161,2026-08-17 03:17,Referral,0
U01161,2026-08-17 12:26,Direct,0
U01161,2026-08-18 23:25,Direct,0
U01162,2026-08-18 21:03,Referral,0
U01162,2026-08-21 09:10,Social,0
U01163,2026-08-10 03:53,Paid Search,0
U01163,2026-08-11 14:19,Paid Search,1
U01164,2026-08-18 06:57,Organic Search,0
U01165,2026-08-26 22:44,Display,0
U01165,2026-08-28 09:29,Referral,0
U01166,2026-08-08 15:42,Social,0
U01166,2026-08-09 07:37,Email,1
U01167,2026-08-26 18:33,Display,0
U01167,2026-08-28 10:40,Email,0
U01167,2026-08-28 16:31,Social,1
U01168,2026-09-13 10:31,Paid Search,0
U01168,2026-09-16 04:00,Email,0
U01168,2026-09-17 09:59,Display,0
U01169,2026-09-02 07:18,Social,0
U01169,2026-09-04 14:24,Organic Search,1
U01170,2026-08-16 18:54,Display,0
U01170,2026-08-19 02:18,Paid Search,0
U01171,2026-08-02 15:00,Email,0
U01171,2026-08-06 00:02,Organic Search,0
U01172,2026-09-03 22:54,Paid Search,0
U01172,2026-09-04 21:59,Direct,0
U01173,2026-08-08 16:07,Paid Search,0
U01173,2026-08-13 07:54,Email,0
U01173,2026-08-16 05:28,Paid Search,0
U01174,2026-08-22 10:28,Organic Search,0
U01174,2026-08-24 12:17,Email,0
U01174,2026-08-25 04:36,Organic Search,0
U01175,2026-08-09 22:22,Display,0
U01176,2026-08-17 17:26,Organic Search,0
U01176,2026-08-19 03:32,Direct,0
U01177,2026-08-26 16:39,Organic Search,0
U01177,2026-08-27 00:19,Direct,0
U01177,2026-08-28 23:03,Email,0
U01177,2026-08-30 14:50,Direct,0
U01178,2026-08-25 12:03,Social,0
U01178,2026-08-25 23:20,Direct,0
U01179,2026-08-29 20:40,Display,0
U01179,2026-09-03 19:03,Email,0
U01179,2026-09-06 07:20,Paid Search,0
U01179,2026-09-07 20:09,Organic Search,0
U01179,2026-09-08 01:18,Display,0
U01180,2026-08-16 14:58,Display,0
U01180,2026-08-19 08:17,Email,0
U01181,2026-08-28 21:17,Social,0
U01182,2026-08-17 22:37,Display,0
U01183,2026-09-01 05:14,Display,0
U01184,2026-09-03 11:59,Email,0
U01185,2026-08-06 09:17,Referral,0
U01186,2026-08-03 05:40,Social,0
U01187,2026-08-29 16:43,Organic Search,0
U01188,2026-09-10 00:01,Paid Search,0
U01188,2026-09-12 07:24,Organic Search,0
U01188,2026-09-14 07:04,Paid Search,0
U01188,2026-09-14 14:46,Direct,0
U01189,2026-08-02 20:34,Organic Search,0
U01190,2026-08-24 18:18,Organic Search,0
U01190,2026-08-25 23:41,Social,0
U01190,2026-08-27 04:58,Paid Search,0
U01190,2026-08-27 23:39,Display,0
U01190,2026-08-28 02:33,Email,0
U01190,2026-08-28 22:39,Paid Search,1
U01191,2026-08-31 10:20,Display,0
U01191,2026-09-01 23:34,Email,0
U01191,2026-09-07 08:48,Email,1
U01192,2026-09-08 05:08,Social,0
U01193,2026-08-23 03:43,Social,0
U01193,2026-08-24 19:10,Direct,0
U01193,2026-08-26 19:41,Social,0
U01193,2026-08-30 12:45,Email,0
U01194,2026-08-18 18:21,Display,0
U01194,2026-08-21 17:58,Display,0
U01195,2026-08-06 10:41,Direct,0
U01195,2026-08-09 05:05,Direct,1
U01196,2026-09-05 23:40,Display,0
U01197,2026-08-10 03:46,Direct,0
U01197,2026-08-13 20:20,Paid Search,0
U01198,2026-08-20 09:53,Display,0
U01198,2026-08-20 10:04,Paid Search,0
U01199,2026-08-06 23:19,Organic Search,0
U01200,2026-08-16 20:45,Paid Search,0
U01201,2026-08-08 01:40,Paid Search,0
U01202,2026-08-18 01:53,Organic Search,0
U01203,2026-09-10 21:52,Direct,0
U01203,2026-09-11 17:45,Paid Search,0
U01203,2026-09-17 22:43,Direct,0
U01203,2026-09-18 22:32,Organic Search,0
U01203,2026-09-19 02:29,Direct,0
U01203,2026-09-19 07:49,Organic Search,0
U01203,2026-09-24 08:41,Direct,1
U01204,2026-08-07 18:05,Referral,0
U01204,2026-08-08 20:47,Display,1
U01205,2026-08-16 22:52,Display,0
U01206,2026-08-23 02:31,Email,0
U01206,2026-08-25 02:08,Paid Search,0
U01206,2026-08-27 19:13,Display,0
U01206,2026-09-02 22:47,Display,0
U01206,2026-09-05 05:42,Direct,0
U01206,2026-09-05 13:37,Paid Search,0
U01206,2026-09-08 14:22,Referral,0
U01206,2026-09-09 04:16,Paid Search,0
U01207,2026-08-22 10:37,Display,0
U01207,2026-08-23 12:03,Social,0
U01207,2026-08-28 20:04,Email,0
U01207,2026-09-02 18:36,Social,0
U01208,2026-08-17 04:55,Paid Search,0
U01208,2026-08-18 08:57,Email,0
U01208,2026-08-19 22:28,Paid Search,0
U01209,2026-09-03 16:45,Social,0
U01210,2026-08-03 00:49,Organic Search,0
U01210,2026-08-03 06:27,Organic Search,1
U01211,2026-08-27 01:55,Display,0
U01211,2026-08-31 22:53,Paid Search,1
U01212,2026-08-26 21:54,Paid Search,0
U01213,2026-09-01 02:46,Direct,0
U01214,2026-08-13 05:33,Organic Search,0
U01214,2026-08-13 08:25,Direct,0
U01215,2026-08-17 17:16,Organic Search,0
U01215,2026-08-18 06:22,Email,0
U01216,2026-08-13 05:20,Social,0
U01217,2026-09-12 13:22,Organic Search,0
U01218,2026-09-06 09:39,Email,0
U01219,2026-09-07 02:54,Email,0
U01220,2026-09-07 18:16,Social,0
U01221,2026-08-14 02:58,Social,0
U01222,2026-09-08 10:39,Paid Search,0
U01222,2026-09-22 20:01,Email,0
U01222,2026-09-23 19:27,Display,0
U01223,2026-08-01 07:32,Email,0
U01223,2026-08-04 02:42,Social,0
U01223,2026-08-05 07:57,Email,1
U01224,2026-09-13 04:23,Organic Search,0
U01224,2026-09-14 04:20,Email,0
U01225,2026-08-23 05:20,Organic Search,0
U01226,2026-08-25 20:50,Email,0
U01227,2026-09-07 16:53,Social,1
U01228,2026-08-17 10:26,Referral,0
U01228,2026-08-23 10:07,Referral,0
U01229,2026-08-03 06:35,Social,0
U01229,2026-08-11 21:26,Email,0
U01230,2026-09-06 12:07,Social,0
U01230,2026-09-07 16:46,Organic Search,0
U01230,2026-09-09 00:49,Social,0
U01230,2026-09-11 07:50,Social,0
U01230,2026-09-12 11:19,Social,0
U01230,2026-09-20 05:48,Organic Search,0
U01230,2026-09-24 19:11,Email,0
U01231,2026-09-07 23:10,Email,0
U01231,2026-09-13 00:43,Display,0
U01231,2026-09-13 18:30,Social,0
U01232,2026-09-10 13:31,Social,0
U01232,2026-09-11 07:56,Social,0
U01232,2026-09-16 19:48,Social,0
U01232,2026-09-17 09:58,Social,0
U01233,2026-08-15 23:50,Organic Search,0
U01234,2026-08-25 10:09,Social,0
U01234,2026-08-26 09:07,Email,0
U01234,2026-08-27 01:24,Display,0
U01235,2026-08-14 04:25,Display,0
U01235,2026-08-15 12:11,Email,0
U01236,2026-09-04 03:21,Display,0
U01237,2026-08-29 14:26,Direct,0
U01237,2026-08-29 15:13,Email,0
U01237,2026-08-29 23:31,Organic Search,0
U01237,2026-09-01 00:33,Paid Search,0
U01238,2026-08-21 06:23,Display,0
U01239,2026-08-17 06:11,Organic Search,0
U01239,2026-08-17 22:32,Organic Search,0
U01239,2026-08-19 01:17,Email,0
U01240,2026-09-04 01:38,Organic Search,0
U01241,2026-08-28 07:28,Organic Search,0
U01241,2026-08-30 02:46,Paid Search,0
U01241,2026-08-30 13:31,Email,0
U01242,2026-08-13 06:44,Referral,0
U01243,2026-08-05 11:38,Social,0
U01243,2026-08-07 02:12,Social,0
U01243,2026-08-10 05:05,Organic Search,0
U01243,2026-08-10 13:12,Email,0
U01243,2026-08-12 14:29,Organic Search,0
U01244,2026-08-23 14:06,Organic Search,0
U01244,2026-09-05 12:01,Direct,0
U01244,2026-09-08 15:42,Organic Search,1
U01245,2026-09-09 16:57,Display,0
U01246,2026-09-13 17:37,Organic Search,0
U01246,2026-09-17 14:26,Direct,0
U01246,2026-09-19 18:03,Paid Search,0
U01246,2026-09-22 09:56,Email,0
U01246,2026-09-24 05:32,Paid Search,0
U01246,2026-09-25 02:57,Direct,1
U01247,2026-08-04 23:13,Paid Search,0
U01247,2026-08-09 04:05,Direct,0
U01247,2026-08-09 13:51,Email,1
U01248,2026-08-04 12:52,Social,0
U01248,2026-08-04 12:54,Direct,0
U01249,2026-08-29 18:46,Social,0
U01249,2026-08-31 10:42,Organic Search,0
U01249,2026-09-01 21:36,Social,0
U01249,2026-09-02 04:16,Organic Search,1
U01250,2026-08-31 19:37,Social,0
U01250,2026-09-03 05:30,Referral,0
U01251,2026-09-02 16:02,Organic Search,0
U01251,2026-09-02 16:30,Paid Search,0
U01251,2026-09-03 19:30,Display,0
U01251,2026-09-03 23:41,Paid Search,0
U01251,2026-09-04 15:29,Direct,0
U01251,2026-09-06 23:58,Paid Search,0
U01252,2026-08-12 20:31,Paid Search,0
U01252,2026-08-12 23:43,Social,0
U01252,2026-08-13 02:25,Paid Search,0
U01252,2026-08-13 14:14,Paid Search,0
U01252,2026-08-14 07:25,Email,0
U01252,2026-08-14 14:27,Direct,1
U01253,2026-08-01 03:42,Display,0
U01254,2026-09-03 20:41,Organic Search,0
U01254,2026-09-07 07:59,Direct,0
U01254,2026-09-07 17:38,Organic Search,0
U01254,2026-09-07 20:42,Organic Search,0
U01254,2026-09-07 21:56,Organic Search,0
U01254,2026-09-09 11:46,Organic Search,0
U01254,2026-09-14 13:24,Display,0
U01255,2026-08-27 18:04,Social,0
U01256,2026-08-10 06:32,Social,0
U01257,2026-09-04 05:51,Social,0
U01257,2026-09-04 10:54,Display,0
U01257,2026-09-06 02:16,Email,0
U01257,2026-09-11 07:40,Display,0
U01257,2026-09-15 01:24,Organic Search,0
U01257,2026-09-16 21:33,Referral,1
U01258,2026-08-06 10:02,Social,0
U01258,2026-08-09 11:25,Direct,0
U01258,2026-08-12 22:57,Email,0
U01258,2026-08-13 11:35,Paid Search,1
U01259,2026-08-30 15:31,Social,0
U01260,2026-09-11 07:03,Paid Search,0
U01260,2026-09-13 06:50,Email,1
U01261,2026-08-28 22:46,Email,0
U01261,2026-09-01 01:37,Direct,0
U01261,2026-09-03 13:42,Social,0
U01261,2026-09-11 20:00,Email,0
U01261,2026-09-11 21:55,Email,1
U01262,2026-08-30 17:17,Social,0
U01262,2026-08-30 19:06,Organic Search,0
U01262,2026-09-02 15:32,Display,0
U01263,2026-08-29 05:06,Paid Search,0
U01263,2026-08-29 11:02,Paid Search,0
U01263,2026-09-05 14:11,Referral,0
U01263,2026-09-07 19:39,Paid Search,0
U01263,2026-09-13 08:02,Display,0
U01263,2026-09-15 21:45,Organic Search,1
U01264,2026-08-30 12:49,Paid Search,0
U01265,2026-08-02 13:19,Social,0
U01265,2026-08-03 17:15,Organic Search,0
U01265,2026-08-05 02:30,Email,0
U01265,2026-08-05 09:02,Social,0
U01265,2026-08-05 13:02,Referral,0
U01265,2026-08-17 22:55,Paid Search,1
U01266,2026-08-28 16:37,Direct,0
U01266,2026-08-29 12:16,Direct,0
U01267,2026-09-07 03:30,Organic Search,0
U01267,2026-09-09 03:07,Direct,0
U01268,2026-08-06 05:41,Organic Search,0
U01269,2026-09-14 14:20,Display,0
U01269,2026-09-17 19:40,Social,0
U01269,2026-09-30 19:19,Organic Search,0
U01269,2026-09-30 22:29,Paid Search,0
U01270,2026-08-08 10:25,Direct,0
U01270,2026-08-08 16:41,Organic Search,0
U01271,2026-09-12 07:26,Email,0
U01272,2026-09-02 01:47,Display,0
U01272,2026-09-02 21:59,Email,0
U01272,2026-09-08 23:43,Organic Search,0
U01273,2026-08-02 01:56,Social,0
U01273,2026-08-07 15:55,Social,0
U01273,2026-08-10 02:23,Direct,0
U01273,2026-08-10 20:21,Direct,0
U01274,2026-08-13 11:41,Paid Search,0
U01275,2026-08-01 19:25,Social,0
U01275,2026-08-02 00:44,Referral,0
U01275,2026-08-03 16:27,Display,0
U01275,2026-08-04 18:38,Paid Search,0
U01275,2026-08-05 10:48,Social,0
U01275,2026-08-06 02:24,Social,0
U01275,2026-08-07 13:50,Social,0
U01275,2026-08-09 05:50,Organic Search,1
U01276,2026-09-04 17:21,Direct,0
U01276,2026-09-07 18:33,Social,0
U01276,2026-09-11 19:04,Paid Search,0
U01277,2026-08-09 09:34,Paid Search,0
U01277,2026-08-09 23:14,Social,0
U01278,2026-09-08 20:16,Social,0
U01278,2026-09-10 03:02,Email,0
U01278,2026-09-10 06:37,Organic Search,0
U01278,2026-09-10 20:33,Social,0
U01279,2026-09-03 07:29,Social,0
U01279,2026-09-11 12:20,Referral,0
U01279,2026-09-19 13:14,Paid Search,0
U01279,2026-09-25 05:02,Organic Search,0
U01279,2026-09-27 04:43,Email,0
U01279,2026-09-27 05:54,Social,0
U01279,2026-10-07 21:59,Referral,0
U01279,2026-10-08 12:56,Social,0
U01280,2026-08-24 00:31,Social,0
U01280,2026-08-26 00:56,Direct,0
U01281,2026-08-31 21:47,Social,0
U01281,2026-09-04 22:33,Paid Search,0
U01281,2026-09-05 10:24,Email,0
U01281,2026-09-09 14:15,Organic Search,1
U01282,2026-09-11 22:44,Display,0
U01282,2026-09-13 09:41,Organic Search,0
U01282,2026-09-17 21:57,Paid Search,1
U01283,2026-08-03 20:29,Paid Search,0
U01284,2026-08-16 09:04,Organic Search,0
U01285,2026-08-14 11:41,Paid Search,0
U01285,2026-08-15 09:14,Organic Search,0
U01286,2026-09-06 12:52,Paid Search,0
U01286,2026-09-07 06:12,Organic Search,0
U01287,2026-09-12 07:27,Referral,0
U01287,2026-09-16 08:47,Social,0
U01288,2026-09-11 00:51,Organic Search,0
U01288,2026-09-13 03:23,Paid Search,0
U01288,2026-09-13 04:08,Email,0
U01289,2026-08-08 18:03,Organic Search,0
U01290,2026-09-03 10:43,Organic Search,0
U01290,2026-09-04 11:54,Email,0
U01291,2026-08-19 15:42,Social,0
U01292,2026-09-09 19:27,Organic Search,0
U01292,2026-09-10 07:47,Direct,0
U01292,2026-09-10 08:25,Organic Search,0
U01292,2026-09-11 15:34,Direct,0
U01292,2026-09-18 20:05,Direct,0
U01292,2026-09-26 11:04,Paid Search,0
U01292,2026-09-30 15:26,Email,1
U01293,2026-08-08 17:05,Direct,0
U01294,2026-08-17 03:00,Referral,0
U01294,2026-08-18 04:39,Organic Search,0
U01295,2026-09-13 19:01,Paid Search,0
U01295,2026-09-14 12:22,Direct,0
U01295,2026-09-14 16:26,Direct,0
U01295,2026-09-16 20:50,Direct,0
U01295,2026-09-17 18:54,Paid Search,0
U01295,2026-09-26 11:22,Social,0
U01296,2026-08-26 03:37,Paid Search,0
U01296,2026-08-29 07:08,Display,0
U01297,2026-08-31 08:24,Organic Search,0
U01297,2026-09-01 01:44,Referral,0
U01297,2026-09-05 11:46,Email,1
U01298,2026-08-27 11:51,Referral,0
U01298,2026-09-02 07:52,Direct,0
U01298,2026-09-03 11:43,Organic Search,0
U01298,2026-09-04 20:17,Paid Search,0
U01298,2026-09-08 18:47,Direct,1
U01299,2026-09-03 05:04,Email,0
U01299,2026-09-06 12:52,Email,0
U01299,2026-09-10 02:22,Email,0
U01299,2026-09-11 17:33,Organic Search,0
U01299,2026-09-11 23:07,Direct,0
U01299,2026-09-14 05:39,Direct,1
U01300,2026-08-03 12:27,Email,0
U01300,2026-08-05 12:38,Email,0
U01301,2026-08-09 03:11,Social,0
U01301,2026-08-10 05:25,Referral,0
U01301,2026-08-18 07:54,Paid Search,0
U01301,2026-08-18 14:58,Paid Search,0
U01302,2026-09-10 18:11,Social,0
U01303,2026-09-08 08:53,Social,0
U01304,2026-08-08 10:15,Display,0
U01304,2026-08-10 04:38,Direct,0
U01304,2026-08-18 10:27,Direct,0
U01304,2026-08-18 14:40,Social,0
U01305,2026-08-21 02:40,Organic Search,0
U01305,2026-08-21 16:30,Email,0
U01305,2026-08-24 12:23,Display,0
U01306,2026-09-13 22:47,Social,0
U01307,2026-09-04 03:07,Display,0
U01307,2026-09-04 16:56,Direct,0
U01307,2026-09-06 09:54,Direct,0
U01308,2026-09-03 20:01,Social,0
U01308,2026-09-05 14:03,Organic Search,0
U01308,2026-09-15 02:40,Display,0
U01309,2026-09-13 08:56,Display,0
U01309,2026-09-14 04:41,Email,0
U01309,2026-09-20 05:31,Social,1
U01310,2026-08-05 17:39,Organic Search,0
U01310,2026-08-12 13:35,Paid Search,0
U01310,2026-08-18 23:00,Display,0
U01310,2026-08-20 05:42,Social,0
U01311,2026-08-14 23:19,Organic Search,0
U01312,2026-08-17 17:20,Social,0
U01312,2026-08-17 23:03,Paid Search,0
U01312,2026-08-18 03:22,Email,0
U01313,2026-09-07 08:51,Social,0
U01313,2026-09-08 05:49,Social,0
U01313,2026-09-09 14:21,Direct,0
U01313,2026-09-13 16:10,Paid Search,0
U01314,2026-09-11 20:13,Email,0
U01315,2026-08-10 07:23,Organic Search,0
U01316,2026-08-13 08:37,Social,0
U01316,2026-08-17 01:23,Paid Search,0
U01316,2026-08-18 12:13,Email,0
U01316,2026-08-20 13:13,Social,0
U01316,2026-08-25 04:54,Social,0
U01317,2026-09-09 22:08,Organic Search,0
U01318,2026-08-20 20:39,Social,0
U01318,2026-08-22 22:13,Paid Search,0
U01318,2026-08-24 05:05,Paid Search,1
U01319,2026-08-05 09:55,Social,0
U01319,2026-08-06 00:20,Social,0
U01319,2026-08-06 18:28,Paid Search,0
U01319,2026-08-10 14:18,Paid Search,0
U01319,2026-08-13 14:37,Referral,0
U01319,2026-08-24 21:15,Paid Search,0
U01319,2026-08-29 07:06,Display,0
U01319,2026-08-31 12:05,Paid Search,0
U01320,2026-08-03 20:19,Organic Search,0
U01321,2026-08-01 19:47,Paid Search,0
U01321,2026-08-02 09:30,Direct,1
U01322,2026-09-09 14:17,Organic Search,0
U01323,2026-09-02 06:49,Display,0
U01324,2026-08-08 02:37,Display,0
U01324,2026-08-11 07:39,Email,0
U01325,2026-08-27 19:08,Display,0
U01325,2026-09-01 15:54,Paid Search,0
U01325,2026-09-09 14:28,Paid Search,0
U01325,2026-09-12 13:23,Email,0
U01326,2026-08-17 17:59,Organic Search,0
U01326,2026-08-21 15:21,Paid Search,0
U01326,2026-08-22 15:18,Direct,0
U01326,2026-08-23 20:13,Email,0
U01327,2026-08-09 06:07,Paid Search,0
U01328,2026-09-05 18:48,Paid Search,0
U01328,2026-09-06 15:46,Paid Search,0
U01328,2026-09-07 10:10,Organic Search,0
U01328,2026-09-10 06:29,Paid Search,0
U01329,2026-08-24 19:45,Organic Search,0
U01329,2026-08-25 06:20,Paid Search,0
U01330,2026-09-03 05:53,Display,0
U01331,2026-08-11 01:36,Direct,0
U01331,2026-08-11 10:01,Social,0
U01331,2026-08-12 23:36,Organic Search,0
U01332,2026-09-02 09:32,Social,0
U01332,2026-09-04 00:27,Email,1
U01333,2026-09-03 19:15,Paid Search,0
U01334,2026-08-14 03:50,Organic Search,0
U01334,2026-08-16 14:31,Paid Search,0
U01334,2026-08-19 02:28,Social,0
U01334,2026-08-21 01:26,Social,0
U01334,2026-08-21 15:40,Direct,0
U01334,2026-08-21 16:19,Organic Search,0
U01334,2026-08-22 02:08,Referral,0
U01334,2026-08-23 14:40,Paid Search,0
U01335,2026-08-26 07:30,Email,0
U01335,2026-08-28 20:32,Display,0
U01336,2026-09-03 04:22,Social,0
U01337,2026-08-23 00:51,Paid Search,0
U01337,2026-08-25 00:40,Direct,0
U01338,2026-09-02 10:55,Display,0
U01339,2026-08-17 19:45,Social,0
U01339,2026-08-19 01:36,Organic Search,0
U01340,2026-08-21 10:35,Direct,0
U01341,2026-09-05 08:31,Display,0
U01341,2026-09-07 16:32,Email,1
U01342,2026-08-27 18:55,Organic Search,0
U01342,2026-08-28 16:12,Organic Search,0
U01343,2026-08-18 03:58,Display,0
U01343,2026-08-19 02:04,Paid Search,0
U01343,2026-08-21 13:34,Social,0
U01344,2026-09-06 02:41,Email,0
U01344,2026-09-06 03:23,Paid Search,1
U01345,2026-08-14 01:21,Social,0
U01345,2026-08-14 20:53,Direct,0
U01346,2026-08-19 13:59,Paid Search,0
U01346,2026-08-21 11:19,Organic Search,0
U01347,2026-08-16 06:14,Organic Search,0
U01347,2026-08-16 11:45,Organic Search,0
U01348,2026-09-04 10:36,Social,0
U01348,2026-09-04 12:05,Organic Search,0
U01348,2026-09-05 07:09,Social,0
U01349,2026-08-27 15:57,Social,0
U01349,2026-08-31 03:48,Organic Search,0
U01350,2026-08-14 17:12,Organic Search,0
U01351,2026-08-14 14:44,Organic Search,0
U01351,2026-08-15 11:52,Email,0
U01351,2026-08-15 16:18,Email,0
U01351,2026-08-17 04:43,Direct,0
U01352,2026-09-09 02:07,Organic Search,0
U01352,2026-09-11 05:41,Paid Search,0
U01352,2026-09-14 13:02,Paid Search,0
U01353,2026-08-25 09:02,Display,0
U01353,2026-08-28 05:32,Email,0
U01353,2026-08-31 19:03,Paid Search,1
U01354,2026-08-02 06:28,Organic Search,0
U01355,2026-09-04 11:25,Organic Search,0
U01355,2026-09-05 04:55,Email,0
U01356,2026-08-19 13:44,Organic Search,0
U01356,2026-08-21 09:37,Email,0
U01356,2026-08-22 00:17,Social,0
U01356,2026-08-25 13:58,Direct,0
U01357,2026-08-26 14:58,Paid Search,0
U01358,2026-08-18 23:51,Social,0
U01359,2026-08-18 04:43,Organic Search,0
U01359,2026-08-19 17:36,Direct,0
U01360,2026-09-03 21:20,Paid Search,0
U01360,2026-09-05 12:52,Organic Search,0
U01360,2026-09-12 16:22,Email,0
U01360,2026-09-16 20:04,Organic Search,0
U01361,2026-08-07 06:25,Social,0
U01361,2026-08-14 00:51,Paid Search,0
U01361,2026-08-22 01:59,Email,0
U01362,2026-08-24 17:36,Organic Search,0
U01362,2026-08-26 04:05,Email,0
U01362,2026-08-27 13:29,Paid Search,0
U01362,2026-08-29 07:35,Email,0
U01362,2026-08-30 13:28,Organic Search,0
U01362,2026-08-31 13:04,Paid Search,0
U01362,2026-09-02 01:08,Email,0
U01363,2026-09-07 03:23,Social,0
U01363,2026-09-07 05:41,Direct,0
U01364,2026-08-07 18:21,Organic Search,0
U01364,2026-08-09 04:54,Email,0
U01364,2026-08-10 11:24,Organic Search,0
U01364,2026-08-12 00:02,Direct,1
U01365,2026-09-08 15:19,Social,0
U01365,2026-09-08 22:02,Email,0
U01366,2026-08-18 11:58,Organic Search,0
U01367,2026-08-06 06:57,Display,0
U01367,2026-08-11 07:19,Organic Search,0
U01367,2026-08-12 08:51,Direct,0
U01368,2026-08-05 13:14,Display,0
U01369,2026-09-06 05:30,Display,0
U01370,2026-08-24 03:58,Social,0
U01370,2026-08-24 14:24,Organic Search,0
U01371,2026-09-12 09:25,Direct,0
U01372,2026-09-02 12:40,Organic Search,0
U01373,2026-08-26 12:48,Display,0
U01373,2026-08-26 23:44,Display,0
U01373,2026-08-31 14:54,Organic Search,0
U01374,2026-09-13 02:48,Display,0
U01374,2026-09-13 08:30,Display,0
U01374,2026-09-15 10:58,Email,0
U01374,2026-09-16 21:27,Direct,0
U01374,2026-09-17 18:48,Social,0
U01375,2026-08-04 09:21,Direct,0
U01375,2026-08-04 12:39,Email,0
U01376,2026-09-11 04:39,Organic Search,0
U01376,2026-09-12 07:49,Direct,0
U01377,2026-08-28 20:58,Organic Search,0
U01377,2026-08-29 08:16,Email,0
U01378,2026-09-06 01:22,Social,0
U01379,2026-08-25 05:43,Organic Search,0
U01379,2026-08-28 11:56,Email,0
U01380,2026-09-13 12:26,Organic Search,0
U01380,2026-09-18 11:09,Email,0
U01381,2026-09-14 17:23,Social,0
U01381,2026-09-17 17:15,Display,0
U01381,2026-09-21 04:34,Paid Search,0
U01381,2026-09-22 13:33,Display,1
U01382,2026-08-28 23:26,Social,0
U01383,2026-08-02 07:14,Paid Search,0
U01384,2026-08-24 05:12,Organic Search,0
U01385,2026-08-01 05:52,Email,0
U01385,2026-08-03 06:21,Direct,0
U01385,2026-08-04 08:01,Email,1
U01386,2026-09-06 12:43,Email,0
U01387,2026-09-02 06:18,Social,0
U01387,2026-09-05 00:34,Direct,0
U01387,2026-09-09 21:05,Paid Search,0
U01388,2026-09-04 13:24,Social,0
U01389,2026-08-14 07:30,Direct,0
U01390,2026-09-01 15:04,Social,0
U01391,2026-08-02 08:57,Direct,0
U01391,2026-08-03 17:45,Paid Search,1
U01392,2026-08-26 01:34,Display,0
U01392,2026-08-27 23:45,Paid Search,0
U01392,2026-08-31 11:41,Direct,0
U01392,2026-09-03 12:35,Email,0
U01393,2026-09-01 16:18,Organic Search,0
U01393,2026-09-03 01:52,Paid Search,0
U01393,2026-09-07 04:18,Direct,0
U01393,2026-09-07 11:14,Organic Search,0
U01393,2026-09-17 20:36,Social,1
U01394,2026-09-11 16:33,Email,0
U01395,2026-08-24 21:09,Social,0
U01396,2026-08-08 01:39,Social,0
U01396,2026-08-09 03:26,Direct,0
U01396,2026-08-10 18:35,Organic Search,0
U01397,2026-08-15 02:53,Organic Search,0
U01397,2026-08-17 07:44,Display,0
U01398,2026-09-06 03:54,Display,0
U01398,2026-09-12 10:38,Paid Search,1
U01399,2026-08-30 04:17,Paid Search,0
U01400,2026-08-18 09:24,Direct,0
U01401,2026-09-01 03:44,Social,0
U01402,2026-08-01 18:37,Display,0
U01403,2026-08-09 20:10,Social,0
U01403,2026-08-10 03:21,Organic Search,0
U01404,2026-08-10 20:53,Paid Search,0
U01404,2026-08-13 01:59,Paid Search,0
U01404,2026-08-13 04:36,Direct,1
U01405,2026-08-18 00:44,Display,0
U01405,2026-08-19 05:21,Email,0
U01406,2026-08-15 10:59,Social,0
U01406,2026-08-16 11:17,Paid Search,0
U01407,2026-08-23 16:55,Display,0
U01407,2026-08-27 06:14,Social,0
U01407,2026-08-29 06:45,Email,0
U01407,2026-09-02 22:50,Direct,0
U01408,2026-09-06 12:31,Paid Search,0
U01408,2026-09-10 06:55,Organic Search,0
U01408,2026-09-14 19:06,Social,1
U01409,2026-09-02 21:50,Direct,0
U01409,2026-09-08 09:15,Social,0
U01409,2026-09-11 03:07,Email,0
U01409,2026-09-16 12:45,Paid Search,1
U01410,2026-08-04 14:48,Organic Search,0
U01410,2026-08-06 12:56,Email,0
U01411,2026-08-28 10:45,Display,0
U01411,2026-08-31 09:02,Referral,0
U01412,2026-09-03 09:40,Organic Search,0
U01412,2026-09-03 21:43,Organic Search,0
U01412,2026-09-04 23:37,Social,0
U01412,2026-09-06 09:22,Paid Search,0
U01412,2026-09-06 13:57,Email,0
U01412,2026-09-06 19:26,Paid Search,1
U01413,2026-08-20 19:30,Social,0
U01413,2026-08-24 17:57,Direct,0
U01413,2026-08-25 01:40,Paid Search,1
U01414,2026-08-19 03:41,Social,0
U01414,2026-08-19 13:50,Direct,0
U01415,2026-08-21 00:26,Paid Search,0
U01415,2026-08-25 07:34,Direct,0
U01415,2026-08-27 07:39,Organic Search,0
U01415,2026-08-27 22:47,Email,1
U01416,2026-09-08 11:48,Paid Search,0
U01416,2026-09-09 09:50,Email,0
U01416,2026-09-09 11:25,Direct,0
U01416,2026-09-11 11:34,Paid Search,0
U01417,2026-09-07 23:56,Paid Search,0
U01418,2026-08-05 09:07,Organic Search,0
U01418,2026-08-07 16:36,Social,0
U01418,2026-08-07 17:48,Paid Search,0
U01418,2026-08-09 16:28,Paid Search,0
U01418,2026-08-09 18:41,Organic Search,0
U01419,2026-08-24 19:03,Referral,0
U01419,2026-08-28 23:50,Email,0
U01420,2026-09-07 22:43,Organic Search,0
U01420,2026-09-11 16:32,Organic Search,0
U01420,2026-09-14 11:06,Paid Search,0
U01420,2026-09-19 10:47,Display,0
U01420,2026-09-20 16:22,Display,0
U01420,2026-09-22 01:55,Organic Search,0
U01420,2026-09-24 07:57,Paid Search,0
U01420,2026-09-25 02:55,Social,1
U01421,2026-09-06 12:25,Referral,0
U01421,2026-09-08 04:39,Paid Search,0
U01421,2026-09-09 12:21,Paid Search,1
U01422,2026-08-13 16:15,Social,0
U01423,2026-09-01 11:47,Organic Search,0
U01424,2026-08-03 05:38,Direct,0
U01425,2026-08-21 11:15,Display,0
U01425,2026-08-25 03:27,Organic Search,0
U01425,2026-08-28 09:08,Paid Search,0
U01426,2026-08-01 05:43,Social,0
U01427,2026-09-08 00:18,Social,0
U01427,2026-09-09 07:43,Organic Search,0
U01428,2026-08-14 21:59,Social,0
U01428,2026-08-15 21:41,Organic Search,0
U01429,2026-08-24 09:54,Social,1
U01430,2026-08-26 13:08,Display,0
U01430,2026-08-27 21:16,Organic Search,0
U01431,2026-09-08 02:43,Direct,0
U01431,2026-09-08 23:49,Organic Search,0
U01431,2026-09-08 23:57,Email,0
U01431,2026-09-12 00:04,Email,1
U01432,2026-08-16 11:01,Paid Search,0
U01433,2026-08-26 01:59,Paid Search,0
U01433,2026-09-02 06:56,Organic Search,0
U01434,2026-08-29 07:58,Display,0
U01435,2026-08-07 15:54,Display,0
U01435,2026-08-07 16:35,Email,0
U01435,2026-08-07 23:06,Direct,0
U01435,2026-08-13 00:17,Direct,0
U01435,2026-08-13 19:28,Organic Search,0
U01435,2026-08-19 15:53,Organic Search,1
U01436,2026-08-08 20:13,Social,0
U01437,2026-09-09 06:15,Organic Search,0
U01438,2026-09-06 09:26,Paid Search,0
U01439,2026-08-13 11:52,Social,0
U01440,2026-08-29 18:43,Referral,0
U01441,2026-08-31 16:14,Social,0
U01441,2026-09-18 16:05,Paid Search,0
U01441,2026-09-27 10:37,Display,0
U01442,2026-08-14 16:43,Organic Search,0
U01443,2026-08-01 21:12,Organic Search,0
U01444,2026-08-03 14:40,Display,0
U01444,2026-08-04 10:41,Direct,0
U01444,2026-08-06 20:01,Paid Search,1
U01445,2026-09-01 22:53,Paid Search,0
U01445,2026-09-04 15:00,Email,0
U01445,2026-09-05 00:34,Email,0
U01445,2026-09-08 21:12,Social,0
U01445,2026-09-16 14:06,Organic Search,0
U01445,2026-09-17 08:48,Email,0
U01445,2026-09-17 11:18,Email,0
U01445,2026-09-20 14:58,Email,0
U01446,2026-08-27 23:30,Social,0
U01447,2026-08-28 17:11,Paid Search,0
U01448,2026-08-13 14:13,Paid Search,0
U01448,2026-08-15 22:36,Paid Search,0
U01448,2026-08-18 01:07,Referral,1
U01449,2026-09-06 07:07,Organic Search,0
U01450,2026-08-23 11:32,Organic Search,0
U01450,2026-09-01 02:53,Organic Search,0
U01450,2026-09-05 01:18,Email,0
U01450,2026-09-05 18:07,Social,0
U01450,2026-09-05 22:22,Organic Search,0
U01450,2026-09-06 04:40,Organic Search,0
U01451,2026-08-15 05:55,Display,0
U01452,2026-08-19 17:33,Display,0
U01453,2026-08-16 01:24,Organic Search,0
U01454,2026-08-10 17:27,Social,0
U01455,2026-09-13 12:38,Social,0
U01456,2026-08-25 04:58,Organic Search,0
U01456,2026-08-28 21:57,Email,0
U01457,2026-08-13 09:36,Organic Search,0
U01458,2026-08-05 17:54,Referral,0
U01458,2026-08-06 09:58,Social,0
U01458,2026-08-08 13:47,Email,0
U01459,2026-08-02 03:42,Referral,0
U01459,2026-08-04 17:16,Email,0
U01460,2026-09-05 22:33,Paid Search,0
U01461,2026-08-11 10:28,Social,0
U01461,2026-08-17 17:44,Email,0
U01462,2026-09-11 04:07,Social,0
U01462,2026-09-12 20:14,Organic Search,0
U01462,2026-09-18 01:20,Direct,0
U01463,2026-08-26 15:59,Social,0
U01463,2026-08-27 08:17,Paid Search,0
U01464,2026-08-13 05:46,Social,0
U01465,2026-09-06 02:00,Organic Search,0
U01465,2026-09-08 20:59,Email,1
U01466,2026-09-12 03:49,Paid Search,0
U01466,2026-09-18 13:17,Organic Search,0
U01466,2026-09-18 18:38,Direct,0
U01466,2026-09-19 06:24,Paid Search,0
U01466,2026-09-19 18:15,Display,1
U01467,2026-08-25 01:22,Display,0
U01468,2026-09-02 21:00,Direct,0
U01468,2026-09-05 08:36,Paid Search,0
U01468,2026-09-12 03:10,Paid Search,0
U01468,2026-09-13 07:07,Direct,0
U01469,2026-08-26 06:53,Paid Search,0
U01469,2026-08-26 21:05,Email,0
U01470,2026-08-28 09:54,Paid Search,0
U01470,2026-09-05 13:10,Paid Search,0
U01471,2026-08-24 17:02,Social,0
U01471,2026-08-28 02:05,Referral,0
U01471,2026-08-30 07:19,Social,0
U01471,2026-08-30 16:18,Direct,0
U01472,2026-08-15 20:48,Social,0
U01472,2026-08-16 14:17,Email,0
U01472,2026-08-21 02:22,Paid Search,0
U01472,2026-08-22 05:51,Email,1
U01473,2026-08-12 09:49,Social,1
U01474,2026-08-22 15:40,Paid Search,0
U01474,2026-08-23 11:10,Paid Search,0
U01474,2026-08-24 15:52,Organic Search,0
U01474,2026-08-25 22:59,Email,0
U01474,2026-08-26 11:21,Organic Search,0
U01475,2026-08-03 21:04,Social,0
U01475,2026-08-04 07:12,Direct,0
U01476,2026-08-21 19:05,Social,0
U01476,2026-08-25 06:42,Paid Search,0
U01477,2026-09-02 10:46,Organic Search,0
U01478,2026-09-02 11:08,Paid Search,0
U01479,2026-08-22 23:02,Display,0
U01480,2026-08-05 09:42,Social,0
U01480,2026-08-11 04:17,Email,0
U01480,2026-08-11 20:53,Organic Search,0
U01481,2026-08-27 06:46,Social,0
U01481,2026-08-27 17:38,Direct,0
U01481,2026-08-30 09:16,Email,0
U01482,2026-09-06 23:43,Paid Search,0
U01482,2026-09-08 01:42,Paid Search,0
U01483,2026-08-31 17:28,Display,0
U01483,2026-09-05 15:51,Paid Search,0
U01483,2026-09-13 07:00,Referral,0
U01483,2026-09-18 02:54,Paid Search,0
U01483,2026-09-18 12:08,Paid Search,1
U01484,2026-09-10 19:28,Display,0
U01484,2026-09-11 04:20,Paid Search,0
U01484,2026-09-12 13:33,Email,0
U01484,2026-09-13 02:43,Paid Search,0
U01485,2026-08-21 06:32,Display,0
U01485,2026-08-22 21:50,Organic Search,0
U01486,2026-08-03 14:38,Display,0
U01486,2026-08-04 05:02,Display,0
U01487,2026-08-03 18:48,Direct,0
U01488,2026-08-20 00:02,Organic Search,0
U01489,2026-08-03 01:07,Display,0
U01490,2026-08-17 21:42,Organic Search,0
U01490,2026-08-18 01:22,Paid Search,0
U01490,2026-08-19 10:31,Direct,0
U01490,2026-08-23 05:11,Direct,0
U01490,2026-08-27 21:13,Email,0
U01491,2026-09-04 08:50,Organic Search,0
U01491,2026-09-04 23:39,Direct,0
U01491,2026-09-07 14:25,Organic Search,0
U01491,2026-09-10 17:02,Organic Search,0
U01492,2026-08-18 08:14,Organic Search,0
U01492,2026-08-21 12:18,Paid Search,0
U01492,2026-08-25 23:10,Direct,0
U01492,2026-08-26 15:18,Organic Search,0
U01493,2026-08-11 08:50,Referral,0
U01493,2026-08-12 10:08,Email,0
U01494,2026-08-07 06:14,Display,0
U01495,2026-08-24 06:46,Email,0
U01495,2026-08-24 13:11,Direct,0
U01495,2026-08-24 23:26,Email,0
U01496,2026-09-02 11:18,Organic Search,0
U01496,2026-09-04 21:31,Email,0
U01496,2026-09-05 05:52,Paid Search,0
U01497,2026-08-14 11:45,Direct,0
U01497,2026-08-22 21:11,Social,0
U01497,2026-08-26 22:19,Display,0
U01498,2026-08-06 14:16,Direct,0
U01498,2026-08-07 04:39,Direct,0
U01498,2026-08-17 04:19,Email,0
U01498,2026-08-18 03:29,Organic Search,0
U01498,2026-08-19 03:16,Email,0
U01499,2026-08-03 07:25,Referral,0
U01500,2026-09-05 21:48,Display,0
U01500,2026-09-06 01:32,Display,0
U01500,2026-09-07 17:37,Social,0
U01500,2026-09-09 18:25,Display,0
U01501,2026-08-02 18:12,Paid Search,0
U01501,2026-08-04 00:52,Organic Search,0
U01501,2026-08-05 02:30,Paid Search,0
U01501,2026-08-06 04:12,Social,0
U01501,2026-08-06 11:53,Social,0
U01501,2026-08-07 07:47,Paid Search,1
U01502,2026-08-31 03:48,Display,0
U01503,2026-09-05 08:22,Display,0
U01504,2026-09-13 06:02,Organic Search,0
U01505,2026-08-25 10:53,Display,0
U01505,2026-08-25 15:40,Direct,0
U01506,2026-08-14 07:54,Direct,0
U01507,2026-09-04 13:40,Referral,0
U01507,2026-09-06 15:33,Email,1
U01508,2026-09-13 18:26,Referral,0
U01508,2026-09-14 02:15,Organic Search,0
U01508,2026-09-16 15:15,Organic Search,0
U01508,2026-09-26 08:16,Social,0
U01508,2026-09-28 14:12,Direct,0
U01508,2026-09-29 02:44,Paid Search,0
U01508,2026-10-01 17:03,Paid Search,1
U01509,2026-08-19 19:35,Direct,0
U01510,2026-08-23 12:22,Display,0
U01510,2026-08-24 07:50,Direct,0
U01510,2026-08-24 17:12,Email,1
U01511,2026-08-16 22:46,Organic Search,0
U01512,2026-08-15 05:29,Display,0
U01512,2026-08-16 04:56,Paid Search,1
U01513,2026-08-03 18:01,Social,0
U01513,2026-08-07 09:27,Direct,0
U01514,2026-09-12 18:48,Organic Search,0
U01515,2026-08-12 04:04,Direct,0
U01515,2026-08-12 20:53,Direct,0
U01516,2026-08-25 15:14,Organic Search,0
U01516,2026-08-26 00:08,Paid Search,0
U01517,2026-08-28 02:51,Organic Search,0
U01517,2026-08-30 04:59,Email,0
U01518,2026-08-12 08:19,Social,0
U01518,2026-08-13 13:46,Paid Search,0
U01518,2026-08-14 04:19,Email,0
U01518,2026-08-18 18:25,Email,0
U01519,2026-08-27 01:48,Display,0
U01519,2026-08-27 20:49,Email,0
U01519,2026-08-29 02:50,Social,0
U01520,2026-09-05 08:23,Display,0
U01520,2026-09-10 09:00,Organic Search,0
U01520,2026-09-10 13:26,Paid Search,0
U01520,2026-09-11 18:37,Paid Search,0
U01521,2026-08-17 14:14,Organic Search,0
U01521,2026-08-18 09:00,Direct,0
U01522,2026-09-04 02:23,Email,0
U01522,2026-09-07 16:21,Referral,0
U01522,2026-09-08 16:06,Paid Search,0
U01522,2026-09-09 12:15,Paid Search,1
U01523,2026-08-02 16:13,Paid Search,0
U01523,2026-08-04 17:52,Direct,0
U01523,2026-08-09 21:02,Organic Search,1
U01524,2026-08-05 21:47,Social,0
U01525,2026-08-31 08:41,Paid Search,0
U01525,2026-09-01 10:42,Organic Search,0
U01526,2026-08-26 14:11,Email,0
U01526,2026-08-28 07:01,Email,0
U01526,2026-09-01 00:27,Email,0
U01527,2026-08-29 08:42,Organic Search,0
U01527,2026-09-06 15:39,Direct,0
U01527,2026-09-10 17:18,Social,0
U01528,2026-08-29 08:31,Paid Search,0
U01529,2026-08-08 07:07,Social,0
U01529,2026-08-09 20:02,Organic Search,0
U01529,2026-08-10 07:59,Direct,0
U01529,2026-08-12 22:43,Organic Search,1
U01530,2026-09-09 03:55,Social,0
U01531,2026-08-19 18:58,Social,0
U01531,2026-08-20 13:57,Organic Search,0
U01532,2026-08-14 20:40,Display,0
U01532,2026-08-15 20:14,Direct,0
U01532,2026-08-20 07:38,Direct,0
U01533,2026-08-27 12:24,Social,0
U01533,2026-09-02 01:39,Referral,0
U01534,2026-08-18 07:36,Display,0
U01534,2026-08-20 04:09,Paid Search,0
U01534,2026-08-20 21:31,Direct,0
U01535,2026-09-12 13:28,Organic Search,0
U01535,2026-09-16 09:27,Referral,0
U01535,2026-09-20 14:36,Social,0
U01535,2026-09-20 17:51,Organic Search,0
U01535,2026-09-21 17:13,Organic Search,0
U01535,2026-09-22 15:36,Paid Search,0
U01535,2026-09-24 16:15,Email,0
U01536,2026-08-20 19:04,Direct,0
U01537,2026-09-05 09:35,Email,0
U01538,2026-09-12 06:59,Social,0
U01539,2026-08-23 17:05,Paid Search,0
U01540,2026-08-26 01:56,Organic Search,0
U01541,2026-08-31 17:59,Paid Search,0
U01542,2026-09-12 06:30,Organic Search,0
U01542,2026-09-12 17:56,Display,0
U01543,2026-08-28 03:21,Organic Search,0
U01543,2026-08-30 00:32,Organic Search,0
U01543,2026-09-01 03:37,Direct,0
U01544,2026-09-11 15:41,Paid Search,0
U01544,2026-09-14 06:01,Email,0
U01544,2026-09-14 07:52,Referral,0
U01544,2026-09-18 02:07,Direct,0
U01544,2026-09-20 04:58,Organic Search,0
U01544,2026-09-26 13:34,Email,0
U01544,2026-09-28 11:51,Email,1
U01545,2026-08-12 20:27,Paid Search,0
U01545,2026-08-13 23:52,Organic Search,0
U01545,2026-08-16 09:00,Direct,0
U01546,2026-08-13 13:45,Social,0
U01547,2026-08-19 18:34,Organic Search,0
U01547,2026-08-23 09:55,Social,0
U01548,2026-08-11 06:53,Organic Search,1
U01549,2026-08-24 21:01,Paid Search,0
U01550,2026-08-06 19:53,Display,0
U01550,2026-08-06 22:29,Direct,0
U01551,2026-09-12 10:14,Social,0
U01551,2026-09-14 03:59,Social,0
U01551,2026-09-14 09:41,Email,0
U01551,2026-09-15 12:55,Paid Search,0
U01551,2026-09-21 06:38,Paid Search,1
U01552,2026-08-30 06:59,Organic Search,0
U01552,2026-09-01 13:31,Paid Search,0
U01553,2026-09-03 13:27,Direct,0
U01554,2026-08-20 12:31,Referral,0
U01555,2026-08-19 00:43,Paid Search,0
U01555,2026-08-19 11:53,Organic Search,0
U01555,2026-08-20 02:53,Paid Search,0
U01556,2026-08-05 09:31,Paid Search,0
U01556,2026-08-05 15:21,Direct,0
U01556,2026-08-06 03:37,Direct,0
U01557,2026-09-09 13:13,Social,0
U01557,2026-09-10 02:55,Paid Search,0
U01558,2026-08-06 17:45,Organic Search,0
U01558,2026-08-08 13:52,Display,0
U01558,2026-08-09 18:23,Paid Search,0
U01559,2026-09-07 00:50,Social,0
U01559,2026-09-11 10:24,Display,0
U01559,2026-09-13 04:59,Direct,0
U01559,2026-09-18 13:33,Paid Search,0
U01560,2026-08-15 13:38,Organic Search,0
U01561,2026-08-04 21:42,Paid Search,0
U01561,2026-08-06 10:29,Direct,0
U01561,2026-08-11 22:32,Organic Search,0
U01561,2026-08-13 07:25,Email,1
U01562,2026-08-16 15:27,Organic Search,0
U01562,2026-08-18 18:22,Organic Search,0
U01562,2026-08-26 13:20,Display,0
U01563,2026-08-06 16:22,Display,0
U01564,2026-08-27 23:54,Organic Search,0
U01564,2026-09-03 06:11,Organic Search,0
U01564,2026-09-08 02:16,Email,0
U01565,2026-09-13 09:32,Social,0
U01566,2026-08-13 07:08,Social,0
U01566,2026-08-13 13:34,Social,0
U01567,2026-09-01 07:47,Direct,0
U01568,2026-08-30 13:08,Organic Search,0
U01568,2026-09-04 16:41,Paid Search,0
U01568,2026-09-05 22:04,Direct,0
U01568,2026-09-07 09:56,Organic Search,0
U01568,2026-09-09 12:33,Paid Search,0
U01569,2026-08-19 17:26,Paid Search,0
U01570,2026-08-26 19:00,Organic Search,0
U01570,2026-08-31 02:20,Email,0
U01571,2026-08-13 14:26,Paid Search,0
U01571,2026-08-13 19:51,Social,0
U01571,2026-08-14 12:01,Email,0
U01571,2026-08-15 16:33,Direct,0
U01571,2026-08-21 22:10,Organic Search,0
U01571,2026-08-25 21:18,Direct,0
U01571,2026-08-27 07:19,Paid Search,0
U01571,2026-08-27 17:32,Direct,1
U01572,2026-08-04 21:34,Paid Search,0
U01573,2026-09-13 06:16,Social,0
U01574,2026-09-08 16:25,Organic Search,0
U01575,2026-08-02 06:08,Organic Search,0
U01575,2026-08-06 12:40,Email,0
U01576,2026-08-30 06:32,Social,0
U01576,2026-09-07 12:19,Paid Search,0
U01576,2026-09-09 21:50,Organic Search,0
U01576,2026-09-14 09:49,Referral,0
U01577,2026-08-22 21:41,Paid Search,0
U01578,2026-08-31 23:15,Organic Search,0
U01578,2026-09-02 00:00,Email,0
U01579,2026-08-18 17:30,Display,0
U01579,2026-08-18 20:25,Email,0
U01579,2026-08-20 06:00,Email,0
U01579,2026-08-20 15:11,Paid Search,1
U01580,2026-09-09 21:59,Paid Search,0
U01581,2026-08-27 19:51,Display,0
U01581,2026-09-01 12:03,Organic Search,0
U01582,2026-08-23 13:55,Organic Search,0
U01582,2026-08-24 03:37,Organic Search,0
U01583,2026-09-07 21:45,Social,0
U01583,2026-09-15 03:53,Organic Search,0
U01584,2026-08-29 15:38,Organic Search,0
U01584,2026-08-30 00:51,Organic Search,0
U01585,2026-09-07 08:39,Display,0
U01585,2026-09-08 15:47,Email,0
U01585,2026-09-12 04:51,Email,1
U01586,2026-09-03 19:10,Social,0
U01587,2026-08-10 08:20,Social,0
U01587,2026-08-15 11:42,Email,1
U01588,2026-09-05 10:29,Organic Search,0
U01588,2026-09-10 12:55,Direct,0
U01589,2026-08-23 13:21,Display,0
U01589,2026-08-27 22:44,Paid Search,0
U01589,2026-08-30 08:35,Direct,0
U01590,2026-08-09 09:35,Social,0
U01590,2026-08-17 20:35,Social,0
U01590,2026-08-17 20:52,Social,0
U01590,2026-08-18 10:13,Paid Search,0
U01590,2026-08-20 12:49,Paid Search,0
U01591,2026-08-20 06:52,Organic Search,1
U01592,2026-09-08 07:30,Organic Search,0
U01592,2026-09-09 03:35,Organic Search,1
U01593,2026-09-09 09:15,Social,0
U01593,2026-09-14 09:17,Direct,0
U01593,2026-09-16 15:39,Social,0
U01594,2026-08-10 14:52,Paid Search,0
U01595,2026-08-04 22:18,Social,0
U01596,2026-08-24 18:05,Social,0
U01596,2026-08-28 22:53,Organic Search,1
U01597,2026-08-20 23:16,Organic Search,0
U01598,2026-09-05 16:16,Paid Search,0
U01598,2026-09-06 20:40,Paid Search,0
U01598,2026-09-09 14:54,Display,0
U01599,2026-08-06 12:32,Organic Search,0
U01599,2026-08-07 14:04,Social,0
U01600,2026-08-16 16:43,Social,0
U01601,2026-09-10 06:12,Referral,0
U01602,2026-08-29 10:02,Social,0
U01602,2026-08-31 16:48,Organic Search,0
U01602,2026-09-01 23:25,Paid Search,1
U01603,2026-09-05 04:42,Organic Search,0
U01603,2026-09-05 10:20,Email,0
U01604,2026-08-31 06:50,Organic Search,0
U01605,2026-08-05 16:46,Paid Search,0
U01606,2026-08-29 20:59,Social,0
U01606,2026-09-02 17:31,Organic Search,0
U01606,2026-09-03 16:46,Direct,0
U01606,2026-09-10 01:03,Direct,0
U01606,2026-09-12 06:25,Direct,0
U01606,2026-09-16 18:41,Referral,0
U01606,2026-09-18 02:58,Email,1
U01607,2026-09-06 22:46,Organic Search,0
U01608,2026-09-12 12:11,Display,0
U01608,2026-09-19 05:40,Email,1
U01609,2026-08-04 04:31,Display,0
U01609,2026-08-06 08:54,Direct,0
U01610,2026-09-07 16:31,Paid Search,0
U01610,2026-09-08 02:21,Direct,1
U01611,2026-09-04 05:53,Display,0
U01612,2026-08-05 17:13,Display,0
U01612,2026-08-07 14:08,Email,0
U01612,2026-08-08 16:25,Display,0
U01612,2026-08-08 19:32,Email,0
U01612,2026-08-10 07:57,Display,0
U01612,2026-08-13 07:59,Direct,0
U01612,2026-08-21 13:07,Paid Search,1
U01613,2026-08-09 10:14,Organic Search,0
U01614,2026-08-13 03:17,Social,0
U01615,2026-09-11 21:40,Referral,0
U01615,2026-09-12 12:35,Paid Search,0
U01615,2026-09-13 21:06,Paid Search,0
U01615,2026-09-18 17:27,Paid Search,1
U01616,2026-08-07 10:37,Organic Search,0
U01616,2026-08-09 20:53,Social,0
U01616,2026-08-12 17:20,Paid Search,0
U01616,2026-08-20 01:18,Referral,0
U01616,2026-08-22 17:21,Organic Search,0
U01616,2026-08-23 01:42,Email,0
U01616,2026-08-23 04:51,Paid Search,0
U01617,2026-09-02 03:11,Social,0
U01618,2026-09-13 20:08,Display,0
U01619,2026-08-19 08:54,Organic Search,0
U01620,2026-08-08 00:47,Social,0
U01621,2026-08-04 03:04,Direct,0
U01621,2026-08-12 16:54,Email,0
U01622,2026-09-03 22:12,Social,0
U01622,2026-09-04 23:52,Paid Search,0
U01623,2026-09-11 10:03,Organic Search,0
U01623,2026-09-20 03:45,Direct,0
U01623,2026-09-23 00:37,Email,0
U01623,2026-09-24 08:31,Paid Search,1
U01624,2026-08-05 01:14,Paid Search,0
U01624,2026-08-06 09:09,Organic Search,0
U01624,2026-08-10 13:46,Paid Search,0
U01625,2026-08-12 20:07,Paid Search,0
U01625,2026-08-15 11:25,Organic Search,0
U01625,2026-08-21 10:43,Referral,0
U01626,2026-08-09 00:15,Organic Search,0
U01627,2026-09-07 15:00,Paid Search,0
U01628,2026-08-28 13:10,Referral,0
U01628,2026-08-31 23:13,Direct,0
U01628,2026-09-09 03:24,Email,0
U01628,2026-09-11 01:25,Organic Search,0
U01628,2026-09-13 11:53,Social,0
U01628,2026-09-15 19:50,Email,0
U01628,2026-09-16 14:37,Email,1
U01629,2026-08-31 03:25,Social,0
U01629,2026-09-07 12:13,Email,1
U01630,2026-08-25 20:36,Organic Search,0
U01631,2026-09-11 07:14,Display,0
U01632,2026-08-05 15:32,Display,0
U01632,2026-08-10 20:41,Organic Search,0
U01632,2026-08-11 02:31,Email,0
U01632,2026-08-12 18:15,Paid Search,1
U01633,2026-08-17 11:50,Organic Search,0
U01634,2026-08-27 22:34,Organic Search,0
U01634,2026-09-01 04:08,Email,0
U01635,2026-08-27 14:49,Social,0
U01635,2026-08-27 21:54,Email,0
U01635,2026-08-29 20:18,Referral,0
U01635,2026-09-01 09:43,Organic Search,0
U01635,2026-09-04 16:37,Organic Search,0
U01635,2026-09-06 01:32,Paid Search,1
U01636,2026-09-03 08:04,Paid Search,0
U01636,2026-09-04 17:05,Referral,0
U01637,2026-08-31 15:08,Display,0
U01638,2026-08-02 13:26,Social,0
U01639,2026-08-31 02:01,Social,0
U01639,2026-09-07 05:13,Organic Search,0
U01639,2026-09-07 05:38,Paid Search,0
U01639,2026-09-12 16:07,Email,1
U01640,2026-09-03 11:55,Display,1
U01641,2026-09-13 01:43,Organic Search,0
U01641,2026-09-14 14:36,Referral,0
U01641,2026-09-16 22:20,Organic Search,1
U01642,2026-08-12 15:10,Organic Search,0
U01642,2026-08-12 17:22,Paid Search,1
U01643,2026-08-07 08:50,Social,0
U01643,2026-08-08 07:12,Direct,0
U01644,2026-08-10 08:05,Paid Search,0
U01644,2026-08-10 13:26,Social,0
U01644,2026-08-10 23:11,Display,0
U01645,2026-09-01 17:25,Display,0
U01645,2026-09-10 13:30,Display,0
U01646,2026-09-05 00:10,Display,0
U01646,2026-09-08 19:45,Email,0
U01647,2026-08-19 22:02,Paid Search,0
U01648,2026-09-02 17:03,Social,0
U01648,2026-09-03 03:35,Organic Search,0
U01648,2026-09-05 06:44,Paid Search,0
U01648,2026-09-09 14:11,Paid Search,0
U01649,2026-09-09 05:37,Direct,0
U01649,2026-09-10 08:18,Paid Search,0
U01649,2026-09-13 17:34,Paid Search,0
U01650,2026-09-12 04:56,Display,0
U01650,2026-09-14 23:48,Email,1
U01651,2026-09-13 04:07,Display,0
U01651,2026-09-14 02:10,Display,0
U01651,2026-09-14 07:14,Social,0
U01651,2026-09-22 18:16,Direct,0
U01651,2026-09-26 05:06,Email,0
U01651,2026-09-27 03:37,Display,0
U01651,2026-09-28 18:18,Organic Search,1
U01652,2026-09-09 11:00,Social,0
U01652,2026-09-10 16:59,Display,0
U01652,2026-09-12 01:10,Paid Search,0
U01652,2026-09-12 11:42,Direct,0
U01653,2026-08-03 17:05,Direct,0
U01653,2026-08-05 02:57,Organic Search,0
U01653,2026-08-05 09:41,Paid Search,0
U01653,2026-08-06 21:47,Referral,0
U01653,2026-08-14 05:10,Display,0
U01653,2026-08-15 16:04,Direct,0
U01653,2026-08-16 01:07,Email,1
U01654,2026-08-16 08:37,Display,0
U01655,2026-08-22 23:37,Organic Search,0
U01655,2026-08-23 10:42,Direct,0
U01655,2026-08-28 08:38,Organic Search,0
U01656,2026-08-11 00:32,Organic Search,0
U01656,2026-08-13 04:17,Direct,0
U01656,2026-08-14 12:20,Email,0
U01656,2026-08-15 17:43,Display,0
U01656,2026-08-16 16:35,Direct,1
U01657,2026-09-04 00:05,Paid Search,0
U01658,2026-09-09 23:13,Social,0
U01658,2026-09-11 09:45,Organic Search,0
U01659,2026-08-10 07:10,Organic Search,0
U01659,2026-08-10 13:32,Referral,0
U01659,2026-08-12 09:03,Direct,0
U01659,2026-08-13 09:36,Organic Search,0
U01659,2026-08-18 14:41,Display,0
U01660,2026-08-18 14:43,Direct,0
U01660,2026-08-19 04:16,Paid Search,0
U01660,2026-08-21 17:43,Social,0
U01660,2026-08-30 23:14,Direct,0
U01660,2026-08-31 02:47,Direct,0
U01661,2026-09-06 13:39,Email,0
U01661,2026-09-07 02:11,Direct,0
U01661,2026-09-11 18:02,Social,0
U01661,2026-09-13 15:05,Social,0
U01662,2026-09-05 09:07,Paid Search,0
U01663,2026-08-24 04:40,Organic Search,0
U01663,2026-08-24 17:05,Organic Search,0
U01663,2026-08-26 19:54,Organic Search,0
U01663,2026-08-28 07:10,Paid Search,0
U01663,2026-09-04 19:13,Direct,0
U01663,2026-09-05 14:34,Organic Search,0
U01664,2026-08-28 22:18,Organic Search,0
U01665,2026-08-08 13:21,Organic Search,0
U01666,2026-08-09 16:04,Paid Search,0
U01667,2026-08-06 12:56,Display,0
U01667,2026-08-08 20:17,Email,0
U01667,2026-08-08 20:47,Paid Search,1
U01668,2026-08-21 05:26,Display,0
U01668,2026-08-25 02:20,Organic Search,0
U01668,2026-08-26 16:27,Organic Search,0
U01668,2026-08-26 20:53,Paid Search,0
U01668,2026-08-30 00:52,Direct,0
U01668,2026-08-31 15:23,Social,0
U01669,2026-08-14 16:16,Organic Search,0
U01669,2026-08-21 02:17,Organic Search,0
U01669,2026-08-22 18:59,Organic Search,0
U01669,2026-08-22 21:56,Social,0
U01670,2026-08-02 20:45,Display,0
U01670,2026-08-03 09:27,Direct,0
U01670,2026-08-03 16:31,Organic Search,0
U01670,2026-08-08 12:43,Email,0
U01670,2026-08-11 02:54,Display,0
U01671,2026-08-12 03:35,Display,0
U01672,2026-08-26 08:36,Paid Search,0
U01672,2026-08-30 11:44,Organic Search,0
U01672,2026-08-31 13:48,Email,1
U01673,2026-08-19 23:22,Paid Search,0
U01674,2026-08-04 10:47,Paid Search,0
U01674,2026-08-07 11:24,Organic Search,0
U01674,2026-08-11 01:15,Paid Search,1
U01675,2026-09-13 21:16,Direct,0
U01675,2026-09-15 06:43,Organic Search,0
U01675,2026-09-19 00:20,Paid Search,0
U01676,2026-08-13 03:36,Organic Search,0
U01676,2026-08-14 16:58,Social,0
U01677,2026-08-17 16:06,Social,0
U01677,2026-08-17 17:12,Email,0
U01677,2026-08-19 22:29,Email,1
U01678,2026-08-31 20:51,Organic Search,0
U01678,2026-09-01 17:32,Email,0
U01679,2026-08-12 08:20,Display,0
U01680,2026-08-25 05:12,Paid Search,0
U01680,2026-08-25 19:45,Email,0
U01681,2026-09-10 20:13,Organic Search,0
U01682,2026-08-12 09:08,Social,0
U01682,2026-08-15 05:57,Referral,0
U01683,2026-08-10 02:51,Display,0
U01684,2026-08-13 02:48,Organic Search,0
U01684,2026-08-16 15:15,Organic Search,0
U01684,2026-08-16 22:38,Paid Search,0
U01684,2026-08-17 00:06,Referral,0
U01684,2026-08-18 10:22,Email,1
U01685,2026-08-14 11:21,Display,0
U01685,2026-08-15 01:22,Email,1
U01686,2026-08-25 07:35,Social,0
U01686,2026-08-28 15:39,Organic Search,0
U01686,2026-08-29 00:41,Email,0
U01687,2026-08-25 18:58,Social,0
U01687,2026-08-28 02:08,Paid Search,0
U01687,2026-08-28 08:08,Direct,0
U01688,2026-09-13 22:48,Organic Search,0
U01688,2026-09-15 15:02,Direct,0
U01688,2026-09-15 15:10,Email,0
U01688,2026-09-16 16:57,Social,0
U01688,2026-09-17 13:09,Display,0
U01688,2026-09-17 18:12,Social,1
U01689,2026-08-17 19:05,Social,0
U01689,2026-08-18 11:34,Direct,0
U01690,2026-08-27 05:59,Organic Search,0
U01691,2026-09-04 20:54,Organic Search,0
U01691,2026-09-06 05:28,Paid Search,0
U01691,2026-09-06 20:58,Direct,0
U01692,2026-08-23 08:31,Social,0
U01692,2026-08-24 07:01,Direct,0
U01693,2026-08-22 20:04,Social,0
U01693,2026-08-24 01:24,Organic Search,0
U01693,2026-08-24 15:25,Display,0
U01694,2026-08-26 03:26,Social,0
U01694,2026-08-26 18:59,Paid Search,0
U01694,2026-09-01 04:46,Paid Search,1
U01695,2026-08-25 13:32,Direct,0
U01695,2026-08-25 18:10,Social,0
U01696,2026-08-10 20:44,Paid Search,0
U01696,2026-08-12 13:23,Paid Search,0
U01696,2026-08-15 01:15,Direct,0
U01696,2026-08-18 09:49,Email,1
U01697,2026-09-03 12:35,Social,0
U01698,2026-08-09 02:46,Email,0
U01698,2026-08-09 08:22,Email,0
U01699,2026-09-13 22:55,Organic Search,0
U01699,2026-09-14 18:24,Paid Search,1
U01700,2026-09-04 02:45,Organic Search,0
U01700,2026-09-07 05:24,Organic Search,0
U01700,2026-09-13 18:44,Social,0
U01701,2026-08-17 21:21,Display,0
U01701,2026-08-19 01:09,Paid Search,0
U01702,2026-08-25 18:38,Social,0
U01702,2026-08-26 05:29,Direct,0
U01702,2026-08-26 05:34,Direct,0
U01703,2026-08-25 20:47,Social,0
U01704,2026-08-04 10:34,Paid Search,0
U01705,2026-09-04 22:22,Paid Search,0
U01706,2026-09-09 03:18,Social,0
U01706,2026-09-09 07:27,Social,0
U01706,2026-09-12 16:40,Social,0
U01707,2026-08-09 15:53,Paid Search,0
U01707,2026-08-14 03:39,Paid Search,0
U01707,2026-08-18 06:51,Display,0
U01707,2026-08-18 09:29,Paid Search,0
U01707,2026-08-19 21:52,Paid Search,0
U01707,2026-08-23 01:48,Email,0
U01707,2026-08-25 20:29,Email,0
U01707,2026-08-28 11:31,Email,1
U01708,2026-08-27 19:50,Paid Search,0
U01709,2026-08-29 23:48,Organic Search,0
U01709,2026-08-31 16:34,Organic Search,0
U01709,2026-09-01 08:32,Paid Search,0
U01709,2026-09-02 13:11,Direct,0
U01709,2026-09-04 05:13,Referral,0
U01709,2026-09-04 06:29,Display,0
U01709,2026-09-06 00:18,Direct,0
U01709,2026-09-08 12:48,Social,0
U01710,2026-08-06 21:34,Organic Search,0
U01711,2026-08-30 18:05,Paid Search,0
U01711,2026-08-31 11:56,Email,0
U01711,2026-08-31 13:23,Direct,0
U01712,2026-08-28 02:09,Social,0
U01713,2026-09-11 12:56,Display,0
U01713,2026-09-13 00:42,Email,0
U01713,2026-09-13 07:33,Email,0
U01713,2026-09-17 10:54,Social,0
U01714,2026-08-25 13:52,Display,0
U01714,2026-08-26 10:55,Email,0
U01714,2026-08-27 20:49,Referral,0
U01715,2026-08-31 13:07,Social,0
U01715,2026-09-03 13:30,Direct,0
U01715,2026-09-03 16:52,Paid Search,0
U01716,2026-08-31 22:09,Direct,0
U01717,2026-08-06 17:22,Paid Search,0
U01717,2026-08-10 15:56,Email,0
U01718,2026-08-01 16:05,Organic Search,0
U01719,2026-08-05 18:44,Email,0
U01719,2026-08-09 10:58,Direct,0
U01720,2026-09-12 17:59,Paid Search,0
U01720,2026-09-13 05:39,Organic Search,0
U01720,2026-09-13 21:38,Direct,0
U01720,2026-09-14 12:34,Paid Search,1
U01721,2026-08-20 20:51,Paid Search,0
U01721,2026-08-23 18:06,Direct,0
U01721,2026-08-24 22:11,Paid Search,0
U01721,2026-08-31 09:24,Organic Search,0
U01722,2026-08-26 06:36,Paid Search,0
U01723,2026-08-05 00:47,Display,0
U01724,2026-08-10 02:20,Organic Search,0
U01725,2026-09-12 05:48,Referral,0
U01725,2026-09-13 12:29,Display,0
U01725,2026-09-14 08:18,Email,0
U01726,2026-08-25 05:55,Social,0
U01726,2026-08-29 08:44,Email,0
U01726,2026-08-30 01:55,Direct,0
U01726,2026-08-30 18:23,Display,0
U01727,2026-08-29 23:30,Organic Search,0
U01727,2026-08-30 18:08,Display,0
U01728,2026-08-26 06:40,Display,0
U01728,2026-09-01 00:06,Social,0
U01729,2026-09-07 10:55,Organic Search,0
U01729,2026-09-07 12:11,Email,0
U01729,2026-09-08 07:22,Organic Search,0
U01729,2026-09-11 03:12,Paid Search,0
U01729,2026-09-14 05:27,Organic Search,0
U01729,2026-09-19 00:57,Display,0
U01729,2026-09-24 19:39,Direct,0
U01730,2026-08-18 09:41,Direct,0
U01731,2026-09-06 06:53,Organic Search,0
U01731,2026-09-11 01:03,Paid Search,0
U01732,2026-08-04 10:24,Display,0
U01732,2026-08-04 16:28,Email,0
U01733,2026-09-02 21:04,Paid Search,0
U01733,2026-09-04 12:39,Email,0
U01733,2026-09-06 04:28,Paid Search,1
U01734,2026-08-31 14:44,Social,0
U01735,2026-09-04 11:37,Paid Search,0
U01736,2026-08-06 12:26,Social,0
U01736,2026-08-07 15:20,Direct,0
U01736,2026-08-10 00:35,Organic Search,0
U01737,2026-08-24 03:22,Direct,1
U01738,2026-08-12 19:09,Organic Search,0
U01738,2026-08-15 16:14,Paid Search,0
U01739,2026-08-28 19:23,Display,0
U01740,2026-08-04 03:03,Direct,0
U01740,2026-08-07 08:53,Social,0
U01740,2026-08-08 16:21,Social,0
U01740,2026-08-10 14:49,Email,0
U01740,2026-08-12 19:13,Paid Search,1
U01741,2026-08-09 14:52,Social,0
U01741,2026-08-10 05:40,Direct,0
U01741,2026-08-11 15:23,Direct,0
U01741,2026-08-12 13:47,Direct,0
U01741,2026-08-13 16:01,Email,0
U01741,2026-08-13 23:50,Organic Search,0
U01741,2026-08-15 04:26,Organic Search,0
U01741,2026-08-22 11:30,Organic Search,0
U01742,2026-08-15 10:38,Paid Search,0
U01742,2026-08-19 08:17,Social,0
U01743,2026-08-07 04:23,Display,0
U01743,2026-08-08 13:08,Paid Search,0
U01743,2026-08-09 09:05,Email,0
U01743,2026-08-09 09:10,Paid Search,0
U01743,2026-08-11 13:17,Direct,1
U01744,2026-08-02 16:28,Direct,0
U01745,2026-08-29 14:11,Social,0
U01746,2026-08-08 22:04,Organic Search,0
U01746,2026-08-11 14:59,Paid Search,0
U01746,2026-08-14 23:53,Paid Search,0
U01746,2026-08-15 12:07,Organic Search,0
U01746,2026-08-19 00:36,Social,0
U01746,2026-08-20 13:27,Social,1
U01747,2026-08-19 06:28,Organic Search,0
U01748,2026-08-01 10:00,Referral,0
U01749,2026-09-09 17:45,Organic Search,0
U01749,2026-09-12 16:55,Email,0
U01749,2026-09-14 00:06,Organic Search,0
U01750,2026-08-12 18:57,Direct,0
U01751,2026-08-04 01:48,Direct,0
U01751,2026-08-06 19:40,Direct,0
U01752,2026-09-07 02:50,Organic Search,0
U01752,2026-09-09 04:32,Paid Search,0
U01752,2026-09-12 05:17,Paid Search,0
U01752,2026-09-13 04:31,Email,1
U01753,2026-09-12 00:11,Paid Search,0
U01753,2026-09-17 16:05,Paid Search,0
U01753,2026-09-21 00:50,Paid Search,0
U01754,2026-09-06 07:59,Social,0
U01754,2026-09-11 21:55,Email,0
U01754,2026-09-14 18:02,Direct,0
U01754,2026-09-19 03:53,Paid Search,1
U01755,2026-08-28 04:06,Paid Search,0
U01756,2026-08-02 19:29,Display,0
U01757,2026-08-25 22:36,Paid Search,0
U01757,2026-08-27 08:37,Social,0
U01758,2026-08-23 00:38,Direct,0
U01758,2026-08-24 00:11,Paid Search,0
U01759,2026-08-13 21:25,Paid Search,0
U01759,2026-08-15 17:31,Social,0
U01759,2026-08-21 00:20,Direct,0
U01760,2026-08-24 09:11,Organic Search,0
U01761,2026-08-20 13:48,Organic Search,0
U01762,2026-09-14 01:05,Social,0
U01762,2026-09-15 15:36,Social,1
U01763,2026-09-01 06:06,Social,0
U01764,2026-08-03 11:09,Email,0
U01764,2026-08-04 06:55,Paid Search,0
U01764,2026-08-06 14:11,Referral,0
U01765,2026-08-12 19:00,Email,0
U01765,2026-08-16 10:30,Direct,0
U01765,2026-08-18 13:52,Paid Search,0
U01765,2026-08-23 10:52,Email,0
U01766,2026-08-27 22:59,Display,0
U01766,2026-08-29 04:33,Referral,0
U01766,2026-08-30 16:58,Email,0
U01766,2026-08-31 06:33,Display,0
U01766,2026-09-05 05:27,Direct,0
U01766,2026-09-09 03:39,Organic Search,0
U01766,2026-09-11 19:58,Direct,0
U01766,2026-09-19 07:40,Paid Search,0
U01767,2026-09-14 12:49,Social,0
U01768,2026-08-13 13:10,Paid Search,0
U01769,2026-09-05 11:19,Social,0
U01770,2026-08-22 15:55,Social,0
U01771,2026-08-08 16:32,Paid Search,0
U01771,2026-08-10 07:30,Direct,0
U01771,2026-08-14 17:17,Direct,0
U01771,2026-08-15 14:49,Social,0
U01772,2026-08-31 12:52,Organic Search,0
U01772,2026-09-02 08:21,Email,0
U01772,2026-09-07 14:19,Email,0
U01772,2026-09-07 21:34,Email,1
U01773,2026-09-14 10:42,Display,0
U01773,2026-09-15 20:39,Social,0
U01774,2026-08-24 04:30,Organic Search,0
U01775,2026-09-04 22:11,Paid Search,0
U01775,2026-09-06 15:17,Social,0
U01776,2026-08-14 23:23,Referral,0
U01777,2026-09-12 17:42,Direct,0
U01778,2026-08-19 17:35,Paid Search,0
U01778,2026-08-21 01:47,Email,0
U01778,2026-08-21 08:38,Organic Search,0
U01779,2026-08-02 23:07,Direct,0
U01779,2026-08-03 11:42,Direct,0
U01780,2026-08-11 21:11,Organic Search,0
U01780,2026-08-13 21:07,Paid Search,0
U01780,2026-08-15 00:57,Organic Search,0
U01781,2026-09-10 22:03,Social,0
U01781,2026-09-11 11:07,Direct,0
U01782,2026-08-10 20:45,Organic Search,0
U01783,2026-09-06 14:53,Paid Search,0
U01783,2026-09-06 22:54,Paid Search,0
U01783,2026-09-07 11:53,Email,1
U01784,2026-08-31 04:15,Paid Search,0
U01785,2026-08-12 19:41,Display,0
U01786,2026-09-10 09:37,Display,0
U01786,2026-09-11 01:15,Email,1
U01787,2026-09-11 07:52,Social,0
U01787,2026-09-22 12:22,Paid Search,0
U01788,2026-09-11 18:09,Paid Search,0
U01788,2026-09-13 01:09,Social,0
U01788,2026-09-13 14:07,Social,0
U01788,2026-09-17 06:45,Social,0
U01788,2026-09-19 03:39,Organic Search,0
U01788,2026-09-20 09:42,Referral,0
U01789,2026-08-05 08:40,Display,0
U01789,2026-08-06 04:31,Email,1
U01790,2026-08-20 03:23,Social,0
U01791,2026-09-09 18:15,Organic Search,0
U01791,2026-09-11 19:53,Direct,0
U01791,2026-09-26 19:12,Email,0
U01791,2026-09-30 00:53,Referral,1
U01792,2026-08-05 10:26,Organic Search,0
U01792,2026-08-07 20:55,Email,0
U01792,2026-08-08 19:51,Organic Search,0
U01792,2026-08-10 17:21,Paid Search,1
U01793,2026-09-12 15:59,Display,0
U01793,2026-09-12 20:59,Referral,0
U01793,2026-09-13 07:56,Paid Search,0
U01794,2026-08-19 19:29,Social,0
U01794,2026-08-25 15:24,Organic Search,0
U01794,2026-08-26 10:26,Paid Search,0
U01795,2026-09-10 17:51,Email,0
U01795,2026-09-11 04:12,Display,0
U01795,2026-09-12 16:49,Paid Search,0
U01796,2026-08-06 18:31,Paid Search,0
U01796,2026-08-08 16:17,Organic Search,0
U01796,2026-08-08 20:15,Organic Search,0
U01797,2026-08-18 07:17,Organic Search,0
U01797,2026-08-26 07:19,Organic Search,0
U01797,2026-08-31 14:07,Email,1
U01798,2026-09-14 20:25,Paid Search,0
U01799,2026-08-07 11:42,Social,0
U01800,2026-08-08 12:31,Paid Search,0
U01800,2026-08-08 13:50,Referral,0
U01800,2026-08-13 08:24,Organic Search,0
U01801,2026-08-11 14:23,Direct,0
U01801,2026-08-15 16:14,Paid Search,0
U01801,2026-08-15 19:27,Display,0
U01802,2026-08-17 00:43,Social,0
U01802,2026-08-17 00:59,Organic Search,0
U01802,2026-08-18 08:30,Paid Search,0
U01803,2026-09-09 14:33,Display,0
U01804,2026-08-17 14:40,Display,0
U01805,2026-09-08 06:31,Direct,0
U01805,2026-09-08 15:09,Paid Search,0
U01805,2026-09-10 20:24,Organic Search,0
U01805,2026-09-11 19:39,Organic Search,0
U01805,2026-10-01 20:04,Display,0
U01806,2026-09-10 21:26,Social,0
U01806,2026-09-15 14:40,Direct,0
U01807,2026-08-27 21:25,Paid Search,0
U01807,2026-09-02 06:25,Organic Search,0
U01807,2026-09-12 18:52,Organic Search,1
U01808,2026-08-21 00:45,Direct,0
U01809,2026-09-10 11:48,Social,0
U01810,2026-08-29 05:27,Direct,0
U01810,2026-09-02 11:24,Paid Search,0
U01811,2026-08-14 10:34,Email,0
U01811,2026-08-14 23:43,Organic Search,1
U01812,2026-08-12 04:36,Display,0
U01812,2026-08-20 14:36,Email,0
U01812,2026-08-22 04:03,Email,0
U01812,2026-08-22 08:37,Email,1
U01813,2026-08-29 15:54,Paid Search,0
U01813,2026-09-01 22:13,Direct,0
U01813,2026-09-02 05:33,Email,0
U01814,2026-08-13 15:22,Direct,0
U01814,2026-08-16 15:29,Display,0
U01814,2026-08-16 23:42,Organic Search,0
U01815,2026-09-01 13:19,Organic Search,0
U01815,2026-09-02 00:55,Email,0
U01815,2026-09-05 08:13,Email,1
U01816,2026-08-31 03:19,Paid Search,0
U01817,2026-09-14 20:28,Direct,0
U01817,2026-09-20 02:03,Email,0
U01817,2026-09-20 13:17,Direct,1
U01818,2026-09-12 00:44,Organic Search,0
U01818,2026-09-12 20:13,Organic Search,0
U01818,2026-09-14 07:09,Email,0
U01819,2026-08-30 05:29,Social,0
U01820,2026-08-16 06:30,Social,0
U01820,2026-08-18 03:19,Paid Search,0
U01821,2026-08-17 06:00,Paid Search,0
U01822,2026-08-20 03:29,Organic Search,0
U01822,2026-08-21 08:40,Paid Search,0
U01823,2026-09-09 21:51,Social,0
U01824,2026-08-20 19:43,Display,0
U01825,2026-09-13 17:10,Social,0
U01826,2026-09-08 16:45,Social,0
U01827,2026-08-11 17:41,Direct,0
U01828,2026-08-14 15:42,Display,0
U01829,2026-08-29 18:24,Social,0
U01830,2026-08-30 18:24,Display,0
U01830,2026-08-31 19:25,Display,0
U01831,2026-08-25 14:33,Referral,0
U01831,2026-08-28 15:17,Paid Search,0
U01832,2026-09-10 08:51,Direct,0
U01833,2026-08-13 15:14,Display,0
U01833,2026-08-16 06:02,Display,0
U01833,2026-08-22 18:59,Display,0
U01833,2026-08-27 05:51,Email,0
U01833,2026-08-27 13:26,Organic Search,0
U01833,2026-09-05 14:12,Organic Search,0
U01833,2026-09-05 18:12,Organic Search,0
U01833,2026-09-06 08:25,Paid Search,0
U01834,2026-08-16 06:21,Organic Search,0
U01834,2026-08-18 03:34,Direct,0
U01834,2026-08-18 09:25,Paid Search,0
U01834,2026-08-19 23:30,Organic Search,1
U01835,2026-09-01 03:57,Paid Search,0
U01835,2026-09-02 02:40,Direct,0
U01836,2026-09-09 11:50,Display,0
U01836,2026-09-10 15:01,Social,0
U01836,2026-09-15 03:05,Direct,0
U01837,2026-08-03 04:58,Organic Search,0
U01838,2026-08-10 01:18,Organic Search,0
U01838,2026-08-12 10:39,Paid Search,0
U01838,2026-08-14 13:19,Email,0
U01838,2026-08-14 22:19,Paid Search,0
U01839,2026-08-08 04:51,Paid Search,0
U01839,2026-08-16 16:06,Direct,0
U01839,2026-08-28 16:39,Email,0
U01839,2026-08-29 04:10,Paid Search,0
U01839,2026-08-29 13:55,Email,0
U01839,2026-08-30 17:52,Paid Search,0
U01840,2026-08-17 01:28,Display,0
U01840,2026-08-20 05:35,Paid Search,0
U01840,2026-08-21 11:16,Referral,0
U01840,2026-08-21 22:44,Social,0
U01840,2026-08-22 09:31,Social,0
U01841,2026-08-31 23:44,Paid Search,1
U01842,2026-09-14 20:21,Display,0
U01843,2026-09-07 00:02,Social,0
U01843,2026-09-11 12:29,Direct,0
U01843,2026-09-15 19:04,Email,0
U01843,2026-09-17 07:00,Social,0
U01843,2026-09-22 09:08,Organic Search,0
U01844,2026-09-10 21:04,Organic Search,0
U01845,2026-09-09 00:41,Social,0
U01845,2026-09-11 01:57,Direct,0
U01845,2026-09-11 15:40,Email,0
U01846,2026-09-02 19:12,Social,0
U01846,2026-09-05 17:11,Direct,0
U01847,2026-08-17 15:40,Paid Search,0
U01847,2026-08-22 16:44,Direct,0
U01847,2026-08-23 15:54,Direct,0
U01847,2026-08-24 11:03,Paid Search,0
U01848,2026-09-08 07:51,Display,0
U01849,2026-09-08 01:05,Social,0
U01849,2026-09-09 06:49,Email,0
U01849,2026-09-09 11:18,Direct,0
U01850,2026-08-06 09:30,Social,0
U01850,2026-08-06 17:29,Paid Search,0
U01851,2026-08-06 17:35,Organic Search,0
U01852,2026-08-10 09:46,Social,0
U01853,2026-08-19 16:51,Organic Search,0
U01853,2026-08-24 08:41,Organic Search,0
U01854,2026-09-06 09:03,Social,0
U01854,2026-09-07 03:08,Organic Search,0
U01854,2026-09-09 21:55,Display,0
U01855,2026-09-05 18:54,Referral,0
U01856,2026-08-03 06:22,Social,0
U01857,2026-08-27 19:48,Organic Search,0
U01857,2026-08-27 22:03,Paid Search,0
U01858,2026-08-12 13:05,Paid Search,0
U01859,2026-08-11 05:05,Display,0
U01860,2026-09-14 02:11,Paid Search,0
U01860,2026-09-19 06:19,Email,0
U01860,2026-09-19 13:37,Display,0
U01860,2026-09-19 22:28,Social,1
U01861,2026-09-02 17:36,Organic Search,0
U01861,2026-09-02 18:42,Referral,0
U01861,2026-09-03 16:08,Social,0
U01862,2026-08-14 11:11,Social,0
U01863,2026-08-28 17:49,Display,0
U01864,2026-08-14 10:02,Organic Search,0
U01864,2026-08-14 19:31,Organic Search,0
U01864,2026-08-15 21:26,Direct,0
U01864,2026-08-25 14:44,Display,0
U01865,2026-08-23 23:03,Display,0
U01866,2026-08-28 20:32,Display,0
U01866,2026-09-03 17:34,Paid Search,0
U01866,2026-09-05 11:07,Email,0
U01866,2026-09-06 15:24,Direct,0
U01866,2026-09-15 04:43,Paid Search,0
U01866,2026-09-16 09:15,Referral,0
U01866,2026-09-16 22:14,Direct,1
U01867,2026-08-20 17:57,Paid Search,0
U01868,2026-08-26 16:57,Social,0
U01868,2026-08-29 00:58,Email,0
U01869,2026-09-07 16:08,Social,0
U01870,2026-08-23 22:37,Paid Search,0
U01870,2026-08-28 22:13,Direct,0
U01871,2026-08-22 20:44,Organic Search,0
U01871,2026-08-26 20:05,Display,0
U01871,2026-08-28 13:28,Paid Search,0
U01871,2026-09-03 09:34,Social,0
U01872,2026-08-15 23:51,Social,0
U01873,2026-08-05 23:29,Display,0
U01874,2026-08-04 23:33,Social,0
U01874,2026-08-05 05:53,Email,1
U01875,2026-09-06 16:22,Social,0
U01876,2026-09-12 18:00,Social,0
U01877,2026-08-22 08:48,Email,0
U01877,2026-08-24 07:37,Paid Search,0
U01878,2026-08-24 14:41,Paid Search,0
U01878,2026-08-24 20:10,Direct,0
U01878,2026-08-27 18:49,Display,0
U01879,2026-08-26 19:46,Organic Search,0
U01880,2026-08-16 03:17,Social,0
U01880,2026-08-18 21:15,Organic Search,0
U01880,2026-08-20 04:51,Direct,0
U01880,2026-08-22 15:17,Email,0
U01880,2026-08-26 11:03,Direct,1
U01881,2026-08-22 16:42,Referral,0
U01882,2026-09-08 04:18,Display,0
U01882,2026-09-11 16:08,Social,0
U01882,2026-09-15 16:31,Email,1
U01883,2026-08-19 16:47,Direct,0
U01884,2026-08-06 14:30,Organic Search,0
U01884,2026-08-07 13:04,Email,0
U01884,2026-08-10 01:04,Direct,0
U01885,2026-09-13 08:28,Social,0
U01886,2026-08-06 00:48,Organic Search,0
U01886,2026-08-06 07:40,Organic Search,0
U01887,2026-09-07 07:00,Display,0
U01887,2026-09-09 02:24,Referral,0
U01888,2026-08-13 08:22,Display,0
U01888,2026-08-14 13:40,Paid Search,0
U01889,2026-08-14 18:19,Social,0
U01889,2026-08-17 03:49,Direct,0
U01890,2026-08-30 16:27,Paid Search,0
U01891,2026-08-09 23:17,Paid Search,0
U01891,2026-08-12 15:58,Direct,0
U01891,2026-08-13 19:53,Organic Search,0
U01891,2026-08-19 06:35,Organic Search,0
U01891,2026-08-19 08:24,Display,0
U01892,2026-09-02 00:56,Social,0
U01893,2026-08-11 22:28,Organic Search,0
U01893,2026-08-12 08:43,Referral,0
U01894,2026-08-31 10:09,Referral,0
U01894,2026-09-03 00:17,Paid Search,1
U01895,2026-09-04 16:26,Display,0
U01896,2026-09-10 02:08,Social,0
U01896,2026-09-21 23:37,Organic Search,0
U01896,2026-09-25 01:58,Direct,0
U01896,2026-09-26 03:43,Organic Search,0
U01897,2026-08-11 03:56,Paid Search,0
U01897,2026-08-14 06:30,Paid Search,0
U01898,2026-08-04 17:07,Direct,0
U01899,2026-08-05 02:55,Organic Search,0
U01899,2026-08-06 23:15,Direct,0
U01900,2026-08-17 22:43,Organic Search,0
U01901,2026-08-14 17:14,Direct,0
U01901,2026-08-17 01:17,Paid Search,0
U01901,2026-08-17 03:10,Direct,0
U01901,2026-08-23 07:51,Social,0
U01901,2026-08-28 12:40,Organic Search,0
U01901,2026-08-31 08:29,Organic Search,1
U01902,2026-08-05 13:28,Organic Search,0
U01902,2026-08-05 22:33,Email,0
U01903,2026-09-04 07:26,Social,0
U01903,2026-09-04 09:12,Organic Search,0
U01904,2026-09-02 00:22,Social,0
U01905,2026-09-04 23:45,Social,0
U01905,2026-09-12 00:46,Direct,0
U01906,2026-09-14 12:12,Social,0
U01906,2026-09-23 20:29,Organic Search,0
U01906,2026-09-24 23:18,Organic Search,0
U01906,2026-09-29 20:44,Social,0
U01906,2026-09-30 15:16,Direct,0
U01906,2026-10-01 14:36,Referral,0
U01906,2026-10-05 12:14,Display,0
U01907,2026-09-03 19:20,Direct,0
U01907,2026-09-04 08:59,Paid Search,0
U01908,2026-08-29 15:25,Social,0
U01909,2026-08-12 06:22,Social,0
U01910,2026-08-05 03:26,Organic Search,0
U01911,2026-08-27 15:00,Referral,0
U01912,2026-08-01 13:09,Organic Search,0
U01912,2026-08-03 13:34,Email,0
U01913,2026-08-25 13:31,Referral,0
U01913,2026-08-27 14:39,Social,0
U01913,2026-08-27 20:33,Social,0
U01913,2026-08-28 03:24,Organic Search,0
U01914,2026-08-10 12:27,Social,0
U01914,2026-08-14 23:26,Direct,0
U01914,2026-08-18 19:50,Social,0
U01915,2026-08-08 05:54,Referral,0
U01915,2026-08-13 13:02,Direct,0
U01916,2026-08-20 14:29,Referral,0
U01916,2026-08-22 01:08,Direct,0
U01917,2026-08-29 11:00,Referral,0
U01917,2026-08-31 07:26,Social,0
U01918,2026-08-23 17:45,Social,0
U01918,2026-08-25 10:23,Display,0
U01918,2026-08-29 07:06,Social,0
U01919,2026-09-12 20:22,Display,0
U01919,2026-09-19 22:29,Organic Search,0
U01920,2026-08-29 21:31,Display,0
U01921,2026-08-03 21:05,Social,0
U01921,2026-08-10 06:50,Paid Search,0
U01922,2026-08-23 01:51,Social,0
U01923,2026-09-14 05:35,Paid Search,0
U01923,2026-09-15 04:36,Email,0
U01923,2026-09-15 14:14,Organic Search,0
U01923,2026-09-15 18:05,Paid Search,0
U01924,2026-08-21 02:48,Display,0
U01924,2026-08-23 08:31,Direct,0
U01924,2026-08-24 06:13,Display,0
U01924,2026-08-24 20:34,Paid Search,0
U01924,2026-08-25 12:52,Paid Search,0
U01924,2026-08-26 11:49,Organic Search,0
U01925,2026-09-13 19:35,Organic Search,0
U01926,2026-08-06 18:56,Paid Search,0
U01926,2026-08-08 10:12,Email,0
U01926,2026-08-11 22:17,Email,0
U01926,2026-08-12 01:32,Direct,0
U01926,2026-08-23 07:51,Organic Search,1
U01927,2026-08-22 04:10,Display,0
U01927,2026-08-24 03:34,Social,0
U01928,2026-09-09 19:30,Email,0
U01929,2026-08-30 03:28,Social,0
U01930,2026-08-11 07:37,Social,0
U01931,2026-08-23 17:16,Paid Search,0
U01931,2026-08-25 20:24,Paid Search,0
U01931,2026-09-03 05:45,Organic Search,0
U01932,2026-09-04 12:53,Social,0
U01932,2026-09-07 14:21,Paid Search,0
U01932,2026-09-08 14:51,Display,0
U01932,2026-09-09 02:11,Direct,0
U01932,2026-09-11 19:26,Paid Search,0
U01932,2026-09-17 16:53,Paid Search,0
U01932,2026-09-18 09:02,Paid Search,0
U01933,2026-08-07 13:04,Social,0
U01934,2026-09-13 02:45,Referral,0
U01935,2026-08-29 16:02,Direct,0
U01935,2026-09-06 15:55,Paid Search,0
U01936,2026-09-13 18:35,Paid Search,0
U01936,2026-09-14 02:56,Paid Search,0
U01936,2026-09-15 05:48,Email,1
U01937,2026-09-04 02:24,Social,0
U01938,2026-08-07 09:22,Email,0
U01938,2026-08-13 18:55,Direct,1
U01939,2026-09-03 00:50,Display,0
U01940,2026-08-19 09:21,Social,0
U01940,2026-08-19 15:26,Paid Search,0
U01940,2026-08-31 19:39,Organic Search,0
U01940,2026-09-02 10:54,Social,0
U01940,2026-09-02 16:20,Email,0
U01940,2026-09-08 06:08,Social,1
U01941,2026-08-06 18:57,Display,0
U01941,2026-08-12 21:04,Display,0
U01941,2026-08-14 07:29,Referral,1
U01942,2026-09-04 06:48,Direct,0
U01942,2026-09-05 22:38,Paid Search,0
U01942,2026-09-08 18:08,Organic Search,1
U01943,2026-08-04 17:01,Display,0
U01944,2026-08-03 12:29,Display,0
U01944,2026-08-04 10:06,Direct,0
U01944,2026-08-07 05:28,Organic Search,0
U01944,2026-08-12 13:19,Display,0
U01944,2026-08-15 21:01,Display,0
U01944,2026-08-19 08:48,Paid Search,0
U01944,2026-08-21 05:30,Paid Search,1
U01945,2026-08-06 10:15,Display,0
U01945,2026-08-15 22:25,Email,0
U01945,2026-08-17 13:45,Email,0
U01945,2026-08-25 12:35,Social,1
U01946,2026-08-21 13:10,Paid Search,0
U01947,2026-09-14 09:58,Organic Search,0
U01948,2026-08-19 08:54,Referral,0
U01949,2026-08-31 12:21,Display,0
U01949,2026-09-01 03:17,Direct,0
U01949,2026-09-02 06:00,Display,0
U01949,2026-09-04 16:55,Direct,0
U01949,2026-09-05 16:38,Organic Search,0
U01949,2026-09-05 19:37,Referral,0
U01949,2026-09-07 20:14,Email,0
U01949,2026-09-08 06:01,Display,1
U01950,2026-09-04 14:03,Display,0
U01950,2026-09-07 08:24,Direct,0
U01950,2026-09-07 20:37,Paid Search,0
U01950,2026-09-09 06:16,Email,0
U01950,2026-09-10 07:49,Email,0
U01950,2026-09-11 15:44,Email,0
U01950,2026-09-15 17:45,Paid Search,0
U01950,2026-09-16 18:58,Social,1
U01951,2026-08-01 17:20,Organic Search,0
U01951,2026-08-02 12:24,Email,0
U01951,2026-08-03 13:52,Email,0
U01952,2026-09-05 12:58,Paid Search,0
U01952,2026-09-06 06:10,Paid Search,0
U01952,2026-09-12 17:37,Display,0
U01953,2026-08-26 23:54,Paid Search,0
U01953,2026-08-27 12:50,Direct,0
U01954,2026-09-10 00:39,Display,0
U01955,2026-08-19 06:33,Display,0
U01956,2026-08-31 15:41,Paid Search,0
U01956,2026-09-01 05:45,Direct,0
U01957,2026-08-03 20:18,Organic Search,0
U01958,2026-08-09 21:25,Paid Search,0
U01958,2026-08-11 05:56,Organic Search,0
U01958,2026-08-11 06:14,Direct,0
U01958,2026-08-12 11:26,Organic Search,1
U01959,2026-08-08 16:43,Direct,0
U01959,2026-08-09 02:35,Social,0
U01960,2026-08-07 01:48,Social,0
U01960,2026-08-10 12:42,Organic Search,0
U01960,2026-08-10 15:41,Email,0
U01961,2026-08-09 01:25,Social,0
U01962,2026-08-22 01:19,Organic Search,1
U01963,2026-09-11 17:58,Display,0
U01964,2026-09-01 11:40,Display,0
U01964,2026-09-10 02:27,Organic Search,0
U01964,2026-09-16 17:31,Direct,0
U01964,2026-09-17 01:02,Paid Search,0
U01964,2026-09-17 10:09,Direct,0
U01964,2026-09-21 23:20,Email,0
U01964,2026-09-23 18:24,Organic Search,1
U01965,2026-08-05 09:02,Email,0
U01966,2026-09-01 18:51,Organic Search,0
U01966,2026-09-02 11:39,Email,0
U01967,2026-08-16 01:13,Direct,0
U01967,2026-08-16 19:47,Email,0
U01967,2026-08-17 10:31,Paid Search,1
U01968,2026-08-21 05:25,Organic Search,0
U01968,2026-08-23 10:54,Direct,0
U01969,2026-08-04 11:17,Display,0
U01969,2026-08-04 17:53,Paid Search,0
U01970,2026-08-08 20:54,Organic Search,0
U01971,2026-09-06 16:29,Direct,0
U01972,2026-08-01 15:51,Referral,0
U01972,2026-08-01 19:14,Direct,0
U01972,2026-08-02 19:00,Paid Search,0
U01972,2026-08-06 04:27,Email,1
U01973,2026-09-12 14:25,Email,0
U01974,2026-08-22 03:35,Referral,0
U01975,2026-09-03 16:02,Display,0
U01975,2026-09-06 08:08,Social,0
U01975,2026-09-13 20:28,Social,0
U01975,2026-09-15 16:11,Email,1
U01976,2026-08-15 07:25,Paid Search,0
U01976,2026-08-15 14:20,Organic Search,0
U01976,2026-08-17 10:20,Social,0
U01977,2026-08-08 02:52,Paid Search,0
U01978,2026-09-10 19:32,Social,0
U01978,2026-09-11 08:39,Organic Search,0
U01979,2026-08-09 11:21,Referral,0
U01979,2026-08-12 15:52,Organic Search,0
U01979,2026-08-15 12:30,Email,0
U01979,2026-08-15 19:17,Organic Search,0
U01979,2026-08-19 10:27,Email,0
U01979,2026-08-19 23:06,Paid Search,1
U01980,2026-08-27 01:22,Display,0
U01980,2026-08-27 08:47,Organic Search,0
U01980,2026-08-27 11:50,Referral,0
U01981,2026-08-28 02:09,Referral,0
U01981,2026-08-29 03:42,Direct,0
U01981,2026-08-31 20:41,Social,1
U01982,2026-08-18 13:34,Email,0
U01982,2026-08-19 01:35,Organic Search,0
U01983,2026-08-27 14:59,Email,0
U01984,2026-08-14 19:31,Organic Search,0
U01984,2026-08-15 04:06,Social,0
U01985,2026-09-14 10:07,Organic Search,0
U01986,2026-08-17 22:16,Email,0
U01986,2026-08-19 22:50,Direct,0
U01986,2026-08-22 18:27,Organic Search,0
U01986,2026-08-23 14:04,Paid Search,0
U01987,2026-08-14 20:44,Organic Search,0
U01987,2026-08-16 04:30,Email,0
U01987,2026-08-18 16:22,Paid Search,0
U01988,2026-08-30 18:25,Paid Search,1
U01989,2026-09-04 15:51,Referral,0
U01989,2026-09-13 19:23,Paid Search,0
U01989,2026-09-17 16:08,Organic Search,0
U01989,2026-09-19 04:01,Paid Search,0
U01989,2026-09-19 23:38,Organic Search,1
U01990,2026-08-09 18:40,Display,0
U01990,2026-08-12 17:29,Referral,0
U01991,2026-08-24 05:56,Paid Search,0
U01991,2026-08-25 23:58,Organic Search,0
U01991,2026-08-26 08:20,Direct,0
U01991,2026-08-27 21:42,Organic Search,0
U01992,2026-08-02 07:07,Social,0
U01992,2026-08-05 23:03,Paid Search,0
U01992,2026-08-07 04:41,Referral,0
U01992,2026-08-15 05:48,Direct,0
U01992,2026-08-18 08:34,Display,0
U01992,2026-08-20 00:05,Direct,0
U01993,2026-09-14 02:50,Paid Search,1
U01994,2026-08-13 07:44,Social,0
U01994,2026-08-15 10:47,Paid Search,0
U01994,2026-08-16 04:31,Direct,0
U01995,2026-08-23 12:03,Display,0
U01995,2026-08-28 09:11,Social,0
U01995,2026-08-30 07:20,Paid Search,0
U01995,2026-09-02 00:46,Email,0
U01995,2026-09-02 17:04,Referral,0
U01995,2026-09-03 04:45,Paid Search,1
U01996,2026-08-26 18:34,Direct,0
U01997,2026-08-06 23:11,Display,0
U01997,2026-08-10 22:47,Social,0
U01997,2026-08-14 08:48,Organic Search,0
U01997,2026-08-15 22:31,Paid Search,0
U01997,2026-08-17 20:03,Organic Search,0
U01997,2026-08-20 00:15,Social,0
U01997,2026-08-20 12:17,Email,1
U01998,2026-08-23 20:59,Organic Search,0
U01999,2026-08-12 04:51,Display,0
U02000,2026-08-28 21:18,Social,0
U02000,2026-09-01 00:28,Organic Search,0
U02001,2026-08-30 18:30,Organic Search,0
U02002,2026-09-04 06:45,Organic Search,0
U02002,2026-09-04 20:23,Email,0
U02003,2026-09-14 20:24,Organic Search,0
U02004,2026-09-02 01:31,Organic Search,0
U02005,2026-08-28 01:51,Referral,0
U02006,2026-08-18 01:30,Social,0
U02006,2026-08-18 13:17,Direct,0
U02006,2026-08-20 14:47,Email,0
U02007,2026-08-12 16:41,Organic Search,0
U02008,2026-09-11 03:23,Social,0
U02008,2026-09-22 02:21,Display,0
U02008,2026-09-25 04:56,Email,0
U02008,2026-09-25 09:26,Organic Search,0
U02008,2026-09-25 23:09,Display,0
U02008,2026-10-01 23:43,Referral,1
U02009,2026-08-05 05:21,Display,0
U02009,2026-08-07 01:22,Referral,0
U02010,2026-08-31 16:42,Organic Search,0
U02010,2026-09-01 03:34,Organic Search,0
U02011,2026-09-01 08:44,Display,0
U02011,2026-09-01 20:11,Paid Search,0
U02011,2026-09-05 14:42,Display,1
U02012,2026-09-08 02:46,Display,0
U02013,2026-08-07 04:04,Display,0
U02013,2026-08-09 03:04,Paid Search,0
U02014,2026-09-06 10:48,Direct,0
U02015,2026-09-04 16:49,Organic Search,0
U02015,2026-09-06 18:49,Paid Search,0
U02015,2026-09-07 00:06,Organic Search,0
U02016,2026-08-18 07:41,Social,0
U02016,2026-08-20 08:13,Display,0
U02017,2026-08-03 23:27,Organic Search,0
U02018,2026-08-23 00:29,Paid Search,0
U02018,2026-08-27 20:33,Organic Search,0
U02019,2026-08-25 23:48,Paid Search,1
U02020,2026-08-20 23:14,Social,0
U02020,2026-08-24 06:50,Organic Search,0
U02020,2026-08-27 11:23,Direct,0
U02021,2026-09-09 13:42,Organic Search,0
U02021,2026-09-12 00:10,Email,1
U02022,2026-08-25 17:33,Social,0
U02022,2026-08-27 01:34,Social,0
U02022,2026-08-27 03:38,Email,0
U02022,2026-08-31 20:47,Direct,0
U02023,2026-09-03 09:52,Referral,0
U02023,2026-09-05 00:02,Referral,0
U02024,2026-09-03 19:01,Direct,0
U02025,2026-08-18 10:30,Organic Search,0
U02025,2026-08-21 12:54,Email,0
U02025,2026-08-23 14:34,Direct,0
U02026,2026-08-16 02:30,Paid Search,0
U02027,2026-08-11 16:32,Organic Search,0
U02028,2026-08-17 22:38,Paid Search,0
U02029,2026-09-03 04:06,Social,0
U02030,2026-08-18 15:45,Referral,0
U02031,2026-08-06 17:57,Social,0
U02031,2026-08-08 11:34,Direct,0
U02031,2026-08-08 19:23,Email,0
U02031,2026-08-11 12:43,Paid Search,0
U02031,2026-08-12 06:39,Email,0
U02031,2026-08-20 18:03,Display,0
U02031,2026-08-25 02:11,Email,0
U02031,2026-08-26 15:34,Paid Search,1
U02032,2026-09-07 05:01,Paid Search,0
U02032,2026-09-12 21:03,Organic Search,1
U02033,2026-08-17 04:43,Paid Search,0
U02033,2026-08-17 20:35,Social,0
U02033,2026-08-18 08:30,Organic Search,0
U02033,2026-08-18 08:46,Direct,0
U02033,2026-08-20 08:16,Paid Search,1
U02034,2026-09-10 21:51,Social,0
U02034,2026-09-15 14:00,Paid Search,0
U02034,2026-09-16 15:13,Display,0
U02035,2026-09-11 12:47,Display,0
U02036,2026-09-02 05:17,Paid Search,0
U02036,2026-09-02 06:42,Direct,0
U02037,2026-09-01 10:41,Display,0
U02037,2026-09-03 22:58,Email,0
U02037,2026-09-04 05:07,Email,0
U02037,2026-09-04 11:34,Organic Search,0
U02038,2026-09-08 04:58,Display,0
U02038,2026-09-08 08:13,Direct,0
U02039,2026-08-18 05:30,Social,0
U02040,2026-08-01 00:28,Social,0
U02040,2026-08-10 04:48,Paid Search,0
U02040,2026-08-11 22:37,Email,0
U02040,2026-08-12 05:23,Organic Search,0
U02040,2026-08-14 09:29,Paid Search,1
U02041,2026-09-05 13:37,Display,0
U02041,2026-09-09 03:28,Organic Search,0
U02042,2026-08-25 10:35,Social,0
U02042,2026-08-25 14:01,Paid Search,1
U02043,2026-09-12 23:18,Organic Search,0
U02044,2026-08-06 20:51,Social,0
U02044,2026-08-12 23:36,Direct,0
U02045,2026-08-07 18:23,Display,0
U02045,2026-08-12 00:48,Display,0
U02046,2026-08-07 07:51,Social,0
U02047,2026-08-25 01:55,Organic Search,0
U02048,2026-09-05 10:07,Display,0
U02048,2026-09-06 05:07,Display,0
U02049,2026-08-01 20:08,Paid Search,0
U02049,2026-08-02 05:05,Organic Search,0
U02049,2026-08-02 08:47,Direct,1
U02050,2026-09-04 01:42,Social,0
U02050,2026-09-04 03:51,Direct,0
U02050,2026-09-07 19:48,Organic Search,0
U02050,2026-09-21 17:43,Email,0
U02050,2026-09-22 06:40,Social,0
U02051,2026-08-18 10:40,Display,0
U02052,2026-08-12 23:49,Display,0
U02053,2026-08-06 18:09,Organic Search,0
U02053,2026-08-06 18:31,Social,0
U02053,2026-08-08 15:37,Social,0
U02053,2026-08-12 17:10,Direct,0
U02054,2026-09-08 13:10,Social,0
U02054,2026-09-08 23:35,Display,0
U02054,2026-09-09 21:00,Direct,0
U02054,2026-09-14 00:09,Direct,0
U02054,2026-09-17 04:27,Display,0
U02054,2026-09-22 00:18,Organic Search,0
U02054,2026-09-23 09:22,Display,0
U02054,2026-09-23 15:37,Paid Search,0
U02055,2026-09-14 23:17,Display,0
U02056,2026-08-13 02:33,Organic Search,0
U02056,2026-08-13 13:56,Paid Search,0
U02056,2026-08-13 23:45,Direct,0
U02056,2026-08-16 01:19,Email,0
U02057,2026-08-25 00:30,Display,0
U02057,2026-08-30 07:22,Paid Search,0
U02057,2026-09-04 02:31,Direct,0
U02057,2026-09-05 05:20,Organic Search,0
U02058,2026-09-05 10:33,Organic Search,0
U02058,2026-09-05 21:21,Social,0
U02059,2026-09-09 12:03,Display,0
U02059,2026-09-10 19:16,Email,0
U02059,2026-09-14 19:57,Paid Search,0
U02059,2026-10-02 13:15,Direct,0
U02059,2026-10-04 00:40,Paid Search,0
U02059,2026-10-05 02:06,Organic Search,0
U02059,2026-10-06 09:13,Paid Search,0
U02059,2026-10-07 12:24,Direct,0
U02060,2026-08-12 18:24,Social,0
U02060,2026-08-15 09:49,Social,0
U02060,2026-08-15 21:33,Direct,0
U02060,2026-08-21 09:50,Organic Search,0
U02060,2026-08-23 14:23,Referral,1
U02061,2026-09-13 08:39,Organic Search,0
U02062,2026-08-05 08:29,Paid Search,0
U02063,2026-08-01 07:22,Social,0
U02064,2026-08-01 05:10,Display,0
U02065,2026-08-21 12:06,Organic Search,0
U02065,2026-08-21 14:37,Email,0
U02065,2026-08-23 13:55,Direct,1
U02066,2026-08-02 05:44,Paid Search,0
U02066,2026-08-05 03:47,Social,0
U02066,2026-08-06 01:16,Direct,0
U02066,2026-08-06 04:57,Display,0
U02067,2026-09-14 04:49,Direct,0
U02067,2026-09-15 16:48,Organic Search,0
U02067,2026-09-16 14:21,Email,0
U02067,2026-09-18 03:10,Display,0
U02067,2026-09-18 07:17,Email,0
U02067,2026-09-19 05:38,Organic Search,1
U02068,2026-09-14 18:17,Display,0
U02069,2026-08-17 17:47,Email,0
U02070,2026-08-05 06:13,Social,0
U02071,2026-09-04 17:03,Social,0
U02072,2026-09-02 13:13,Paid Search,0
U02072,2026-09-04 18:56,Display,0
U02072,2026-09-05 19:35,Organic Search,0
U02072,2026-09-06 08:20,Email,0
U02073,2026-09-02 21:40,Social,0
U02073,2026-09-04 07:21,Organic Search,0
U02073,2026-09-06 16:03,Organic Search,0
U02073,2026-09-14 17:41,Social,0
U02073,2026-09-16 20:06,Direct,0
U02074,2026-09-02 16:57,Social,0
U02074,2026-09-04 09:39,Organic Search,0
U02074,2026-09-11 18:36,Paid Search,1
U02075,2026-08-02 08:56,Paid Search,0
U02075,2026-08-04 19:46,Direct,0
U02076,2026-08-17 06:49,Paid Search,0
U02076,2026-08-19 03:38,Social,0
U02076,2026-08-23 06:59,Email,0
U02076,2026-08-25 04:55,Direct,0
U02077,2026-08-26 01:00,Social,0
U02077,2026-08-26 01:27,Direct,0
U02077,2026-08-29 04:29,Paid Search,0
U02078,2026-08-17 06:01,Referral,0
U02078,2026-08-19 18:37,Display,0
U02078,2026-08-22 11:18,Email,0
U02078,2026-08-23 06:03,Social,1
U02079,2026-08-01 16:33,Organic Search,0
U02079,2026-08-01 17:24,Organic Search,0
U02079,2026-08-04 12:34,Organic Search,0
U02079,2026-08-08 03:08,Direct,0
U02079,2026-08-11 11:53,Paid Search,0
U02080,2026-09-01 04:21,Paid Search,0
U02080,2026-09-02 07:06,Email,0
U02080,2026-09-06 08:34,Paid Search,1
U02081,2026-08-25 13:36,Display,0
U02081,2026-08-26 06:52,Referral,0
U02081,2026-08-31 00:49,Direct,0
U02081,2026-09-05 21:04,Organic Search,0
U02082,2026-08-30 06:47,Organic Search,0
U02083,2026-08-18 03:33,Social,0
U02084,2026-08-23 23:44,Organic Search,0
U02084,2026-08-30 04:58,Paid Search,0
U02084,2026-08-31 16:26,Social,0
U02084,2026-09-11 04:51,Organic Search,0
U02084,2026-09-12 13:27,Display,0
U02084,2026-09-13 21:31,Email,0
U02084,2026-09-15 09:28,Email,0
U02084,2026-09-15 22:46,Email,1
U02085,2026-08-03 11:41,Display,0
U02085,2026-08-05 15:29,Referral,0
U02085,2026-08-07 14:40,Paid Search,0
U02085,2026-08-07 16:33,Email,0
U02086,2026-08-01 10:13,Social,0
U02086,2026-08-04 02:24,Social,0
U02086,2026-08-05 19:33,Display,0
U02086,2026-08-09 13:00,Direct,0
U02086,2026-08-17 02:54,Email,0
U02086,2026-08-17 11:22,Email,0
U02086,2026-08-22 14:54,Direct,0
U02087,2026-09-08 00:12,Social,0
U02087,2026-09-08 12:41,Organic Search,0
U02087,2026-09-08 21:18,Email,0
U02087,2026-09-10 05:57,Direct,0
U02087,2026-09-12 01:29,Social,1
U02088,2026-08-08 07:56,Organic Search,0
U02088,2026-08-08 14:43,Paid Search,0
U02088,2026-08-15 12:50,Email,1
U02089,2026-08-22 12:49,Referral,0
U02090,2026-09-06 11:48,Display,0
U02090,2026-09-06 15:37,Direct,0
U02090,2026-09-09 23:56,Organic Search,0
U02090,2026-09-12 01:18,Organic Search,0
U02091,2026-08-25 16:25,Social,0
U02092,2026-08-07 05:09,Direct,0
U02092,2026-08-11 03:14,Social,0
U02092,2026-08-11 06:02,Paid Search,0
U02092,2026-08-11 16:17,Social,0
U02092,2026-08-16 23:02,Social,0
U02092,2026-08-24 03:18,Direct,0
U02093,2026-08-02 05:26,Referral,0
U02093,2026-08-05 07:04,Email,0
U02093,2026-08-05 20:10,Email,0
U02093,2026-08-09 05:53,Paid Search,0
U02093,2026-08-14 11:36,Social,1
U02094,2026-08-28 16:16,Organic Search,0
U02095,2026-08-12 13:16,Email,0
U02095,2026-08-16 16:28,Direct,0
U02095,2026-08-21 08:53,Email,0
U02095,2026-08-23 00:13,Email,0
U02095,2026-08-26 02:30,Social,0
U02095,2026-08-27 18:54,Email,0
U02095,2026-08-27 22:53,Email,1
U02096,2026-08-02 06:31,Organic Search,0
U02096,2026-08-13 18:57,Email,0
U02096,2026-08-15 22:34,Paid Search,0
U02096,2026-08-17 09:05,Organic Search,0
U02097,2026-08-01 22:06,Display,0
U02097,2026-08-02 18:01,Paid Search,1
U02098,2026-08-01 14:35,Email,0
U02098,2026-08-11 17:24,Paid Search,0
U02099,2026-08-16 22:03,Display,0
U02100,2026-08-23 16:48,Display,0
U02101,2026-09-10 02:58,Organic Search,0
U02101,2026-09-11 06:21,Paid Search,0
U02102,2026-08-25 12:49,Display,1
U02103,2026-08-13 17:30,Social,0
U02103,2026-08-17 23:48,Email,0
U02103,2026-08-18 03:40,Direct,0
U02103,2026-08-18 22:21,Social,1
U02104,2026-08-27 02:55,Organic Search,0
U02104,2026-08-29 07:44,Email,0
U02104,2026-09-01 14:32,Organic Search,0
U02104,2026-09-02 04:11,Email,0
U02105,2026-09-10 13:46,Paid Search,0
U02105,2026-09-10 18:59,Direct,0
U02106,2026-08-22 17:26,Direct,0
U02106,2026-08-23 05:08,Organic Search,0
U02106,2026-08-24 04:10,Referral,0
U02106,2026-08-26 15:23,Display,1
U02107,2026-09-12 15:08,Referral,0
U02107,2026-09-17 02:14,Organic Search,0
U02107,2026-09-17 02:35,Social,0
U02107,2026-09-19 20:55,Email,0
U02108,2026-09-13 04:40,Organic Search,0
U02109,2026-09-09 23:06,Social,0
U02109,2026-09-10 02:23,Paid Search,0
U02109,2026-09-10 10:48,Email,0
U02110,2026-08-31 15:17,Organic Search,0
U02110,2026-09-05 08:38,Direct,0
U02110,2026-09-07 10:30,Paid Search,0
U02110,2026-09-07 18:02,Display,0
U02111,2026-08-01 01:30,Organic Search,0
U02111,2026-08-02 03:18,Referral,0
U02112,2026-08-03 18:13,Display,0
U02112,2026-08-04 19:10,Organic Search,0
U02112,2026-08-04 19:48,Direct,0
U02113,2026-08-26 12:31,Direct,0
U02113,2026-08-28 23:18,Display,0
U02114,2026-09-12 21:27,Referral,0
U02115,2026-08-18 08:34,Display,0
U02115,2026-08-19 10:47,Organic Search,0
U02115,2026-08-27 11:50,Organic Search,0
U02115,2026-08-28 00:33,Paid Search,1
U02116,2026-08-03 05:00,Paid Search,0
U02116,2026-08-06 15:58,Direct,0
U02116,2026-08-08 13:04,Organic Search,0
U02117,2026-09-14 20:32,Email,1
U02118,2026-08-20 15:34,Organic Search,1
U02119,2026-08-18 18:55,Direct,0
U02119,2026-08-20 07:28,Paid Search,0
U02120,2026-08-07 19:31,Direct,0
U02120,2026-08-14 04:20,Social,0
U02120,2026-08-15 15:06,Organic Search,0
U02120,2026-08-16 07:08,Organic Search,1
U02121,2026-08-22 06:24,Organic Search,0
U02121,2026-08-23 02:00,Direct,0
U02122,2026-08-30 10:41,Direct,0
U02122,2026-09-02 03:48,Paid Search,0
U02122,2026-09-03 08:59,Direct,0
U02122,2026-09-03 14:01,Direct,0
U02122,2026-09-03 19:15,Paid Search,0
U02122,2026-09-04 08:43,Social,0
U02122,2026-09-06 07:39,Organic Search,0
U02122,2026-09-08 06:12,Organic Search,0
U02123,2026-09-01 05:24,Paid Search,0
U02124,2026-08-26 06:14,Organic Search,0
U02125,2026-09-01 17:32,Social,0
U02126,2026-09-07 12:39,Social,0
U02126,2026-09-09 21:31,Social,0
U02126,2026-09-17 12:38,Organic Search,0
U02127,2026-09-02 05:46,Organic Search,0
U02128,2026-08-31 02:00,Social,0
U02128,2026-09-06 03:43,Paid Search,0
U02128,2026-09-07 21:28,Organic Search,0
U02129,2026-08-09 22:20,Organic Search,0
U02129,2026-08-12 07:07,Display,0
U02129,2026-08-16 09:00,Direct,0
U02130,2026-08-30 02:18,Paid Search,0
U02130,2026-09-01 19:43,Direct,0
U02130,2026-09-03 05:32,Direct,0
U02131,2026-09-04 12:22,Display,0
U02131,2026-09-07 04:43,Social,0
U02131,2026-09-08 15:03,Email,0
U02131,2026-09-09 01:02,Email,1
U02132,2026-08-27 04:48,Social,0
U02133,2026-09-13 21:52,Organic Search,0
U02133,2026-09-23 06:15,Email,0
U02134,2026-08-27 17:14,Direct,0
U02134,2026-08-28 20:45,Email,0
U02134,2026-08-29 13:39,Email,0
U02134,2026-08-31 16:47,Direct,0
U02134,2026-09-03 08:40,Social,0
U02134,2026-09-05 09:59,Referral,0
U02135,2026-08-22 13:03,Organic Search,0
U02135,2026-08-25 04:06,Paid Search,1
U02136,2026-08-22 22:58,Email,0
U02137,2026-08-12 06:19,Direct,0
U02137,2026-08-13 06:04,Direct,0
U02137,2026-08-19 20:04,Display,0
U02138,2026-09-06 16:22,Display,0
U02139,2026-08-13 00:00,Display,0
U02139,2026-08-13 11:49,Direct,1
U02140,2026-08-10 09:39,Direct,0
U02141,2026-08-23 22:24,Social,0
U02141,2026-08-24 00:56,Organic Search,0
U02141,2026-08-29 22:17,Direct,0
U02142,2026-09-07 10:49,Social,0
U02143,2026-08-09 15:29,Display,0
U02144,2026-08-23 07:59,Social,0
U02145,2026-08-18 20:19,Direct,0
U02145,2026-08-19 01:27,Paid Search,0
U02146,2026-08-17 08:52,Social,0
U02146,2026-08-22 08:11,Organic Search,0
U02146,2026-08-22 16:13,Organic Search,1
U02147,2026-08-01 04:15,Organic Search,0
U02148,2026-08-19 09:57,Display,0
U02148,2026-08-19 15:46,Direct,0
U02148,2026-08-22 00:02,Paid Search,0
U02148,2026-08-25 07:51,Display,0
U02149,2026-08-29 09:34,Referral,0
U02149,2026-08-30 03:57,Email,0
U02149,2026-08-30 13:22,Organic Search,0
U02149,2026-08-31 04:51,Direct,0
U02150,2026-08-31 11:10,Referral,0
U02150,2026-08-31 18:38,Direct,0
U02150,2026-09-01 07:04,Organic Search,0
U02151,2026-08-09 02:42,Display,0
U02151,2026-08-19 14:19,Email,0
U02152,2026-09-06 18:46,Organic Search,0
U02152,2026-09-08 14:14,Email,0
U02152,2026-09-10 12:14,Email,0
U02153,2026-09-07 10:03,Display,0
U02153,2026-09-07 14:29,Organic Search,0
U02153,2026-09-12 04:27,Email,1
U02154,2026-08-25 18:14,Social,0
U02154,2026-09-06 04:10,Email,0
U02154,2026-09-10 23:53,Email,0
U02154,2026-09-13 10:14,Email,1
U02155,2026-09-14 21:21,Paid Search,0
U02155,2026-09-16 11:01,Email,1
U02156,2026-08-19 23:59,Social,0
U02156,2026-08-21 03:25,Email,0
U02156,2026-08-24 07:26,Social,0
U02156,2026-08-25 05:08,Organic Search,0
U02156,2026-08-27 03:40,Direct,1
U02157,2026-09-09 18:26,Social,0
U02157,2026-09-12 05:20,Paid Search,0
U02157,2026-09-13 09:20,Organic Search,1
U02158,2026-09-08 06:18,Email,0
U02159,2026-08-06 16:33,Email,0
U02159,2026-08-07 06:44,Email,0
U02160,2026-08-15 15:24,Organic Search,0
U02160,2026-08-16 07:46,Paid Search,0
U02160,2026-08-22 21:56,Social,0
U02161,2026-08-15 03:04,Paid Search,0
U02161,2026-08-16 06:55,Social,0
U02161,2026-08-21 07:56,Paid Search,0
U02161,2026-08-21 08:31,Direct,0
U02161,2026-08-22 19:52,Organic Search,0
U02161,2026-08-28 12:59,Direct,0
U02161,2026-08-29 03:48,Direct,1
U02162,2026-08-26 06:16,Organic Search,0
U02162,2026-08-27 16:12,Direct,0
U02162,2026-08-29 09:16,Direct,0
U02162,2026-08-30 07:46,Email,0
U02162,2026-09-02 15:21,Social,1
U02163,2026-08-03 06:11,Display,0
U02163,2026-08-04 22:30,Organic Search,0
U02164,2026-08-29 01:16,Organic Search,0
U02165,2026-08-17 15:02,Social,0
U02165,2026-08-20 11:45,Paid Search,0
U02165,2026-08-20 23:51,Paid Search,0
U02165,2026-08-23 23:34,Paid Search,0
U02165,2026-08-29 04:01,Email,1
U02166,2026-08-12 21:00,Social,0
U02166,2026-08-13 19:23,Organic Search,0
U02166,2026-08-17 20:04,Direct,1
U02167,2026-08-14 21:37,Organic Search,0
U02168,2026-08-03 11:54,Direct,0
U02169,2026-08-12 02:07,Organic Search,0
U02169,2026-08-14 05:02,Paid Search,0
U02169,2026-08-14 23:47,Email,0
U02170,2026-08-25 15:06,Display,0
U02171,2026-09-04 00:34,Organic Search,0
U02171,2026-09-05 09:13,Direct,0
U02172,2026-09-04 21:08,Social,0
U02173,2026-08-27 14:00,Social,0
U02173,2026-08-27 16:18,Display,0
U02174,2026-08-31 02:35,Direct,0
U02174,2026-08-31 08:55,Organic Search,0
U02175,2026-08-13 10:46,Organic Search,0
U02175,2026-08-16 09:11,Social,0
U02175,2026-08-17 06:21,Paid Search,0
U02176,2026-08-04 17:09,Organic Search,1
U02177,2026-09-10 13:36,Direct,0
U02177,2026-09-11 13:03,Display,0
U02177,2026-09-12 09:32,Social,0
U02178,2026-08-08 03:05,Referral,0
U02179,2026-08-13 04:56,Display,0
U02179,2026-08-17 14:55,Referral,0
U02180,2026-09-12 13:59,Direct,0
U02181,2026-08-09 22:37,Referral,0
U02181,2026-08-11 16:43,Paid Search,0
U02181,2026-08-14 17:24,Paid Search,1
U02182,2026-08-28 11:54,Display,0
U02182,2026-08-28 14:00,Email,0
U02183,2026-09-10 21:48,Organic Search,1
U02184,2026-08-14 02:20,Display,0
U02185,2026-08-15 22:09,Social,0
U02185,2026-08-21 17:07,Organic Search,0
U02185,2026-08-22 08:56,Direct,1
U02186,2026-08-31 15:07,Social,0
U02186,2026-09-02 16:55,Direct,0
U02186,2026-09-04 13:03,Display,1
U02187,2026-08-02 11:05,Organic Search,0
U02188,2026-09-09 17:25,Display,0
U02188,2026-09-12 14:02,Organic Search,0
U02188,2026-09-14 12:49,Email,0
U02188,2026-09-15 14:17,Organic Search,0
U02189,2026-08-17 00:39,Social,0
U02189,2026-08-18 10:41,Paid Search,0
U02190,2026-08-04 18:01,Organic Search,0
U02190,2026-08-08 04:09,Organic Search,0
U02190,2026-08-14 07:24,Social,0
U02190,2026-08-17 01:27,Email,1
U02191,2026-09-08 16:38,Social,0
U02191,2026-09-12 02:08,Referral,0
U02191,2026-09-16 04:08,Referral,0
U02192,2026-08-17 21:44,Direct,0
U02192,2026-08-22 16:48,Organic Search,0
U02193,2026-08-15 16:36,Social,0
U02193,2026-08-20 09:00,Direct,0
U02193,2026-08-20 23:14,Social,0
U02193,2026-08-21 22:19,Direct,0
U02193,2026-08-23 02:10,Organic Search,0
U02194,2026-09-10 09:37,Organic Search,0
U02194,2026-09-11 06:04,Paid Search,0
U02195,2026-08-08 03:33,Paid Search,0
U02195,2026-08-12 08:48,Organic Search,0
U02195,2026-08-19 09:57,Organic Search,0
U02195,2026-08-20 08:12,Social,0
U02196,2026-09-01 23:59,Social,0
U02196,2026-09-02 13:15,Email,0
U02197,2026-08-04 12:35,Social,0
U02197,2026-08-07 20:33,Organic Search,0
U02197,2026-08-12 03:06,Display,0
U02198,2026-08-19 23:15,Display,0
U02199,2026-09-10 09:23,Paid Search,0
U02199,2026-09-10 17:20,Social,0
U02200,2026-09-10 04:50,Display,0
U02200,2026-09-12 00:49,Direct,0
U02200,2026-09-15 17:58,Paid Search,0
U02200,2026-09-18 21:12,Social,0
U02200,2026-09-21 16:10,Paid Search,1
U02201,2026-08-27 05:57,Referral,0
U02201,2026-08-28 17:29,Direct,0
U02202,2026-08-06 03:31,Organic Search,0
U02202,2026-08-09 09:15,Display,0
U02203,2026-08-30 01:48,Social,0
U02203,2026-09-01 20:42,Paid Search,0
U02204,2026-09-13 19:17,Organic Search,0
U02204,2026-09-18 01:42,Email,0
U02204,2026-09-18 15:20,Social,0
U02204,2026-09-20 12:17,Organic Search,1
U02205,2026-08-08 02:03,Paid Search,0
U02205,2026-08-14 07:23,Email,0
U02205,2026-08-23 14:36,Organic Search,0
U02205,2026-08-31 12:28,Social,0
U02205,2026-08-31 23:55,Paid Search,0
U02205,2026-09-02 22:43,Paid Search,0
U02206,2026-08-17 22:51,Social,0
U02206,2026-08-20 00:30,Direct,0
U02207,2026-08-22 20:45,Paid Search,0
U02207,2026-08-24 08:47,Paid Search,0
U02208,2026-08-14 23:02,Organic Search,0
U02209,2026-08-15 15:15,Social,0
U02210,2026-08-08 14:52,Social,0
U02210,2026-08-10 01:50,Organic Search,0
U02210,2026-08-11 07:20,Organic Search,0
U02210,2026-08-11 18:41,Organic Search,0
U02211,2026-08-23 21:10,Display,0
U02211,2026-08-25 06:26,Email,1
U02212,2026-08-15 19:15,Organic Search,0
U02212,2026-08-19 15:58,Paid Search,1
U02213,2026-09-10 00:47,Direct,0
U02214,2026-08-04 00:16,Email,0
U02215,2026-08-26 20:51,Organic Search,0
U02215,2026-08-29 09:44,Social,0
U02215,2026-08-29 14:09,Email,0
U02216,2026-08-24 11:06,Paid Search,0
U02216,2026-08-24 13:35,Display,0
U02216,2026-08-28 08:46,Paid Search,0
U02217,2026-08-03 15:59,Display,0
U02218,2026-08-12 02:06,Organic Search,0
U02218,2026-08-12 23:08,Organic Search,0
U02218,2026-08-15 01:59,Paid Search,0
U02219,2026-08-18 01:37,Social,0
U02220,2026-08-06 06:26,Organic Search,0
U02220,2026-08-07 10:50,Paid Search,0
U02220,2026-08-08 00:33,Paid Search,0
U02220,2026-08-12 00:57,Paid Search,1
U02221,2026-09-08 01:13,Paid Search,0
U02221,2026-09-11 06:48,Display,0
U02222,2026-08-06 06:16,Direct,0
U02222,2026-08-08 03:46,Organic Search,0
U02222,2026-08-10 18:12,Social,0
U02223,2026-08-19 20:01,Organic Search,0
U02223,2026-08-20 21:16,Organic Search,0
U02223,2026-08-23 05:55,Social,0
U02224,2026-08-07 10:26,Social,0
U02224,2026-08-13 11:58,Paid Search,0
U02225,2026-08-12 07:43,Organic Search,0
U02226,2026-09-08 15:09,Direct,0
U02227,2026-08-10 21:35,Email,0
U02227,2026-08-11 01:17,Direct,0
U02228,2026-08-14 17:56,Social,0
U02228,2026-08-15 06:27,Email,0
U02228,2026-08-16 00:57,Organic Search,0
U02229,2026-08-26 11:49,Paid Search,0
U02230,2026-08-12 13:26,Organic Search,0
U02230,2026-08-17 16:41,Social,0
U02230,2026-08-18 06:09,Email,0
U02230,2026-08-22 21:56,Direct,1
U02231,2026-08-19 04:57,Referral,0
U02231,2026-08-21 08:52,Email,0
U02231,2026-08-24 00:22,Email,0
U02232,2026-08-28 21:25,Organic Search,0
U02233,2026-08-07 21:50,Email,0
U02233,2026-08-11 00:03,Display,0
U02233,2026-08-14 13:52,Email,0
U02234,2026-09-12 23:48,Social,0
U02235,2026-08-16 15:47,Referral,0
U02236,2026-09-09 03:39,Organic Search,0
U02237,2026-08-08 09:05,Organic Search,0
U02237,2026-08-08 10:11,Social,0
U02238,2026-08-02 02:02,Display,0
U02239,2026-09-03 13:39,Social,0
U02240,2026-08-16 04:17,Direct,0
U02240,2026-08-21 18:20,Email,0
U02241,2026-09-01 19:41,Paid Search,0
U02242,2026-08-19 09:19,Display,0
U02242,2026-08-21 07:32,Display,0
U02243,2026-08-02 09:38,Display,0
U02243,2026-08-02 19:31,Direct,0
U02243,2026-08-07 22:00,Social,0
U02243,2026-08-13 23:28,Organic Search,0
U02243,2026-08-18 00:43,Organic Search,0
U02243,2026-08-24 16:21,Social,0
U02244,2026-08-30 19:16,Social,0
U02245,2026-08-04 08:26,Email,0
U02245,2026-08-06 09:05,Organic Search,1
U02246,2026-08-20 18:05,Direct,0
U02246,2026-08-25 23:05,Direct,0
U02246,2026-08-30 16:37,Social,0
U02246,2026-09-02 04:16,Organic Search,0
U02247,2026-08-01 20:25,Organic Search,0
U02248,2026-09-14 12:44,Paid Search,0
U02249,2026-09-01 06:57,Referral,0
U02249,2026-09-02 01:22,Organic Search,0
U02249,2026-09-02 02:56,Organic Search,0
U02249,2026-09-04 19:32,Organic Search,0
U02250,2026-08-01 20:48,Social,0
U02250,2026-08-02 11:34,Organic Search,0
U02250,2026-08-08 10:46,Organic Search,0
U02251,2026-08-03 11:45,Organic Search,0
U02252,2026-08-25 05:17,Direct,0
U02252,2026-08-26 16:01,Display,0
U02253,2026-09-10 20:55,Direct,0
U02253,2026-09-11 00:38,Paid Search,0
U02254,2026-08-31 20:07,Social,0
U02254,2026-09-05 01:57,Email,0
U02254,2026-09-06 08:20,Display,0
U02255,2026-08-04 00:03,Social,0
U02255,2026-08-06 15:23,Social,0
U02255,2026-08-09 04:51,Paid Search,0
U02255,2026-08-14 12:12,Direct,0
U02256,2026-08-11 03:31,Paid Search,0
U02256,2026-08-13 09:40,Organic Search,0
U02256,2026-08-16 00:01,Direct,0
U02257,2026-09-09 17:12,Social,0
U02257,2026-09-10 13:47,Organic Search,0
U02258,2026-08-10 11:42,Paid Search,0
U02259,2026-09-05 23:45,Organic Search,0
U02259,2026-09-07 02:59,Organic Search,0
U02259,2026-09-07 17:16,Paid Search,1
U02260,2026-08-31 03:08,Paid Search,0
U02261,2026-08-07 14:49,Organic Search,0
U02261,2026-08-08 08:25,Social,0
U02261,2026-08-12 19:19,Email,1
U02262,2026-09-13 08:44,Direct,0
U02262,2026-09-14 03:11,Paid Search,0
U02263,2026-08-01 15:29,Social,0
U02264,2026-08-22 03:25,Referral,0
U02264,2026-08-22 08:52,Email,0
U02265,2026-09-08 08:21,Organic Search,0
U02265,2026-09-14 10:34,Direct,0
U02265,2026-09-14 22:25,Paid Search,0
U02265,2026-09-15 12:52,Referral,0
U02265,2026-09-20 23:24,Direct,0
U02265,2026-09-22 07:44,Email,0
U02265,2026-09-26 09:35,Display,0
U02266,2026-08-17 03:58,Display,0
U02266,2026-08-17 16:16,Email,0
U02266,2026-08-20 07:45,Direct,0
U02267,2026-09-07 06:43,Direct,0
U02268,2026-09-04 02:54,Social,0
U02268,2026-09-04 10:56,Email,0
U02269,2026-08-22 10:24,Organic Search,0
U02269,2026-08-22 18:04,Social,0
U02269,2026-08-27 05:26,Email,0
U02270,2026-08-10 14:25,Organic Search,0
U02270,2026-08-13 22:42,Email,0
U02270,2026-08-14 23:40,Direct,0
U02270,2026-08-17 22:30,Paid Search,0
U02270,2026-08-20 15:55,Social,1
U02271,2026-09-07 01:07,Social,0
U02271,2026-09-15 22:52,Display,0
U02271,2026-09-21 18:37,Direct,0
U02271,2026-09-22 09:23,Organic Search,0
U02271,2026-09-24 02:02,Direct,0
U02271,2026-09-25 16:00,Referral,0
U02272,2026-08-15 22:13,Social,0
U02272,2026-08-17 21:16,Paid Search,1
U02273,2026-09-02 06:04,Social,0
U02273,2026-09-02 10:57,Organic Search,0
U02274,2026-09-12 19:40,Direct,0
U02275,2026-08-22 15:13,Organic Search,0
U02275,2026-08-23 04:55,Direct,0
U02275,2026-08-28 17:23,Paid Search,0
U02276,2026-08-30 18:14,Direct,0
U02277,2026-08-28 00:25,Social,0
U02277,2026-08-30 04:37,Paid Search,0
U02277,2026-08-31 09:13,Paid Search,0
U02277,2026-09-01 05:17,Email,0
U02277,2026-09-03 01:36,Display,1
U02278,2026-08-23 05:43,Social,0
U02278,2026-08-25 09:09,Email,0
U02279,2026-09-03 16:20,Display,0
U02279,2026-09-06 12:58,Direct,0
U02279,2026-09-07 06:46,Paid Search,0
U02280,2026-08-17 10:00,Paid Search,0
U02280,2026-08-21 21:18,Paid Search,0
U02281,2026-08-21 20:20,Organic Search,0
U02281,2026-08-26 16:02,Referral,0
U02282,2026-08-19 13:14,Email,0
U02282,2026-08-20 01:15,Organic Search,0
U02282,2026-08-22 04:06,Direct,0
U02283,2026-08-16 17:10,Paid Search,0
U02283,2026-08-20 00:34,Paid Search,0
U02283,2026-08-20 09:06,Referral,0
U02283,2026-08-26 11:22,Email,0
U02284,2026-08-14 11:32,Display,0
U02285,2026-08-04 12:34,Direct,0
U02286,2026-09-08 13:29,Email,0
U02287,2026-09-02 16:31,Referral,0
U02288,2026-09-11 12:55,Email,0
U02289,2026-08-13 19:50,Organic Search,0
U02289,2026-08-15 18:13,Paid Search,0
U02289,2026-08-24 15:59,Direct,0
U02290,2026-08-11 08:01,Display,0
U02291,2026-08-12 18:46,Paid Search,0
U02292,2026-08-22 14:50,Social,0
U02293,2026-08-23 07:58,Social,0
U02294,2026-08-19 01:36,Display,0
U02294,2026-08-22 13:56,Direct,0
U02294,2026-08-24 05:10,Direct,0
U02294,2026-08-26 23:57,Social,0
U02294,2026-09-02 19:17,Social,0
U02294,2026-09-10 14:28,Paid Search,0
U02294,2026-09-11 09:06,Email,0
U02294,2026-09-16 14:19,Paid Search,1
U02295,2026-09-09 10:36,Organic Search,0
U02295,2026-09-09 12:29,Social,0
U02295,2026-09-11 12:09,Referral,0
U02296,2026-08-14 01:04,Paid Search,0
U02297,2026-09-07 23:43,Organic Search,0
U02298,2026-08-30 00:59,Social,0
U02298,2026-09-02 14:03,Social,0
U02299,2026-08-12 05:59,Display,0
U02299,2026-08-12 09:39,Organic Search,0
U02300,2026-08-27 15:30,Social,0
U02300,2026-08-27 16:02,Social,0
U02300,2026-08-29 01:10,Organic Search,0
U02300,2026-08-29 19:08,Email,0
U02300,2026-09-01 17:03,Paid Search,0
U02301,2026-09-02 02:19,Social,0
U02301,2026-09-02 14:45,Paid Search,0
U02301,2026-09-04 04:26,Direct,0
U02302,2026-09-08 10:23,Social,0
U02302,2026-09-09 08:13,Social,0
U02302,2026-09-10 09:46,Display,0
U02302,2026-09-10 15:15,Paid Search,0
U02302,2026-09-11 02:49,Display,0
U02303,2026-09-02 08:35,Organic Search,0
U02303,2026-09-03 14:05,Email,0
U02304,2026-09-09 00:49,Direct,0
U02304,2026-09-09 02:20,Email,0
U02304,2026-09-10 16:34,Social,0
U02304,2026-09-14 14:08,Paid Search,0
U02304,2026-09-16 17:11,Paid Search,0
U02304,2026-09-18 22:55,Referral,0
U02305,2026-08-28 11:52,Display,0
U02305,2026-08-29 13:06,Direct,0
U02305,2026-08-30 18:35,Social,0
U02305,2026-08-31 12:37,Organic Search,0
U02305,2026-08-31 17:01,Organic Search,0
U02305,2026-08-31 23:53,Organic Search,0
U02306,2026-08-23 17:51,Organic Search,0
U02307,2026-09-10 03:29,Paid Search,0
U02307,2026-09-10 12:50,Organic Search,0
U02307,2026-09-10 20:18,Paid Search,1
U02308,2026-08-03 17:42,Display,0
U02309,2026-08-21 05:48,Direct,0
U02310,2026-09-01 13:29,Paid Search,0
U02311,2026-08-18 14:56,Organic Search,1
U02312,2026-08-18 02:26,Display,0
U02312,2026-08-19 05:11,Organic Search,0
U02313,2026-09-09 23:02,Direct,0
U02314,2026-08-20 08:54,Paid Search,0
U02314,2026-08-21 17:38,Social,0
U02314,2026-08-22 05:18,Direct,0
U02314,2026-08-26 21:45,Organic Search,0
U02315,2026-08-24 14:35,Display,0
U02316,2026-08-15 19:17,Organic Search,0
U02316,2026-08-19 12:46,Organic Search,0
U02316,2026-08-20 14:02,Paid Search,0
U02316,2026-08-21 20:21,Direct,0
U02316,2026-08-22 02:46,Direct,0
U02317,2026-08-04 03:31,Organic Search,0
U02317,2026-08-06 19:13,Direct,0
U02317,2026-08-09 05:18,Email,0
U02317,2026-08-15 13:13,Email,0
U02317,2026-08-19 16:29,Direct,1
U02318,2026-08-29 02:49,Email,0
U02319,2026-09-02 12:01,Paid Search,0
U02319,2026-09-11 06:05,Email,1
U02320,2026-09-07 06:21,Display,0
U02320,2026-09-15 21:45,Direct,0
U02320,2026-09-20 16:53,Paid Search,0
U02321,2026-08-01 05:25,Organic Search,0
U02321,2026-08-09 05:57,Direct,0
U02322,2026-08-19 09:28,Email,0
U02322,2026-08-19 22:01,Direct,0
U02323,2026-08-29 17:48,Social,0
U02323,2026-08-30 08:04,Email,0
U02324,2026-08-25 22:57,Organic Search,0
U02324,2026-09-02 05:39,Organic Search,0
U02325,2026-09-11 13:40,Social,0
U02325,2026-09-11 16:23,Organic Search,0
U02325,2026-09-15 22:36,Direct,0
U02326,2026-09-10 16:24,Social,0
U02326,2026-09-13 10:40,Organic Search,0
U02326,2026-09-15 08:42,Direct,0
U02326,2026-09-20 01:51,Paid Search,0
U02327,2026-08-09 23:22,Organic Search,0
U02328,2026-08-17 22:15,Organic Search,0
U02328,2026-08-19 10:08,Email,0
U02328,2026-08-20 00:12,Display,0
U02328,2026-08-23 19:47,Organic Search,0
U02328,2026-08-24 19:18,Social,0
U02328,2026-08-28 00:49,Organic Search,0
U02329,2026-09-07 21:42,Organic Search,0
U02329,2026-09-11 17:37,Email,0
U02330,2026-08-05 08:23,Paid Search,0
U02331,2026-08-29 11:19,Organic Search,0
U02331,2026-08-31 21:36,Email,0
U02331,2026-09-04 23:46,Organic Search,0
U02332,2026-08-16 22:00,Paid Search,0
U02332,2026-08-22 19:21,Social,0
U02333,2026-08-25 09:02,Paid Search,0
U02333,2026-08-28 21:23,Organic Search,0
U02333,2026-08-29 11:46,Direct,0
U02334,2026-09-03 16:44,Social,0
U02334,2026-09-03 18:37,Direct,0
U02334,2026-09-07 20:42,Organic Search,0
U02335,2026-09-01 07:33,Display,0
U02335,2026-09-01 08:43,Paid Search,0
U02336,2026-08-14 04:24,Organic Search,0
U02336,2026-08-14 21:31,Display,0
U02337,2026-08-04 18:06,Email,0
U02338,2026-08-04 19:45,Paid Search,0
U02339,2026-08-19 06:35,Organic Search,0
U02339,2026-08-20 01:34,Organic Search,0
U02339,2026-08-22 03:58,Organic Search,0
U02339,2026-08-27 06:01,Paid Search,1
U02340,2026-08-13 22:47,Paid Search,0
U02341,2026-09-03 20:47,Organic Search,0
U02341,2026-09-04 03:17,Paid Search,0
U02341,2026-09-05 23:14,Paid Search,0
U02341,2026-09-05 23:20,Social,0
U02341,2026-09-10 02:06,Paid Search,0
U02342,2026-09-07 00:56,Social,0
U02342,2026-09-07 10:15,Referral,0
U02342,2026-09-12 03:19,Paid Search,0
U02342,2026-09-12 18:28,Paid Search,0
U02342,2026-09-13 13:10,Email,1
U02343,2026-09-08 01:53,Referral,0
U02343,2026-09-08 03:30,Social,0
U02343,2026-09-09 13:30,Referral,0
U02343,2026-09-09 22:30,Email,0
U02344,2026-08-13 09:41,Display,0
U02344,2026-08-17 02:31,Email,0
U02344,2026-08-18 23:50,Email,1
U02345,2026-09-03 12:18,Display,0
U02345,2026-09-05 01:53,Paid Search,1
U02346,2026-09-09 22:20,Organic Search,0
U02347,2026-08-02 00:50,Organic Search,0
U02348,2026-09-11 10:14,Organic Search,0
U02349,2026-08-25 03:27,Organic Search,0
U02350,2026-09-03 23:55,Paid Search,0
U02350,2026-09-04 19:08,Email,0
U02350,2026-09-05 04:36,Direct,0
U02351,2026-09-04 00:36,Paid Search,0
U02351,2026-09-04 07:45,Direct,0
U02352,2026-09-14 09:49,Direct,0
U02352,2026-09-16 11:33,Organic Search,0
U02352,2026-09-17 23:15,Email,0
U02352,2026-09-19 18:10,Paid Search,1
U02353,2026-08-27 02:55,Social,0
U02353,2026-08-27 15:08,Organic Search,0
U02353,2026-08-29 23:52,Email,0
U02353,2026-09-01 10:28,Paid Search,0
U02354,2026-08-26 12:56,Display,0
U02354,2026-08-30 05:19,Email,0
U02354,2026-08-30 05:50,Email,0
U02354,2026-08-30 18:53,Organic Search,1
U02355,2026-08-11 07:39,Organic Search,0
U02356,2026-08-09 06:19,Organic Search,0
U02356,2026-08-15 21:25,Direct,0
U02356,2026-08-16 02:59,Direct,0
U02356,2026-08-16 21:12,Direct,0
U02356,2026-08-18 00:23,Social,0
U02357,2026-08-29 22:46,Social,0
U02358,2026-08-31 02:48,Social,0
U02359,2026-08-21 02:43,Social,0
U02359,2026-08-21 06:02,Social,0
U02359,2026-08-21 10:27,Referral,0
U02360,2026-09-12 06:54,Organic Search,0
U02361,2026-08-09 17:34,Social,0
U02361,2026-08-10 04:01,Paid Search,0
U02361,2026-08-21 05:59,Paid Search,0
U02362,2026-09-09 09:27,Paid Search,0
U02363,2026-08-18 16:53,Direct,0
U02363,2026-08-20 18:44,Email,0
U02364,2026-08-19 17:31,Organic Search,0
U02364,2026-08-23 03:11,Organic Search,1
U02365,2026-09-07 16:31,Social,0
U02365,2026-09-09 20:43,Display,0
U02366,2026-08-07 23:09,Direct,0
U02366,2026-08-09 01:30,Paid Search,0
U02367,2026-08-24 02:44,Social,0
U02367,2026-08-24 13:56,Email,1
U02368,2026-08-15 21:32,Organic Search,0
U02369,2026-09-11 07:22,Organic Search,0
U02369,2026-09-13 08:39,Direct,0
U02370,2026-08-25 05:53,Social,0
U02370,2026-09-04 20:01,Paid Search,0
U02370,2026-09-06 05:04,Paid Search,0
U02370,2026-09-09 08:02,Display,0
U02371,2026-08-06 13:51,Social,0
U02371,2026-08-09 15:23,Email,0
U02371,2026-08-09 15:48,Email,0
U02372,2026-08-28 16:28,Social,0
U02372,2026-08-30 21:39,Organic Search,0
U02372,2026-09-01 01:15,Email,0
U02373,2026-08-13 15:00,Social,0
U02373,2026-08-13 18:14,Direct,0
U02374,2026-08-16 15:04,Organic Search,0
U02375,2026-08-11 20:27,Social,0
U02375,2026-08-12 15:55,Organic Search,0
U02375,2026-08-14 08:17,Email,1
U02376,2026-08-08 20:20,Paid Search,0
U02377,2026-08-16 11:49,Paid Search,0
U02377,2026-08-16 21:30,Display,1
U02378,2026-08-09 08:44,Organic Search,0
U02379,2026-08-25 13:07,Display,0
U02379,2026-08-26 07:13,Direct,0
U02379,2026-09-04 08:38,Paid Search,0
U02379,2026-09-05 02:18,Social,0
U02379,2026-09-11 01:39,Referral,0
U02379,2026-09-12 07:52,Email,0
U02379,2026-09-15 13:30,Display,0
U02379,2026-09-24 01:07,Direct,0
U02380,2026-08-08 07:05,Direct,0
U02380,2026-08-09 16:55,Direct,0
U02380,2026-08-15 06:25,Organic Search,0
U02380,2026-08-22 21:06,Paid Search,0
U02380,2026-08-24 08:27,Social,0
U02380,2026-08-25 20:14,Email,0
U02380,2026-09-04 16:24,Display,0
U02380,2026-09-04 22:36,Email,0
U02381,2026-08-22 01:13,Organic Search,0
U02381,2026-08-22 02:25,Direct,0
U02381,2026-08-22 12:19,Direct,0
U02381,2026-08-27 10:42,Display,0
U02381,2026-08-29 21:29,Organic Search,1
U02382,2026-08-09 14:17,Social,0
U02382,2026-08-09 23:14,Direct,0
U02383,2026-08-31 06:56,Social,0
U02383,2026-09-01 09:11,Direct,0
U02383,2026-09-02 15:19,Email,0
U02383,2026-09-05 01:51,Social,0
U02383,2026-09-12 20:44,Direct,0
U02383,2026-09-15 05:10,Email,0
U02384,2026-09-07 13:04,Social,0
U02384,2026-09-14 15:49,Paid Search,0
U02384,2026-09-15 23:50,Email,0
U02384,2026-09-16 08:29,Paid Search,0
U02384,2026-09-17 04:48,Display,0
U02384,2026-09-19 00:59,Display,1
U02385,2026-08-07 22:56,Email,0
U02385,2026-08-08 02:27,Social,0
U02386,2026-08-12 21:12,Social,0
U02386,2026-08-14 04:25,Paid Search,0
U02387,2026-09-12 09:32,Social,0
U02387,2026-09-13 06:33,Email,1
U02388,2026-09-04 07:21,Organic Search,0
U02388,2026-09-08 21:09,Paid Search,0
U02389,2026-09-05 11:13,Paid Search,0
U02390,2026-08-26 12:47,Display,0
U02390,2026-08-27 07:19,Organic Search,0
U02391,2026-08-05 16:15,Display,0
U02391,2026-08-07 11:02,Paid Search,0
U02391,2026-08-08 08:27,Direct,0
U02391,2026-08-09 09:41,Display,0
U02391,2026-08-10 18:37,Social,0
U02392,2026-08-29 08:24,Organic Search,0
U02392,2026-08-30 04:11,Paid Search,0
U02392,2026-08-31 11:51,Direct,0
U02392,2026-09-01 00:18,Direct,0
U02392,2026-09-03 01:27,Paid Search,0
U02393,2026-08-05 11:04,Display,0
U02393,2026-08-05 15:55,Referral,0
U02394,2026-08-13 14:25,Social,0
U02395,2026-09-02 05:29,Display,0
U02395,2026-09-07 11:43,Paid Search,0
U02395,2026-09-09 22:11,Email,1
U02396,2026-08-01 11:13,Paid Search,0
U02396,2026-08-05 17:47,Direct,0
U02396,2026-08-11 10:21,Email,0
U02396,2026-08-17 04:56,Paid Search,0
U02397,2026-08-02 05:19,Social,0
U02397,2026-08-03 22:39,Paid Search,0
U02398,2026-08-11 08:05,Organic Search,0
U02398,2026-08-17 16:27,Display,0
U02398,2026-08-20 01:01,Organic Search,0
U02398,2026-08-22 18:51,Email,0
U02398,2026-08-23 17:00,Paid Search,0
U02398,2026-08-26 15:53,Email,1
U02399,2026-08-27 18:43,Paid Search,0
U02399,2026-08-31 14:58,Direct,0
U02400,2026-08-21 01:51,Social,0
U02400,2026-08-21 08:21,Social,0
U02400,2026-08-24 04:49,Paid Search,0
U02400,2026-08-24 08:09,Email,0
U02401,2026-08-17 06:11,Display,0
U02402,2026-09-11 01:30,Social,0
U02403,2026-08-25 10:07,Email,0
U02403,2026-08-28 23:18,Paid Search,0
U02403,2026-09-02 14:47,Email,1
U02404,2026-09-11 19:45,Paid Search,0
U02405,2026-08-16 04:16,Display,0
U02405,2026-08-18 09:59,Referral,0
U02405,2026-08-19 05:06,Social,0
U02405,2026-08-19 09:03,Email,0
U02405,2026-08-19 10:54,Display,0
U02405,2026-08-23 04:58,Referral,1
U02406,2026-09-13 15:27,Paid Search,0
U02406,2026-09-14 00:14,Organic Search,0
U02406,2026-09-19 10:37,Direct,0
U02406,2026-09-20 07:39,Paid Search,0
U02406,2026-09-20 14:43,Paid Search,1
U02407,2026-08-17 20:05,Social,0
U02408,2026-08-08 14:14,Direct,0
U02409,2026-08-18 21:53,Paid Search,0
U02410,2026-08-05 13:30,Paid Search,0
U02410,2026-08-13 05:59,Social,0
U02411,2026-08-25 02:45,Display,0
U02411,2026-08-27 04:31,Direct,0
U02411,2026-09-02 14:06,Email,1
U02412,2026-09-14 05:25,Organic Search,0
U02413,2026-08-02 11:09,Display,0
U02414,2026-08-22 08:10,Organic Search,1
U02415,2026-08-05 01:01,Direct,0
U02416,2026-08-23 19:56,Organic Search,0
U02416,2026-08-24 22:19,Paid Search,0
U02416,2026-08-25 03:33,Display,0
U02417,2026-09-08 21:40,Organic Search,0
U02417,2026-09-14 00:41,Social,0
U02418,2026-08-19 09:02,Organic Search,0
U02418,2026-08-21 17:51,Direct,0
U02418,2026-08-27 06:48,Direct,0
U02418,2026-08-28 18:25,Email,1
U02419,2026-08-18 20:53,Social,0
U02419,2026-08-18 21:52,Direct,0
U02420,2026-09-03 05:08,Display,0
U02421,2026-08-01 08:55,Social,0
U02421,2026-08-02 11:54,Organic Search,0
U02422,2026-08-28 11:09,Organic Search,0
U02423,2026-08-04 04:21,Organic Search,0
U02423,2026-08-04 15:28,Paid Search,0
U02423,2026-08-05 23:14,Display,0
U02423,2026-08-07 21:36,Email,1
U02424,2026-08-05 22:10,Social,0
U02425,2026-08-24 07:27,Social,0
U02425,2026-08-25 02:34,Direct,0
U02426,2026-08-27 06:25,Display,0
U02427,2026-08-17 07:20,Social,0
U02427,2026-08-23 02:44,Display,0
U02427,2026-08-23 20:54,Direct,0
U02427,2026-08-24 05:26,Organic Search,0
U02427,2026-08-27 22:30,Display,0
U02427,2026-08-31 15:30,Display,0
U02428,2026-08-06 17:02,Paid Search,0
U02428,2026-08-13 18:11,Direct,0
U02428,2026-08-14 11:04,Paid Search,0
U02428,2026-08-16 07:42,Referral,1
U02429,2026-08-02 18:26,Direct,0
U02430,2026-09-10 19:34,Paid Search,0
U02430,2026-09-11 16:30,Paid Search,0
U02431,2026-09-11 22:21,Referral,0
U02431,2026-09-12 07:39,Social,0
U02431,2026-09-12 19:45,Email,0
U02431,2026-09-15 16:01,Organic Search,0
U02431,2026-09-21 17:35,Email,0
U02432,2026-08-25 12:33,Paid Search,0
U02432,2026-08-25 13:21,Organic Search,0
U02432,2026-08-25 14:17,Paid Search,0
U02432,2026-08-27 08:27,Social,0
U02433,2026-09-07 06:51,Social,0
U02434,2026-08-10 06:20,Paid Search,0
U02435,2026-09-01 19:57,Paid Search,0
U02435,2026-09-05 19:19,Email,0
U02435,2026-09-05 21:19,Direct,0
U02436,2026-08-27 07:02,Direct,0
U02437,2026-08-20 07:55,Organic Search,0
U02437,2026-08-20 11:23,Paid Search,0
U02437,2026-08-22 11:40,Direct,1
U02438,2026-09-12 15:18,Organic Search,0
U02438,2026-09-21 04:09,Organic Search,0
U02438,2026-09-26 11:20,Organic Search,0
U02438,2026-09-28 05:26,Email,1
U02439,2026-09-08 07:06,Organic Search,0
U02440,2026-08-22 20:52,Direct,0
U02441,2026-08-21 00:26,Social,0
U02441,2026-08-23 02:44,Paid Search,0
U02441,2026-08-25 12:11,Paid Search,0
U02441,2026-08-27 01:21,Email,0
U02441,2026-08-29 01:37,Referral,1
U02442,2026-09-09 01:12,Direct,0
U02443,2026-09-10 01:32,Social,0
U02443,2026-09-14 04:02,Display,0
U02443,2026-09-15 11:41,Social,0
U02443,2026-09-16 00:19,Paid Search,0
U02443,2026-09-20 12:02,Direct,0
U02443,2026-09-22 03:19,Paid Search,1
U02444,2026-08-17 16:09,Paid Search,0
U02444,2026-08-18 22:23,Direct,0
U02444,2026-08-19 00:55,Direct,0
U02445,2026-08-31 19:23,Display,0
U02445,2026-09-02 15:41,Organic Search,0
U02446,2026-08-25 12:19,Display,0
U02447,2026-08-25 05:09,Direct,0
U02448,2026-09-06 14:13,Paid Search,0
U02448,2026-09-07 04:30,Organic Search,0
U02448,2026-09-08 09:47,Organic Search,0
U02448,2026-09-10 10:49,Organic Search,0
U02448,2026-09-10 22:14,Paid Search,0
U02448,2026-09-12 17:03,Organic Search,0
U02448,2026-09-15 15:56,Organic Search,0
U02448,2026-09-16 20:32,Direct,0
U02449,2026-09-09 10:29,Social,0
U02450,2026-08-08 19:05,Organic Search,0
U02450,2026-08-09 23:17,Paid Search,0
U02450,2026-08-15 18:38,Paid Search,0
U02451,2026-09-01 19:58,Paid Search,0
U02452,2026-08-18 03:45,Display,0
U02452,2026-08-24 03:01,Direct,0
U02453,2026-08-09 12:02,Paid Search,0
U02453,2026-08-17 01:17,Direct,0
U02453,2026-08-20 07:08,Display,0
U02454,2026-08-30 12:58,Paid Search,0
U02454,2026-09-03 20:40,Direct,0
U02455,2026-08-07 16:50,Social,0
U02455,2026-08-08 10:02,Social,0
U02456,2026-08-26 14:39,Display,0
U02456,2026-08-30 18:32,Paid Search,0
U02456,2026-08-30 23:59,Paid Search,1
U02457,2026-08-08 16:32,Display,0
U02458,2026-08-29 14:17,Organic Search,0
U02458,2026-09-04 05:15,Organic Search,0
U02458,2026-09-07 23:34,Display,0
U02458,2026-09-15 00:09,Paid Search,0
U02459,2026-08-24 10:18,Social,0
U02459,2026-08-29 14:03,Direct,0
U02459,2026-09-03 11:16,Organic Search,0
U02459,2026-09-03 16:29,Direct,0
U02459,2026-09-04 20:29,Email,0
U02459,2026-09-05 13:51,Referral,0
U02459,2026-09-11 14:31,Direct,0
U02460,2026-09-08 13:52,Social,0
U02461,2026-08-23 08:57,Direct,0
U02461,2026-08-25 01:13,Direct,0
U02461,2026-08-25 18:52,Direct,0
U02461,2026-09-02 15:39,Paid Search,0
U02461,2026-09-03 11:27,Paid Search,0
U02462,2026-08-06 11:51,Email,0
U02463,2026-08-27 08:09,Display,0
U02464,2026-08-09 20:44,Display,0
U02464,2026-08-13 11:10,Paid Search,0
U02464,2026-08-19 14:23,Referral,0
U02464,2026-08-20 19:32,Organic Search,0
U02464,2026-08-27 03:55,Paid Search,0
U02464,2026-08-27 19:18,Organic Search,0
U02464,2026-09-02 20:25,Organic Search,0
U02464,2026-09-04 11:08,Email,0
U02465,2026-08-17 08:18,Display,0
U02466,2026-08-13 01:09,Social,0
U02466,2026-08-14 17:11,Email,0
U02466,2026-08-16 06:32,Email,0
U02466,2026-08-22 09:46,Organic Search,1
U02467,2026-08-28 04:51,Display,0
U02467,2026-08-30 00:46,Social,0
U02468,2026-08-07 23:41,Referral,0
U02469,2026-08-24 12:26,Display,0
U02469,2026-08-25 20:56,Organic Search,0
U02469,2026-08-26 11:22,Paid Search,0
U02470,2026-09-08 17:21,Paid Search,0
U02470,2026-09-12 17:39,Direct,0
U02470,2026-09-13 22:52,Email,0
U02471,2026-08-18 06:02,Referral,0
U02471,2026-08-19 15:52,Direct,0
U02471,2026-08-23 21:33,Email,0
U02471,2026-08-25 15:03,Organic Search,0
U02472,2026-08-27 02:41,Organic Search,0
U02472,2026-08-28 23:47,Social,0
U02472,2026-08-29 07:06,Direct,0
U02472,2026-08-30 06:43,Email,0
U02473,2026-08-19 08:28,Direct,0
U02473,2026-08-20 15:42,Email,0
U02473,2026-08-21 05:26,Paid Search,0
U02473,2026-08-24 01:51,Social,1
U02474,2026-08-03 02:53,Display,0
U02474,2026-08-07 06:14,Paid Search,0
U02475,2026-08-17 22:50,Display,0
U02475,2026-08-18 00:33,Paid Search,0
U02475,2026-08-18 11:33,Direct,0
U02475,2026-08-22 21:16,Email,0
U02476,2026-09-11 00:59,Display,0
U02476,2026-09-14 03:45,Referral,0
U02477,2026-08-10 08:59,Direct,0
U02478,2026-08-26 15:42,Organic Search,0
U02479,2026-08-16 02:24,Display,0
U02479,2026-08-18 12:00,Direct,0
U02480,2026-08-13 05:09,Social,0
U02480,2026-08-14 02:04,Email,0
U02480,2026-08-16 05:21,Direct,0
U02481,2026-08-18 14:02,Paid Search,0
U02482,2026-09-09 14:33,Paid Search,0
U02482,2026-09-11 02:35,Organic Search,0
U02482,2026-09-14 15:18,Email,0
U02483,2026-08-03 14:13,Organic Search,0
U02483,2026-08-04 07:33,Paid Search,0
U02483,2026-08-06 06:22,Paid Search,0
U02483,2026-08-10 08:07,Display,0
U02483,2026-08-12 08:20,Organic Search,0
U02484,2026-08-01 14:52,Display,0
U02484,2026-08-03 16:00,Email,0
U02484,2026-08-07 14:55,Organic Search,0
U02484,2026-08-11 21:25,Organic Search,0
U02485,2026-08-01 14:28,Paid Search,0
U02486,2026-08-26 08:39,Social,0
U02487,2026-09-12 00:19,Referral,0
U02487,2026-09-13 09:21,Email,0
U02487,2026-09-15 14:35,Direct,0
U02487,2026-09-15 22:16,Direct,0
U02488,2026-08-30 00:04,Organic Search,0
U02489,2026-09-08 01:57,Paid Search,0
U02489,2026-09-20 00:41,Paid Search,1
U02490,2026-09-11 02:13,Paid Search,0
U02491,2026-08-15 12:34,Paid Search,0
U02492,2026-08-31 16:44,Social,0
U02492,2026-08-31 18:43,Email,0
U02493,2026-08-01 14:25,Direct,0
U02493,2026-08-02 08:11,Social,0
U02493,2026-08-03 04:19,Referral,0
U02493,2026-08-05 15:23,Organic Search,0
U02494,2026-08-14 17:09,Organic Search,0
U02494,2026-08-16 08:54,Organic Search,0
U02494,2026-08-17 23:45,Direct,0
U02494,2026-08-18 13:23,Social,0
U02494,2026-08-22 18:43,Direct,0
U02494,2026-08-27 07:14,Email,1
U02495,2026-08-28 15:25,Display,0
U02495,2026-08-30 04:57,Display,0
U02495,2026-08-31 20:47,Social,0
U02495,2026-09-03 00:07,Direct,0
U02496,2026-09-06 10:14,Paid Search,0
U02497,2026-08-04 12:16,Social,0
U02497,2026-08-05 08:35,Direct,1
U02498,2026-08-20 04:36,Social,0
U02498,2026-08-26 09:32,Social,0
U02499,2026-08-22 14:25,Organic Search,0
U02500,2026-09-04 14:45,Paid Search,0
U02500,2026-09-05 01:38,Display,0
U02500,2026-09-07 16:34,Direct,0
U02501,2026-09-06 23:37,Referral,0
U02501,2026-09-11 15:11,Email,0
U02501,2026-09-13 17:28,Paid Search,1
U02502,2026-09-11 11:15,Organic Search,0
U02502,2026-09-13 14:58,Direct,0
U02502,2026-09-15 06:37,Direct,0
U02502,2026-09-22 02:38,Social,1
U02503,2026-09-04 05:27,Direct,0
U02503,2026-09-11 13:34,Organic Search,0
U02503,2026-09-13 18:05,Email,1
U02504,2026-08-24 15:05,Direct,0
U02504,2026-08-24 15:33,Direct,0
U02505,2026-09-09 02:26,Paid Search,0
U02506,2026-08-10 00:45,Referral,1
U02507,2026-08-21 11:46,Social,0
U02507,2026-08-23 23:20,Paid Search,0
U02508,2026-08-22 17:36,Organic Search,0
U02508,2026-08-23 12:57,Email,0
U02508,2026-08-24 22:47,Organic Search,0
U02509,2026-08-04 09:26,Organic Search,0
U02509,2026-08-04 13:35,Paid Search,1
U02510,2026-09-01 14:50,Email,0
U02510,2026-09-03 14:46,Direct,0
U02510,2026-09-07 11:17,Email,1
U02511,2026-08-23 20:14,Display,0
U02512,2026-09-13 08:01,Paid Search,0
U02513,2026-08-14 19:05,Display,0
U02514,2026-08-19 08:08,Social,0
U02514,2026-08-19 17:58,Email,0
U02515,2026-09-01 04:40,Social,0
U02515,2026-09-07 03:16,Paid Search,0
U02516,2026-09-02 01:54,Organic Search,0
U02516,2026-09-02 12:32,Social,0
U02516,2026-09-06 02:42,Email,1
U02517,2026-08-30 06:05,Paid Search,0
U02517,2026-08-30 20:28,Paid Search,1
U02518,2026-09-10 01:56,Email,1
U02519,2026-08-27 18:56,Display,0
U02520,2026-08-10 11:48,Organic Search,0
U02520,2026-08-10 18:25,Email,0
U02521,2026-08-22 20:25,Direct,0
U02521,2026-08-27 00:35,Organic Search,0
U02521,2026-08-29 02:32,Direct,0
U02521,2026-08-30 02:54,Email,0
U02521,2026-08-31 20:36,Referral,0
U02521,2026-09-01 10:41,Organic Search,0
U02522,2026-08-29 05:58,Email,0
U02523,2026-08-27 17:17,Referral,0
U02523,2026-08-29 13:36,Paid Search,0
U02523,2026-08-30 00:06,Direct,0
U02524,2026-08-13 06:01,Display,0
U02525,2026-08-17 14:59,Paid Search,0
U02526,2026-09-09 22:08,Direct,0
U02526,2026-09-12 02:53,Direct,0
U02526,2026-09-13 04:40,Direct,0
U02527,2026-08-28 06:59,Social,0
U02527,2026-08-30 03:37,Paid Search,0
U02528,2026-08-13 08:02,Paid Search,0
U02528,2026-08-23 07:20,Email,0
U02529,2026-08-23 03:21,Organic Search,0
U02530,2026-09-06 05:21,Display,0
U02531,2026-08-06 14:11,Direct,0
U02531,2026-08-13 03:32,Organic Search,0
U02531,2026-08-13 08:11,Email,0
U02532,2026-08-07 19:47,Social,0
U02532,2026-08-09 15:43,Direct,0
U02532,2026-08-11 11:09,Social,0
U02533,2026-09-03 14:00,Organic Search,0
U02533,2026-09-07 13:04,Referral,0
U02533,2026-09-08 08:39,Organic Search,0
U02533,2026-09-12 05:03,Social,0
U02533,2026-09-20 21:11,Email,0
U02533,2026-09-22 10:16,Display,1
U02534,2026-08-28 09:31,Social,0
U02534,2026-08-28 12:02,Paid Search,1
U02535,2026-09-01 18:20,Email,0
U02535,2026-09-03 19:48,Paid Search,0
U02535,2026-09-08 03:54,Organic Search,1
U02536,2026-08-30 23:12,Organic Search,0
U02537,2026-09-08 18:53,Social,0
U02538,2026-08-23 02:57,Display,0
U02538,2026-08-26 11:40,Direct,0
U02539,2026-08-10 23:25,Display,0
U02539,2026-08-15 03:26,Direct,0
U02539,2026-08-22 01:37,Paid Search,0
U02540,2026-08-13 15:59,Social,0
U02540,2026-08-15 13:53,Organic Search,0
U02541,2026-09-02 10:19,Social,0
U02541,2026-09-06 12:12,Email,0
U02541,2026-09-09 02:54,Social,0
U02542,2026-08-18 04:23,Social,0
U02542,2026-08-21 13:29,Display,0
U02542,2026-08-22 13:16,Social,0
U02542,2026-08-24 02:22,Organic Search,1
U02543,2026-08-13 13:14,Organic Search,0
U02544,2026-08-13 03:07,Email,0
U02544,2026-08-15 03:49,Display,0
U02544,2026-08-17 05:44,Email,0
U02544,2026-08-17 21:47,Referral,0
U02544,2026-08-19 04:14,Paid Search,0
U02544,2026-08-19 10:50,Organic Search,0
U02545,2026-09-12 03:04,Display,0
U02546,2026-08-27 06:13,Display,0
U02546,2026-09-04 20:16,Direct,0
U02546,2026-09-06 14:19,Email,0
U02546,2026-09-07 00:02,Display,0
U02546,2026-09-08 04:42,Email,0
U02547,2026-09-02 17:35,Display,0
U02547,2026-09-03 18:10,Organic Search,0
U02547,2026-09-04 16:55,Social,0
U02547,2026-09-09 20:02,Social,0
U02547,2026-09-11 11:08,Email,0
U02548,2026-08-31 16:27,Display,0
U02549,2026-09-06 08:46,Social,0
U02550,2026-08-30 10:25,Organic Search,0
U02551,2026-09-09 22:50,Organic Search,0
U02552,2026-08-05 11:14,Organic Search,0
U02552,2026-08-05 20:31,Social,0
U02552,2026-08-07 13:45,Direct,0
U02552,2026-08-12 22:16,Paid Search,1
U02553,2026-08-17 04:00,Email,0
U02553,2026-08-18 01:46,Organic Search,0
U02554,2026-08-08 08:10,Display,0
U02554,2026-08-09 23:14,Referral,0
U02554,2026-08-10 20:49,Social,0
U02554,2026-08-11 17:03,Display,0
U02554,2026-08-17 12:36,Social,0
U02554,2026-08-17 18:12,Organic Search,0
U02554,2026-08-23 15:23,Email,1
U02555,2026-09-11 05:48,Direct,0
U02555,2026-09-17 08:50,Email,0
U02555,2026-09-17 21:35,Organic Search,0
U02555,2026-09-18 05:34,Organic Search,0
U02555,2026-09-22 23:00,Organic Search,0
U02556,2026-09-11 22:50,Paid Search,0
U02556,2026-09-11 23:09,Email,0
U02556,2026-09-12 14:32,Paid Search,1
U02557,2026-08-21 20:04,Direct,0
U02557,2026-08-24 06:49,Paid Search,0
U02557,2026-08-26 04:34,Display,0
U02557,2026-08-29 13:42,Referral,0
U02558,2026-08-28 20:53,Social,0
U02559,2026-08-19 02:29,Paid Search,1
U02560,2026-08-02 10:20,Paid Search,0
U02560,2026-08-06 01:00,Email,0
U02560,2026-08-07 02:12,Email,1
U02561,2026-08-17 00:48,Social,0
U02562,2026-08-14 23:57,Display,0
U02562,2026-08-16 20:21,Email,1
U02563,2026-09-04 17:52,Social,0
U02563,2026-09-07 01:22,Organic Search,0
U02564,2026-08-19 15:47,Direct,0
U02564,2026-08-22 19:07,Organic Search,0
U02564,2026-08-24 06:32,Direct,0
U02564,2026-08-24 14:06,Direct,0
U02564,2026-08-25 13:12,Organic Search,0
U02565,2026-09-01 21:57,Direct,0
U02565,2026-09-03 17:31,Direct,0
U02566,2026-09-06 17:15,Direct,0
U02567,2026-08-27 09:41,Email,0
U02568,2026-08-27 13:53,Organic Search,0
U02568,2026-08-27 21:44,Email,0
U02568,2026-08-29 17:01,Email,0
U02568,2026-08-30 08:04,Email,1
U02569,2026-08-31 23:25,Display,0
U02569,2026-09-03 08:17,Display,0
U02569,2026-09-07 17:58,Referral,0
U02569,2026-09-19 00:51,Paid Search,0
U02569,2026-09-22 07:31,Organic Search,0
U02569,2026-09-24 20:43,Organic Search,0
U02570,2026-08-30 12:24,Organic Search,0
U02570,2026-09-01 06:04,Social,0
U02570,2026-09-02 00:05,Organic Search,0
U02570,2026-09-10 03:54,Paid Search,0
U02570,2026-09-13 14:17,Organic Search,1
U02571,2026-09-03 03:44,Organic Search,0
U02571,2026-09-08 05:41,Direct,0
U02571,2026-09-18 13:35,Organic Search,0
U02572,2026-09-01 14:53,Referral,0
U02573,2026-09-14 06:46,Display,0
U02574,2026-08-05 16:43,Display,0
U02575,2026-09-11 21:27,Paid Search,0
U02575,2026-09-12 13:46,Direct,0
U02575,2026-09-15 05:00,Paid Search,0
U02575,2026-09-17 11:52,Social,0
U02575,2026-09-18 16:08,Email,1
U02576,2026-09-09 12:46,Organic Search,0
U02577,2026-08-14 14:07,Display,0
U02578,2026-09-07 20:15,Social,0
U02578,2026-09-08 22:25,Display,0
U02578,2026-09-14 21:07,Email,0
U02578,2026-09-17 11:47,Paid Search,0
U02578,2026-09-20 10:22,Direct,0
U02578,2026-09-25 01:25,Social,0
U02579,2026-09-06 08:22,Organic Search,0
U02580,2026-08-28 04:26,Organic Search,0
U02580,2026-08-30 16:44,Direct,0
U02580,2026-09-03 04:04,Email,0
U02581,2026-09-08 15:56,Social,0
U02582,2026-08-17 10:38,Social,0
U02582,2026-08-25 03:15,Organic Search,0
U02583,2026-08-12 11:27,Organic Search,0
U02584,2026-08-24 06:09,Organic Search,0
U02584,2026-08-24 12:09,Paid Search,0
U02584,2026-08-25 10:57,Display,0
U02584,2026-08-26 11:40,Display,1
U02585,2026-08-24 16:40,Organic Search,0
U02585,2026-08-27 22:22,Direct,0
U02585,2026-09-01 12:23,Email,0
U02585,2026-09-02 21:10,Organic Search,0
U02585,2026-09-03 15:29,Organic Search,0
U02585,2026-09-07 18:23,Paid Search,0
U02586,2026-08-26 23:05,Organic Search,0
U02587,2026-08-28 06:01,Social,0
U02588,2026-09-03 20:09,Organic Search,0
U02589,2026-08-10 10:49,Email,0
U02590,2026-08-22 17:31,Organic Search,0
U02590,2026-08-23 03:38,Paid Search,0
U02590,2026-08-24 23:56,Display,0
U02590,2026-09-03 09:36,Organic Search,0
U02590,2026-09-05 02:50,Organic Search,0
U02591,2026-08-05 05:12,Social,0
U02592,2026-09-14 00:33,Organic Search,0
U02593,2026-08-20 22:32,Direct,0
U02594,2026-08-14 07:21,Social,0
U02595,2026-08-18 02:05,Social,0
U02596,2026-08-07 07:50,Display,0
U02597,2026-08-10 21:26,Organic Search,0
U02597,2026-08-15 07:41,Email,1
U02598,2026-09-03 05:59,Social,0
U02599,2026-08-01 09:36,Referral,0
U02599,2026-08-01 18:06,Direct,0
U02599,2026-08-04 12:01,Direct,0
U02599,2026-08-07 09:00,Direct,0
U02599,2026-08-10 09:16,Direct,0
U02599,2026-08-10 11:05,Referral,0
U02599,2026-08-14 11:59,Organic Search,0
U02600,2026-08-20 10:13,Paid Search,0
U02600,2026-08-24 20:00,Email,0
U02600,2026-08-26 19:06,Display,0
U02600,2026-08-26 21:01,Email,0
U02600,2026-08-27 14:42,Social,0
U02600,2026-08-27 21:18,Paid Search,0
U02601,2026-08-07 19:13,Social,0
U02601,2026-08-08 04:58,Paid Search,0
U02602,2026-08-31 07:19,Social,0
U02602,2026-08-31 21:50,Organic Search,0
U02602,2026-09-01 09:29,Social,0
U02602,2026-09-04 06:54,Display,0
U02603,2026-08-13 09:59,Organic Search,0
U02604,2026-08-20 11:59,Organic Search,0
U02605,2026-08-30 19:04,Display,0
U02605,2026-09-01 09:37,Display,0
U02605,2026-09-01 16:41,Display,0
U02605,2026-09-02 00:09,Display,0
U02606,2026-09-03 22:17,Social,0
U02606,2026-09-05 17:23,Display,0
U02606,2026-09-05 23:41,Organic Search,0
U02606,2026-09-06 03:20,Referral,0
U02606,2026-09-08 14:22,Social,0
U02606,2026-09-08 19:16,Direct,0
U02606,2026-09-10 12:35,Email,1
U02607,2026-08-13 14:34,Display,0
U02607,2026-08-15 08:07,Organic Search,0
U02607,2026-08-17 06:22,Email,0
U02608,2026-08-29 14:01,Social,0
U02608,2026-08-31 17:43,Display,0
U02608,2026-09-14 15:23,Organic Search,0
U02609,2026-08-27 00:43,Social,0
U02609,2026-08-27 10:20,Email,0
U02610,2026-08-19 08:45,Social,0
U02610,2026-08-20 18:31,Social,0
U02610,2026-08-22 09:52,Paid Search,0
U02610,2026-08-24 02:22,Paid Search,0
U02610,2026-08-24 22:56,Organic Search,0
U02610,2026-08-25 17:11,Direct,0
U02610,2026-08-28 01:21,Organic Search,0
U02610,2026-09-03 07:32,Referral,0
U02611,2026-08-05 08:00,Social,0
U02611,2026-08-13 07:19,Paid Search,0
U02612,2026-08-25 07:18,Social,0
U02612,2026-08-30 02:31,Paid Search,0
U02612,2026-08-31 04:29,Direct,0
U02613,2026-08-08 03:38,Email,0
U02613,2026-08-11 12:51,Organic Search,0
U02613,2026-08-13 21:47,Paid Search,0
U02614,2026-08-16 06:03,Organic Search,0
U02615,2026-08-07 04:35,Paid Search,0
U02616,2026-08-01 12:54,Organic Search,0
U02617,2026-09-10 11:33,Organic Search,0
U02618,2026-08-27 17:14,Display,0
U02619,2026-08-17 06:34,Display,0
U02620,2026-08-05 13:21,Paid Search,0
U02620,2026-08-09 16:04,Email,0
U02621,2026-08-13 20:01,Email,0
U02622,2026-09-02 11:51,Paid Search,1
U02623,2026-09-12 10:32,Display,0
U02623,2026-09-14 03:11,Direct,0
U02623,2026-09-16 04:33,Paid Search,0
U02623,2026-09-17 04:10,Organic Search,0
U02623,2026-09-20 16:49,Paid Search,0
U02623,2026-09-24 01:58,Social,0
U02623,2026-09-24 12:45,Direct,0
U02623,2026-09-25 12:44,Paid Search,1
U02624,2026-08-22 06:16,Paid Search,0
U02624,2026-08-29 09:06,Direct,0
U02625,2026-08-23 21:10,Social,0
U02626,2026-08-01 12:51,Direct,0
U02627,2026-08-01 15:52,Social,0
U02628,2026-09-11 18:48,Display,0
U02629,2026-08-15 08:12,Display,0
U02630,2026-08-23 00:19,Direct,0
U02630,2026-08-23 03:36,Social,0
U02630,2026-08-24 05:34,Organic Search,0
U02630,2026-08-26 13:23,Direct,0
U02631,2026-08-31 15:35,Social,0
U02632,2026-08-01 08:49,Display,0
U02632,2026-08-03 01:31,Paid Search,0
U02632,2026-08-03 22:40,Email,0
U02632,2026-08-11 17:32,Paid Search,0
U02632,2026-08-12 23:37,Organic Search,1
U02633,2026-08-25 00:25,Paid Search,0
U02634,2026-08-14 03:47,Email,0
U02635,2026-08-02 03:44,Social,0
U02635,2026-08-03 04:10,Paid Search,0
U02635,2026-08-06 00:35,Display,0
U02636,2026-08-24 17:04,Display,0
U02636,2026-08-30 23:22,Social,0
U02637,2026-08-01 13:55,Paid Search,0
U02638,2026-09-13 19:40,Direct,0
U02639,2026-09-14 10:17,Paid Search,0
U02639,2026-09-15 16:36,Paid Search,0
U02639,2026-09-16 14:48,Organic Search,1
U02640,2026-08-10 21:54,Social,0
U02641,2026-08-18 02:23,Referral,1
U02642,2026-09-10 17:57,Social,0
U02643,2026-08-27 21:22,Paid Search,0
U02643,2026-08-31 10:53,Organic Search,0
U02643,2026-08-31 16:42,Organic Search,0
U02644,2026-08-14 10:54,Social,0
U02644,2026-08-16 07:06,Paid Search,0
U02644,2026-08-16 10:09,Referral,0
U02644,2026-08-16 10:40,Direct,0
U02645,2026-09-13 03:12,Paid Search,0
U02646,2026-08-12 23:23,Display,0
U02646,2026-08-14 14:47,Organic Search,1
U02647,2026-09-05 15:43,Organic Search,0
U02647,2026-09-12 07:56,Direct,0
U02648,2026-08-02 15:21,Display,1
U02649,2026-09-13 03:18,Paid Search,0
U02650,2026-09-05 13:24,Direct,0
U02650,2026-09-06 01:02,Direct,0
U02650,2026-09-08 03:07,Direct,0
U02650,2026-09-08 17:56,Social,0
U02650,2026-09-11 01:26,Direct,0
U02650,2026-09-15 15:35,Direct,1
U02651,2026-09-08 00:46,Social,0
U02652,2026-08-22 06:11,Organic Search,0
U02652,2026-08-23 08:42,Display,0
U02653,2026-09-13 08:11,Display,0
U02653,2026-09-15 10:19,Paid Search,0
U02653,2026-09-23 11:46,Paid Search,0
U02653,2026-09-27 19:59,Paid Search,0
U02654,2026-08-19 16:43,Social,0
U02654,2026-08-22 11:21,Direct,0
U02654,2026-08-26 06:36,Direct,0
U02654,2026-08-31 19:09,Paid Search,1
U02655,2026-08-19 15:41,Display,0
U02656,2026-08-11 01:24,Paid Search,0
U02656,2026-08-12 18:04,Organic Search,0
U02656,2026-08-13 10:27,Paid Search,0
U02656,2026-08-13 18:20,Email,0
U02657,2026-08-17 13:56,Referral,0
U02658,2026-09-07 16:36,Direct,0
U02659,2026-09-09 13:31,Organic Search,0
U02660,2026-09-12 10:18,Social,0
U02660,2026-09-12 19:43,Direct,0
U02660,2026-09-19 02:25,Paid Search,0
U02661,2026-08-14 21:56,Organic Search,0
U02662,2026-09-06 09:25,Paid Search,0
U02663,2026-08-14 11:52,Display,0
U02663,2026-08-18 22:46,Referral,0
U02663,2026-08-23 03:43,Paid Search,0
U02664,2026-08-28 02:50,Direct,0
U02664,2026-08-29 00:50,Direct,0
U02664,2026-08-29 21:54,Direct,0
U02665,2026-09-10 02:47,Email,0
U02666,2026-08-10 19:56,Paid Search,0
U02667,2026-08-19 18:48,Organic Search,0
U02667,2026-08-19 22:59,Paid Search,0
U02668,2026-08-06 07:47,Paid Search,0
U02668,2026-08-10 23:26,Organic Search,1
U02669,2026-09-13 03:14,Social,0
U02669,2026-09-14 03:10,Paid Search,0
U02669,2026-09-17 04:06,Referral,1
U02670,2026-08-22 07:36,Email,0
U02670,2026-08-26 13:02,Email,1
U02671,2026-09-10 19:09,Direct,0
U02671,2026-09-18 21:36,Email,0
U02671,2026-09-22 16:29,Email,0
U02671,2026-09-26 10:36,Direct,0
U02672,2026-09-07 18:24,Organic Search,0
U02673,2026-08-14 17:22,Organic Search,0
U02673,2026-08-15 00:33,Organic Search,0
U02674,2026-08-01 17:29,Organic Search,0
U02674,2026-08-04 22:19,Organic Search,0
U02675,2026-08-20 20:26,Social,0
U02676,2026-08-31 20:17,Paid Search,0
U02677,2026-09-07 01:36,Direct,0
U02678,2026-08-06 23:21,Social,0
U02678,2026-08-09 13:20,Direct,0
U02678,2026-08-11 11:01,Direct,0
U02679,2026-08-16 01:18,Direct,0
U02680,2026-09-13 05:44,Direct,0
U02680,2026-09-16 17:36,Social,1
U02681,2026-08-26 05:54,Referral,0
U02681,2026-08-26 09:37,Direct,0
U02681,2026-08-28 01:19,Email,0
U02681,2026-08-28 19:58,Email,0
U02681,2026-08-28 22:53,Display,0
U02682,2026-09-13 21:16,Paid Search,0
U02683,2026-08-07 11:25,Direct,0
U02683,2026-08-07 23:09,Display,0
U02683,2026-08-09 08:25,Paid Search,0
U02683,2026-08-10 21:09,Display,0
U02683,2026-08-15 16:58,Social,0
U02683,2026-08-16 07:19,Social,0
U02683,2026-08-16 20:53,Organic Search,0
U02684,2026-09-03 10:39,Social,0
U02685,2026-09-01 06:28,Display,0
U02685,2026-09-01 09:37,Organic Search,0
U02685,2026-09-02 21:55,Organic Search,0
U02686,2026-08-20 05:09,Display,0
U02686,2026-08-22 04:08,Display,0
U02686,2026-08-23 00:27,Social,0
U02686,2026-08-26 08:22,Email,0
U02686,2026-08-26 17:02,Paid Search,0
U02686,2026-08-27 04:07,Referral,1
U02687,2026-09-13 13:36,Display,0
U02688,2026-08-30 16:02,Display,0
U02688,2026-08-31 06:57,Organic Search,0
U02688,2026-09-02 01:36,Organic Search,0
U02688,2026-09-08 15:09,Social,0
U02688,2026-09-09 13:14,Social,0
U02688,2026-09-10 20:01,Organic Search,0
U02688,2026-09-17 09:16,Referral,0
U02688,2026-09-18 11:00,Organic Search,0
U02689,2026-08-10 00:53,Display,0
U02690,2026-09-08 21:00,Email,0
U02691,2026-08-03 03:39,Direct,0
U02691,2026-08-05 19:19,Paid Search,0
U02691,2026-08-09 21:35,Organic Search,0
U02691,2026-08-10 15:22,Social,0
U02692,2026-09-10 02:09,Paid Search,0
U02693,2026-08-20 03:32,Paid Search,0
U02693,2026-08-22 19:34,Paid Search,0
U02694,2026-08-15 08:06,Organic Search,0
U02695,2026-08-16 10:25,Organic Search,0
U02695,2026-08-19 02:02,Email,0
U02695,2026-08-21 17:01,Direct,0
U02695,2026-08-23 01:41,Organic Search,0
U02695,2026-08-24 22:19,Direct,0
U02695,2026-08-25 21:46,Email,1
U02696,2026-08-22 17:13,Organic Search,0
U02696,2026-08-26 11:00,Display,1
U02697,2026-08-28 17:50,Organic Search,0
U02697,2026-09-01 22:12,Paid Search,0
U02697,2026-09-02 11:50,Display,0
U02698,2026-08-31 08:35,Email,0
U02698,2026-09-02 17:28,Email,0
U02698,2026-09-03 15:02,Organic Search,0
U02699,2026-08-17 00:54,Direct,0
U02699,2026-08-19 04:10,Organic Search,0
U02699,2026-08-27 03:09,Email,0
U02699,2026-09-03 03:10,Paid Search,0
U02700,2026-08-10 08:37,Social,0
U02700,2026-08-18 15:25,Organic Search,0
U02700,2026-08-23 05:53,Social,0
U02700,2026-08-25 15:23,Organic Search,0
U02700,2026-08-30 05:08,Email,0
U02701,2026-09-06 03:00,Direct,0
U02701,2026-09-07 22:44,Paid Search,1
U02702,2026-08-11 19:40,Paid Search,0
U02703,2026-09-06 20:52,Organic Search,0
U02704,2026-08-22 04:12,Social,0
U02704,2026-08-23 11:58,Organic Search,0
U02705,2026-09-07 17:09,Display,0
U02706,2026-08-28 05:12,Social,0
U02707,2026-08-13 01:02,Display,0
U02707,2026-08-17 04:09,Paid Search,0
U02707,2026-08-17 06:26,Social,0
U02707,2026-08-17 22:07,Social,0
U02708,2026-08-15 11:40,Social,0
U02708,2026-08-15 13:53,Paid Search,0
U02709,2026-09-08 21:22,Display,0
U02709,2026-09-17 01:19,Direct,0
U02709,2026-09-17 13:32,Email,0
U02709,2026-09-23 07:21,Email,1
U02710,2026-09-04 03:15,Social,0
U02710,2026-09-13 18:49,Email,0
U02711,2026-08-16 12:56,Organic Search,0
U02711,2026-08-18 10:49,Email,0
U02712,2026-08-05 11:42,Direct,0
U02713,2026-09-01 13:15,Social,0
U02713,2026-09-08 11:39,Social,0
U02714,2026-08-05 15:40,Email,0
U02714,2026-08-07 12:42,Email,1
U02715,2026-09-07 05:47,Organic Search,0
U02715,2026-09-09 17:56,Paid Search,0
U02715,2026-09-11 09:18,Email,0
U02715,2026-09-11 11:16,Email,1
U02716,2026-08-09 15:10,Organic Search,0
U02716,2026-08-09 23:53,Display,0
U02716,2026-08-14 06:16,Display,0
U02716,2026-08-14 16:46,Email,0
U02717,2026-08-21 03:56,Organic Search,0
U02718,2026-09-05 02:36,Paid Search,0
U02719,2026-08-30 18:03,Paid Search,0
U02719,2026-09-01 10:40,Organic Search,0
U02719,2026-09-08 14:01,Direct,0
U02719,2026-09-08 18:07,Email,0
U02719,2026-09-13 00:27,Paid Search,1
U02720,2026-08-17 11:14,Social,0
U02720,2026-08-18 05:41,Organic Search,0
U02721,2026-08-02 21:10,Social,0
U02721,2026-08-04 08:59,Social,0
U02722,2026-08-19 22:47,Social,0
U02722,2026-08-23 02:15,Organic Search,1
U02723,2026-08-20 23:01,Social,0
U02723,2026-08-22 07:49,Direct,0
U02723,2026-08-22 10:37,Paid Search,0
U02724,2026-08-02 19:03,Organic Search,0
U02724,2026-08-06 07:55,Paid Search,0
U02725,2026-09-13 17:02,Display,0
U02725,2026-09-17 07:32,Organic Search,0
U02725,2026-09-20 05:44,Display,0
U02725,2026-09-20 17:19,Email,0
U02725,2026-09-21 02:42,Paid Search,0
U02725,2026-09-24 20:30,Organic Search,0
U02725,2026-09-25 05:12,Referral,1
U02726,2026-08-30 07:31,Paid Search,0
U02727,2026-08-27 10:53,Display,0
U02727,2026-08-28 16:09,Paid Search,1
U02728,2026-09-08 13:59,Organic Search,0
U02728,2026-09-09 07:00,Referral,0
U02729,2026-08-20 09:33,Display,0
U02729,2026-08-21 12:48,Email,0
U02730,2026-08-09 11:06,Social,0
U02730,2026-08-09 19:42,Organic Search,0
U02730,2026-08-11 11:48,Social,0
U02730,2026-08-12 16:35,Email,0
U02730,2026-08-15 02:41,Social,1
U02731,2026-09-05 12:59,Social,0
U02731,2026-09-07 12:20,Social,0
U02732,2026-08-19 11:33,Social,0
U02732,2026-08-20 18:53,Direct,0
U02732,2026-08-22 04:58,Social,0
U02732,2026-09-09 08:33,Email,0
U02733,2026-08-30 23:11,Organic Search,0
U02734,2026-08-13 00:38,Direct,0
U02735,2026-08-09 17:54,Organic Search,0
U02735,2026-08-10 23:11,Email,0
U02736,2026-08-30 11:01,Display,0
U02736,2026-09-01 06:55,Paid Search,0
U02736,2026-09-01 09:52,Social,0
U02736,2026-09-01 22:04,Organic Search,0
U02736,2026-09-03 08:00,Direct,0
U02736,2026-09-04 22:03,Direct,0
U02736,2026-09-06 06:22,Display,0
U02737,2026-09-05 17:01,Social,0
U02737,2026-09-07 02:02,Email,0
U02738,2026-08-30 21:49,Organic Search,0
U02738,2026-08-31 15:05,Referral,0
U02738,2026-09-04 08:07,Paid Search,0
U02738,2026-09-04 23:15,Referral,0
U02739,2026-08-25 12:41,Paid Search,0
U02739,2026-08-30 20:34,Direct,0
U02739,2026-09-01 14:31,Organic Search,0
U02740,2026-08-24 16:41,Display,0
U02740,2026-08-27 07:29,Paid Search,0
U02741,2026-08-06 22:16,Social,0
U02741,2026-08-08 19:04,Social,0
U02741,2026-08-12 05:42,Organic Search,0
U02741,2026-08-13 00:02,Paid Search,0
U02741,2026-08-14 18:28,Display,0
U02742,2026-08-02 22:08,Organic Search,0
U02742,2026-08-05 15:25,Paid Search,0
U02743,2026-08-27 09:52,Social,0
U02744,2026-08-01 23:52,Organic Search,0
U02744,2026-08-03 19:11,Paid Search,0
U02745,2026-08-29 00:51,Organic Search,0
U02745,2026-08-29 02:58,Paid Search,0
U02746,2026-08-21 21:51,Paid Search,0
U02747,2026-08-18 14:31,Display,0
U02748,2026-08-07 17:24,Paid Search,0
U02748,2026-08-09 15:51,Email,0
U02749,2026-08-04 17:58,Social,0
U02749,2026-08-06 02:09,Social,0
U02749,2026-08-07 08:30,Organic Search,0
U02750,2026-08-05 20:09,Paid Search,0
U02750,2026-08-07 21:18,Social,0
U02750,2026-08-08 19:42,Organic Search,0
U02750,2026-08-11 06:47,Email,0
U02750,2026-08-14 13:35,Paid Search,0
U02751,2026-09-13 06:45,Social,0
U02751,2026-09-14 01:54,Email,0
U02752,2026-09-03 19:01,Display,0
U02752,2026-09-08 03:39,Paid Search,0
U02752,2026-09-08 12:53,Paid Search,0
U02753,2026-08-03 11:28,Direct,0
U02754,2026-09-04 06:38,Direct,0
U02754,2026-09-05 14:25,Direct,0
U02754,2026-09-06 20:10,Referral,0
U02754,2026-09-06 20:28,Email,0
U02755,2026-09-13 06:27,Display,0
U02756,2026-08-02 11:59,Paid Search,0
U02757,2026-08-28 20:45,Organic Search,0
U02757,2026-08-31 20:24,Social,1
U02758,2026-08-13 12:08,Social,0
U02758,2026-08-14 20:44,Direct,0
U02758,2026-08-16 00:34,Direct,0
U02759,2026-09-13 22:01,Paid Search,0
U02760,2026-08-22 11:27,Social,0
U02760,2026-08-22 14:18,Display,0
U02761,2026-09-14 17:06,Social,0
U02762,2026-08-06 23:19,Social,0
U02762,2026-08-11 07:25,Organic Search,0
U02762,2026-08-18 09:55,Social,0
U02763,2026-09-03 16:14,Social,0
U02763,2026-09-05 20:19,Organic Search,0
U02763,2026-09-05 20:59,Direct,0
U02764,2026-09-14 16:50,Social,0
U02764,2026-09-15 18:30,Email,0
U02764,2026-09-16 01:18,Paid Search,0
U02764,2026-09-18 02:05,Paid Search,0
U02765,2026-08-20 14:39,Direct,0
U02765,2026-08-20 15:11,Direct,0
U02765,2026-08-24 06:17,Display,0
U02765,2026-08-25 06:05,Social,0
U02765,2026-08-25 19:21,Referral,0
U02765,2026-08-31 11:47,Paid Search,0
U02765,2026-09-08 10:30,Referral,0
U02766,2026-08-29 11:19,Social,1
U02767,2026-08-20 17:10,Email,0
U02767,2026-08-21 09:46,Paid Search,0
U02768,2026-08-15 03:20,Organic Search,0
U02769,2026-09-14 15:45,Display,0
U02769,2026-09-14 20:18,Organic Search,0
U02770,2026-08-30 12:49,Social,0
U02771,2026-09-13 05:46,Referral,0
U02771,2026-09-17 15:02,Email,0
U02771,2026-09-19 04:14,Direct,0
U02772,2026-08-31 04:22,Organic Search,0
U02772,2026-09-08 23:39,Paid Search,0
U02773,2026-08-06 05:00,Organic Search,0
U02773,2026-08-08 08:59,Paid Search,0
U02773,2026-08-09 13:04,Organic Search,0
U02773,2026-08-11 14:59,Paid Search,0
U02773,2026-08-12 23:56,Email,0
U02774,2026-09-04 02:03,Paid Search,0
U02775,2026-08-07 21:41,Social,0
U02776,2026-08-20 00:09,Social,0
U02777,2026-08-01 21:00,Organic Search,0
U02777,2026-08-06 04:54,Social,0
U02777,2026-08-08 04:23,Organic Search,0
U02778,2026-08-26 07:23,Social,0
U02778,2026-08-26 16:43,Paid Search,0
U02778,2026-08-29 05:54,Email,0
U02778,2026-08-29 23:05,Paid Search,0
U02778,2026-08-30 20:25,Paid Search,1
U02779,2026-08-30 13:55,Paid Search,0
U02780,2026-09-04 06:46,Organic Search,0
U02781,2026-08-19 03:13,Paid Search,0
U02781,2026-08-19 08:03,Email,0
U02781,2026-08-26 01:54,Organic Search,1
U02782,2026-09-01 05:08,Display,0
U02782,2026-09-03 18:57,Paid Search,0
U02782,2026-09-09 02:29,Email,0
U02782,2026-09-09 07:39,Direct,1
U02783,2026-09-11 04:45,Organic Search,0
U02784,2026-09-11 07:49,Social,0
U02785,2026-09-04 14:38,Social,0
U02785,2026-09-08 13:45,Organic Search,0
U02786,2026-09-09 15:07,Social,0
U02786,2026-09-13 16:25,Email,0
U02786,2026-09-15 09:16,Social,0
U02786,2026-09-15 18:06,Display,0
U02786,2026-09-16 18:55,Social,0
U02787,2026-09-01 14:24,Paid Search,0
U02788,2026-08-17 07:25,Social,0
U02788,2026-08-19 21:07,Email,0
U02789,2026-08-04 10:33,Paid Search,0
U02789,2026-08-06 01:52,Email,0
U02789,2026-08-13 07:35,Direct,0
U02790,2026-08-27 20:57,Display,0
U02790,2026-08-29 05:07,Referral,1
U02791,2026-08-03 16:34,Social,0
U02791,2026-08-03 21:04,Direct,0
U02791,2026-08-09 06:33,Social,0
U02791,2026-08-10 19:37,Organic Search,0
U02791,2026-08-11 14:21,Organic Search,0
U02791,2026-08-14 17:50,Paid Search,0
U02792,2026-09-10 00:05,Organic Search,0
U02792,2026-09-10 19:32,Direct,0
U02793,2026-08-25 16:43,Organic Search,0
U02793,2026-08-27 12:34,Organic Search,0
U02793,2026-08-28 09:08,Paid Search,0
U02793,2026-08-30 13:59,Email,0
U02794,2026-09-08 17:49,Paid Search,0
U02795,2026-09-10 18:00,Organic Search,0
U02796,2026-09-08 23:26,Paid Search,0
U02796,2026-09-09 18:11,Email,0
U02796,2026-09-11 02:13,Paid Search,0
U02797,2026-09-11 03:02,Organic Search,1
U02798,2026-08-06 14:58,Paid Search,0
U02798,2026-08-08 03:43,Organic Search,0
U02798,2026-08-08 10:45,Direct,0
U02799,2026-09-03 23:12,Organic Search,0
U02799,2026-09-09 17:16,Social,0
U02800,2026-09-10 20:10,Organic Search,0
U02801,2026-08-04 01:33,Display,0
U02801,2026-08-05 17:31,Direct,0
U02801,2026-08-11 16:00,Direct,0
U02801,2026-08-11 23:48,Social,0
U02802,2026-08-05 14:05,Social,0
U02802,2026-08-07 00:00,Direct,0
U02802,2026-08-09 05:37,Direct,0
U02802,2026-08-09 14:03,Social,0
U02802,2026-08-10 11:11,Social,0
U02803,2026-09-03 16:21,Direct,0
U02803,2026-09-05 20:18,Display,0
U02803,2026-09-09 22:54,Direct,0
U02804,2026-08-20 22:28,Social,0
U02805,2026-08-30 16:42,Paid Search,0
U02805,2026-09-01 07:36,Paid Search,0
U02805,2026-09-02 09:03,Referral,0
U02806,2026-08-26 17:32,Direct,0
U02807,2026-08-05 18:39,Social,0
U02807,2026-08-07 08:53,Display,0
U02807,2026-08-08 08:05,Referral,0
U02808,2026-08-29 06:20,Direct,0
U02808,2026-08-30 17:01,Email,0
U02809,2026-08-21 21:04,Organic Search,0
U02809,2026-08-23 20:45,Organic Search,0
U02810,2026-09-09 03:31,Email,0
U02811,2026-09-06 13:27,Social,0
U02811,2026-09-07 00:09,Display,0
U02811,2026-09-08 18:50,Paid Search,0
U02811,2026-09-18 14:38,Social,0
U02811,2026-09-19 14:51,Email,0
U02811,2026-09-25 16:13,Display,0
U02812,2026-08-30 00:36,Social,0
U02812,2026-08-30 19:14,Paid Search,0
U02813,2026-08-27 18:35,Organic Search,0
U02813,2026-08-31 14:32,Paid Search,0
U02813,2026-09-03 13:06,Organic Search,0
U02814,2026-09-03 06:36,Paid Search,0
U02815,2026-08-14 06:13,Organic Search,0
U02815,2026-08-15 18:03,Paid Search,0
U02815,2026-08-26 21:29,Referral,0
U02815,2026-08-28 19:48,Paid Search,0
U02815,2026-09-02 17:51,Email,1
U02816,2026-08-19 07:13,Direct,0
U02817,2026-09-03 02:33,Organic Search,0
U02818,2026-09-10 17:27,Display,0
U02819,2026-09-01 21:46,Social,0
U02820,2026-09-04 18:13,Paid Search,0
U02820,2026-09-04 19:55,Direct,0
U02821,2026-08-28 02:59,Organic Search,0
U02821,2026-09-07 11:50,Email,0
U02821,2026-09-08 13:59,Email,1
U02822,2026-09-04 20:00,Paid Search,0
U02822,2026-09-11 02:56,Direct,1
U02823,2026-09-08 17:19,Social,0
U02823,2026-09-14 04:53,Referral,0
U02823,2026-09-14 10:48,Social,1
U02824,2026-08-09 08:31,Organic Search,0
U02824,2026-08-09 22:25,Email,0
U02824,2026-08-11 10:55,Organic Search,0
U02824,2026-08-18 02:16,Display,0
U02824,2026-08-19 01:51,Organic Search,0
U02824,2026-08-20 08:32,Direct,0
U02824,2026-08-20 21:07,Direct,0
U02824,2026-08-22 10:43,Direct,0
U02825,2026-08-27 07:39,Social,0
U02825,2026-08-28 09:46,Direct,0
U02825,2026-08-30 15:28,Paid Search,0
U02825,2026-09-01 09:53,Paid Search,0
U02825,2026-09-03 02:03,Direct,0
U02825,2026-09-05 18:03,Display,0
U02826,2026-09-10 04:10,Social,0
U02826,2026-09-15 12:13,Display,0
U02826,2026-09-18 19:15,Email,0
U02826,2026-09-20 22:15,Organic Search,0
U02827,2026-08-12 17:12,Organic Search,0
U02827,2026-08-13 01:56,Paid Search,0
U02828,2026-09-02 11:11,Social,0
U02829,2026-08-15 08:45,Social,0
U02829,2026-08-15 18:59,Paid Search,0
U02829,2026-08-17 12:18,Paid Search,1
U02830,2026-08-26 11:25,Organic Search,0
U02830,2026-08-26 22:19,Display,0
U02831,2026-08-28 17:15,Organic Search,0
U02831,2026-08-29 23:05,Paid Search,0
U02832,2026-08-04 14:57,Social,0
U02833,2026-08-18 10:46,Organic Search,0
U02833,2026-08-19 14:22,Organic Search,0
U02833,2026-08-23 03:27,Email,0
U02833,2026-08-25 04:48,Paid Search,0
U02834,2026-08-06 23:00,Social,0
U02834,2026-08-08 10:27,Email,0
U02834,2026-08-09 06:45,Paid Search,0
U02834,2026-08-11 10:55,Direct,1
U02835,2026-09-02 10:32,Direct,0
U02835,2026-09-02 17:22,Display,0
U02836,2026-08-13 06:19,Direct,0
U02837,2026-09-12 00:39,Social,0
U02837,2026-09-12 08:02,Social,0
U02837,2026-09-13 15:55,Email,0
U02838,2026-08-26 19:12,Referral,1
U02839,2026-08-27 12:39,Paid Search,0
U02839,2026-08-27 14:14,Organic Search,0
U02839,2026-08-28 03:42,Direct,0
U02839,2026-08-28 05:50,Organic Search,0
U02840,2026-08-15 08:12,Social,0
U02841,2026-08-27 01:03,Display,0
U02841,2026-08-28 00:32,Organic Search,0
U02842,2026-08-13 08:53,Social,0
U02842,2026-08-18 00:12,Email,0
U02842,2026-08-18 22:28,Paid Search,0
U02843,2026-08-19 03:52,Organic Search,0
U02843,2026-08-19 06:35,Paid Search,0
U02844,2026-08-18 05:09,Social,0
U02844,2026-08-19 04:55,Email,0
U02845,2026-08-03 08:16,Paid Search,0
U02845,2026-08-03 20:30,Email,0
U02845,2026-08-03 21:06,Direct,1
U02846,2026-08-04 04:53,Display,0
U02846,2026-08-04 16:41,Email,0
U02846,2026-08-07 03:12,Organic Search,0
U02847,2026-08-16 19:28,Referral,1
U02848,2026-08-13 11:15,Referral,0
U02848,2026-08-27 05:00,Direct,0
U02848,2026-08-28 14:46,Paid Search,0
U02848,2026-09-05 01:27,Display,0
U02848,2026-09-07 19:54,Paid Search,0
U02848,2026-09-12 06:22,Paid Search,0
U02848,2026-09-12 20:36,Organic Search,1
U02849,2026-08-09 13:45,Display,0
U02849,2026-08-14 02:59,Direct,0
U02850,2026-08-08 21:56,Organic Search,0
U02850,2026-08-15 09:08,Social,0
U02851,2026-08-02 09:45,Paid Search,0
U02852,2026-09-07 20:21,Organic Search,0
U02853,2026-09-10 12:59,Display,0
U02853,2026-09-13 01:16,Direct,0
U02854,2026-08-17 01:55,Organic Search,0
U02855,2026-09-14 12:45,Display,0
U02855,2026-09-18 15:29,Direct,0
U02855,2026-09-26 00:46,Paid Search,0
U02855,2026-09-30 01:23,Paid Search,1
U02856,2026-09-12 17:23,Organic Search,0
U02856,2026-09-14 23:53,Social,0
U02857,2026-08-25 15:38,Direct,0
U02858,2026-09-10 05:44,Social,0
U02859,2026-09-11 11:24,Social,0
U02860,2026-08-06 18:04,Display,0
U02861,2026-08-21 00:10,Email,1
U02862,2026-08-18 01:25,Paid Search,0
U02862,2026-08-20 10:19,Organic Search,0
U02862,2026-08-21 15:45,Paid Search,1
U02863,2026-09-03 13:01,Social,0
U02864,2026-08-28 03:51,Display,0
U02864,2026-08-28 04:22,Email,0
U02864,2026-08-28 13:50,Paid Search,1
U02865,2026-09-11 05:53,Display,0
U02865,2026-09-12 10:46,Email,0
U02866,2026-08-14 21:05,Organic Search,0
U02867,2026-08-17 05:06,Social,0
U02867,2026-08-20 18:49,Display,0
U02867,2026-08-23 01:25,Email,1
U02868,2026-08-26 02:24,Organic Search,0
U02868,2026-08-26 08:48,Paid Search,0
U02869,2026-08-09 12:34,Organic Search,0
U02870,2026-09-13 22:36,Display,0
U02870,2026-09-14 03:21,Paid Search,0
U02870,2026-09-14 04:34,Paid Search,0
U02870,2026-09-14 19:19,Paid Search,0
U02870,2026-09-14 20:36,Display,0
U02871,2026-08-27 00:59,Paid Search,0
U02871,2026-08-27 10:45,Display,0
U02872,2026-09-08 15:44,Social,0
U02872,2026-09-12 20:00,Organic Search,0
U02873,2026-08-10 14:51,Display,0
U02873,2026-08-10 23:11,Email,1
U02874,2026-08-06 07:12,Paid Search,1
U02875,2026-08-22 07:13,Organic Search,0
U02876,2026-08-15 21:32,Display,0
U02876,2026-08-22 03:54,Direct,0
U02877,2026-09-06 22:22,Paid Search,0
U02878,2026-09-09 23:59,Social,0
U02878,2026-09-14 00:27,Organic Search,0
U02878,2026-09-14 17:38,Paid Search,0
U02878,2026-09-15 01:07,Email,0
U02878,2026-09-15 01:19,Paid Search,0
U02879,2026-08-03 06:19,Social,0
U02880,2026-08-05 13:01,Social,0
U02880,2026-08-07 00:59,Direct,0
U02881,2026-09-01 18:20,Social,0
U02882,2026-09-08 18:56,Organic Search,0
U02883,2026-09-12 19:01,Social,0
U02883,2026-09-14 08:43,Email,0
U02883,2026-09-15 11:48,Social,0
U02884,2026-09-11 01:34,Social,0
U02885,2026-08-21 16:33,Display,0
U02885,2026-08-22 06:01,Display,0
U02885,2026-08-22 16:40,Display,0
U02886,2026-08-03 09:01,Referral,0
U02886,2026-08-04 03:11,Direct,0
U02886,2026-08-05 05:03,Organic Search,0
U02887,2026-08-14 21:47,Social,0
U02887,2026-08-19 01:25,Organic Search,0
U02888,2026-08-08 23:39,Organic Search,0
U02888,2026-08-09 00:50,Paid Search,0
U02889,2026-08-31 00:50,Social,0
U02890,2026-08-11 06:42,Social,0
U02890,2026-08-12 15:32,Social,0
U02890,2026-08-13 12:10,Direct,0
U02890,2026-08-13 14:21,Referral,0
U02891,2026-08-15 20:23,Organic Search,0
U02891,2026-08-16 17:12,Paid Search,0
U02891,2026-08-21 18:45,Direct,0
U02891,2026-08-24 01:43,Email,0
U02892,2026-08-31 23:02,Social,0
U02892,2026-09-03 21:29,Organic Search,0
U02893,2026-08-25 00:45,Display,0
U02893,2026-08-26 04:14,Referral,0
U02893,2026-08-29 18:46,Social,0
U02894,2026-08-07 04:46,Organic Search,0
U02895,2026-08-26 02:09,Organic Search,0
U02895,2026-09-04 02:53,Direct,0
U02896,2026-08-21 06:12,Email,0
U02896,2026-08-24 05:29,Organic Search,0
U02896,2026-08-24 20:33,Paid Search,0
U02896,2026-08-25 18:20,Email,0
U02896,2026-08-27 11:27,Paid Search,1
U02897,2026-08-23 13:47,Display,0
U02898,2026-09-07 06:10,Display,0
U02898,2026-09-08 06:30,Direct,1
U02899,2026-08-18 16:41,Social,0
U02899,2026-08-19 14:10,Direct,0
U02900,2026-08-18 08:31,Organic Search,0
U02900,2026-08-20 21:14,Social,0
U02900,2026-08-27 21:09,Direct,0
U02900,2026-08-29 15:59,Direct,1
U02901,2026-08-28 17:19,Paid Search,0
U02901,2026-09-02 01:34,Email,0
U02902,2026-08-03 07:20,Organic Search,0
U02902,2026-08-03 23:45,Organic Search,0
U02902,2026-08-04 06:56,Social,0
U02903,2026-08-24 04:02,Referral,1
U02904,2026-09-14 15:33,Organic Search,0
U02904,2026-09-14 19:34,Direct,0
U02904,2026-09-15 12:42,Direct,0
U02905,2026-08-27 16:39,Organic Search,0
U02905,2026-09-01 23:45,Direct,0
U02905,2026-09-04 21:11,Organic Search,0
U02905,2026-09-11 10:35,Email,0
U02905,2026-09-11 13:34,Direct,0
U02906,2026-09-09 18:59,Organic Search,0
U02906,2026-09-11 01:18,Paid Search,1
U02907,2026-08-24 16:49,Paid Search,0
U02908,2026-08-02 23:54,Social,0
U02909,2026-08-01 22:56,Email,0
U02909,2026-08-07 00:31,Direct,0
U02909,2026-08-07 07:25,Email,0
U02909,2026-08-08 03:12,Email,1
U02910,2026-08-12 11:36,Display,0
U02911,2026-09-12 11:18,Social,0
U02911,2026-09-15 10:04,Paid Search,0
U02911,2026-09-23 08:35,Social,0
U02911,2026-09-23 13:22,Direct,0
U02911,2026-09-23 17:52,Direct,0
U02911,2026-09-26 17:00,Direct,0
U02911,2026-09-28 03:32,Paid Search,0
U02911,2026-10-11 04:12,Organic Search,0
U02912,2026-08-01 18:29,Display,0
U02912,2026-08-05 09:29,Organic Search,0
U02912,2026-08-09 04:45,Email,0
U02912,2026-08-11 04:24,Email,0
U02912,2026-08-12 03:07,Paid Search,0
U02913,2026-09-05 01:21,Social,0
U02914,2026-09-14 16:38,Paid Search,0
U02914,2026-09-15 01:43,Display,1
U02915,2026-08-30 14:30,Display,0
U02916,2026-09-02 01:36,Social,0
U02916,2026-09-03 13:11,Organic Search,0
U02917,2026-09-07 10:41,Social,0
U02917,2026-09-08 13:57,Social,1
U02918,2026-09-13 04:49,Display,0
U02919,2026-09-11 16:57,Social,0
U02920,2026-08-29 15:56,Paid Search,0
U02920,2026-08-30 02:10,Social,0
U02921,2026-09-13 19:28,Display,0
U02921,2026-09-15 16:33,Social,0
U02922,2026-08-09 10:14,Organic Search,0
U02923,2026-08-23 03:43,Social,0
U02923,2026-08-23 21:06,Social,0
U02923,2026-08-25 07:18,Referral,0
U02923,2026-08-31 08:02,Email,0
U02924,2026-08-16 04:08,Paid Search,0
U02924,2026-08-21 05:28,Email,0
U02924,2026-08-23 07:19,Direct,0
U02924,2026-08-27 13:13,Social,1
U02925,2026-09-03 17:09,Paid Search,0
U02925,2026-09-04 11:40,Social,0
U02926,2026-09-05 04:31,Social,0
U02926,2026-09-07 19:01,Email,0
U02927,2026-09-02 20:29,Organic Search,0
U02927,2026-09-04 12:47,Paid Search,0
U02928,2026-08-14 10:21,Organic Search,0
U02928,2026-08-16 09:48,Email,0
U02929,2026-08-26 13:56,Social,0
U02929,2026-08-26 22:42,Display,0
U02929,2026-08-27 06:19,Direct,1
U02930,2026-09-09 11:53,Social,0
U02931,2026-08-22 08:02,Organic Search,0
U02932,2026-08-16 15:17,Display,0
U02933,2026-08-22 06:43,Direct,0
U02933,2026-08-24 17:01,Email,0
U02934,2026-08-21 08:51,Display,0
U02934,2026-08-31 16:32,Paid Search,1
U02935,2026-09-05 22:32,Display,0
U02935,2026-09-10 00:47,Email,0
U02936,2026-09-12 17:48,Social,0
U02937,2026-09-13 19:22,Social,0
U02937,2026-09-15 16:27,Direct,0
U02938,2026-08-26 05:16,Social,1
U02939,2026-08-29 20:23,Paid Search,0
U02940,2026-08-18 19:22,Display,0
U02940,2026-08-19 00:34,Direct,0
U02940,2026-08-19 19:12,Display,0
U02940,2026-08-21 12:36,Organic Search,0
U02941,2026-08-30 12:51,Paid Search,0
U02941,2026-09-01 15:04,Direct,0
U02942,2026-08-08 16:41,Social,0
U02942,2026-08-12 17:01,Direct,0
U02942,2026-08-17 09:35,Paid Search,0
U02943,2026-08-07 09:34,Social,0
U02944,2026-08-10 17:49,Display,0
U02944,2026-08-13 10:50,Paid Search,0
U02945,2026-09-07 16:57,Paid Search,0
U02946,2026-08-01 03:37,Social,0
U02946,2026-08-01 17:59,Direct,0
U02947,2026-08-31 06:52,Display,0
U02948,2026-09-13 16:34,Display,0
U02948,2026-09-14 11:26,Referral,0
U02949,2026-08-30 10:33,Social,0
U02949,2026-09-01 15:19,Organic Search,0
U02950,2026-08-05 19:59,Organic Search,0
U02951,2026-08-03 15:22,Organic Search,0
U02951,2026-08-04 00:31,Email,0
U02952,2026-08-16 01:32,Organic Search,0
U02952,2026-08-20 09:46,Paid Search,0
U02952,2026-08-23 03:34,Paid Search,0
U02952,2026-09-03 23:00,Referral,0
U02953,2026-09-09 21:37,Paid Search,0
U02953,2026-09-11 06:35,Paid Search,1
U02954,2026-08-23 01:59,Paid Search,0
U02954,2026-08-26 00:41,Display,0
U02954,2026-08-31 17:41,Referral,0
U02954,2026-09-02 06:30,Display,0
U02954,2026-09-04 06:13,Paid Search,0
U02954,2026-09-05 13:21,Organic Search,0
U02954,2026-09-12 02:35,Email,0
U02954,2026-09-15 02:09,Organic Search,1
U02955,2026-09-08 21:00,Organic Search,0
U02956,2026-08-19 21:35,Social,0
U02957,2026-08-28 16:47,Social,0
U02957,2026-08-31 07:50,Display,0
U02957,2026-09-02 02:55,Display,0
U02958,2026-09-10 06:44,Social,0
U02958,2026-09-12 16:24,Email,0
U02958,2026-09-13 14:13,Email,0
U02958,2026-09-16 20:38,Paid Search,0
U02959,2026-09-12 05:04,Social,0
U02959,2026-09-13 13:42,Email,0
U02960,2026-08-19 06:50,Display,0
U02961,2026-08-02 02:43,Display,0
U02962,2026-09-03 02:38,Organic Search,0
U02962,2026-09-05 11:34,Direct,0
U02962,2026-09-05 15:19,Paid Search,0
U02962,2026-09-06 22:34,Social,0
U02962,2026-09-07 08:41,Email,0
U02962,2026-09-07 12:48,Organic Search,0
U02963,2026-09-08 02:46,Organic Search,0
U02963,2026-09-08 23:24,Organic Search,0
U02963,2026-09-10 05:31,Paid Search,0
U02963,2026-09-11 06:04,Display,1
U02964,2026-09-14 09:41,Social,0
U02964,2026-09-18 11:23,Direct,0
U02964,2026-09-19 23:12,Paid Search,0
U02965,2026-09-10 22:07,Social,0
U02966,2026-08-28 09:16,Organic Search,0
U02966,2026-09-05 19:30,Paid Search,0
U02967,2026-09-11 09:09,Paid Search,0
U02967,2026-09-13 10:48,Direct,0
U02967,2026-09-14 19:30,Email,0
U02967,2026-09-15 04:26,Direct,0
U02967,2026-09-16 00:59,Direct,0
U02967,2026-09-19 16:54,Direct,1
U02968,2026-09-06 00:30,Organic Search,0
U02968,2026-09-09 09:09,Display,0
U02969,2026-08-11 04:25,Organic Search,0
U02969,2026-08-11 10:10,Email,0
U02970,2026-08-18 07:42,Direct,0
U02970,2026-08-24 13:17,Direct,0
U02970,2026-08-24 16:38,Social,0
U02970,2026-08-31 13:25,Display,0
U02970,2026-08-31 13:52,Social,0
U02970,2026-09-02 17:35,Referral,0
U02970,2026-09-03 23:09,Organic Search,0
U02970,2026-09-05 15:02,Paid Search,1
U02971,2026-09-05 12:13,Social,0
U02971,2026-09-06 10:38,Paid Search,0
U02971,2026-09-06 16:07,Direct,0
U02972,2026-09-01 04:15,Email,0
U02972,2026-09-01 21:47,Organic Search,0
U02973,2026-08-31 17:49,Display,0
U02974,2026-08-17 05:35,Display,0
U02974,2026-08-17 17:32,Referral,0
U02974,2026-08-18 08:46,Email,0
U02975,2026-08-09 06:33,Display,0
U02976,2026-08-02 13:22,Organic Search,0
U02977,2026-08-07 15:07,Display,0
U02977,2026-08-07 23:30,Email,0
U02977,2026-08-08 06:54,Direct,0
U02978,2026-08-23 04:36,Organic Search,0
U02978,2026-08-23 06:19,Display,0
U02978,2026-08-24 10:26,Display,0
U02978,2026-08-24 22:03,Organic Search,0
U02978,2026-08-26 20:45,Social,0
U02978,2026-09-03 10:16,Direct,0
U02978,2026-09-06 04:45,Referral,1
U02979,2026-09-01 08:52,Social,0
U02979,2026-09-02 12:10,Direct,0
U02980,2026-08-19 03:32,Direct,0
U02980,2026-08-19 09:17,Email,0
U02980,2026-08-23 05:58,Organic Search,0
U02980,2026-08-24 04:41,Organic Search,0
U02981,2026-08-12 01:48,Display,0
U02981,2026-08-12 21:28,Direct,0
U02981,2026-08-24 13:20,Email,0
U02981,2026-08-27 10:45,Organic Search,0
U02982,2026-09-14 22:21,Display,0
U02982,2026-09-19 01:38,Direct,0
U02982,2026-09-20 06:01,Display,0
U02983,2026-08-17 16:42,Organic Search,0
U02984,2026-08-08 08:52,Email,0
U02985,2026-09-01 07:18,Paid Search,0
U02985,2026-09-01 11:38,Paid Search,0
U02985,2026-09-02 15:29,Direct,1
U02986,2026-08-24 04:30,Paid Search,0
U02986,2026-08-31 03:30,Referral,0
U02986,2026-09-02 13:04,Direct,0
U02986,2026-09-19 03:43,Direct,0
U02986,2026-09-21 06:46,Paid Search,1
U02987,2026-09-07 20:01,Organic Search,0
U02988,2026-08-31 03:27,Social,0
U02989,2026-08-19 00:48,Display,0
U02989,2026-08-20 02:19,Direct,1
U02990,2026-09-13 05:50,Organic Search,0
U02990,2026-09-16 05:42,Direct,0
U02990,2026-09-17 03:52,Direct,0
U02991,2026-08-23 02:08,Direct,0
U02991,2026-08-26 07:35,Organic Search,0
U02991,2026-08-30 04:32,Organic Search,0
U02992,2026-08-06 20:47,Display,0
U02993,2026-08-22 11:30,Paid Search,0
U02993,2026-08-24 10:20,Email,0
U02993,2026-08-24 18:58,Email,0
U02993,2026-08-28 14:55,Direct,1
U02994,2026-08-26 23:49,Organic Search,0
U02995,2026-09-04 01:50,Display,0
U02995,2026-09-04 13:49,Paid Search,0
U02995,2026-09-09 01:09,Paid Search,0
U02996,2026-08-29 01:32,Paid Search,0
U02997,2026-08-21 20:38,Organic Search,0
U02998,2026-09-11 18:38,Organic Search,1
U02999,2026-08-10 22:58,Organic Search,0
U02999,2026-08-11 05:04,Email,0
U02999,2026-08-13 02:35,Social,0
U02999,2026-08-15 06:42,Display,0
U02999,2026-08-15 11:35,Email,0
U02999,2026-08-15 17:54,Direct,0
U02999,2026-08-16 09:26,Referral,1
U03000,2026-08-11 20:53,Paid Search,0
U03000,2026-08-12 17:46,Social,0
U03000,2026-08-18 09:58,Paid Search,1
U03001,2026-08-07 12:17,Social,0
U03002,2026-08-13 14:59,Display,0
U03002,2026-08-14 03:30,Paid Search,0
U03003,2026-08-06 06:45,Organic Search,0
U03004,2026-08-07 11:41,Paid Search,0
U03004,2026-08-07 23:58,Paid Search,0
U03004,2026-08-14 19:55,Organic Search,0
U03004,2026-08-16 13:45,Social,0
U03004,2026-08-17 07:06,Email,1
U03005,2026-08-02 10:17,Social,0
U03005,2026-08-03 03:55,Organic Search,0
U03005,2026-08-04 17:03,Paid Search,0
U03006,2026-08-23 18:05,Display,0
U03006,2026-08-23 22:15,Display,0
U03006,2026-08-26 15:44,Email,0
U03007,2026-08-08 04:16,Direct,0
U03008,2026-09-12 00:38,Social,0
U03009,2026-08-18 22:02,Social,0
U03009,2026-08-20 09:53,Referral,0
U03009,2026-08-21 08:18,Social,0
U03009,2026-08-24 00:45,Social,0
U03009,2026-08-26 16:37,Referral,0
U03009,2026-08-27 09:12,Email,0
U03009,2026-08-28 00:57,Paid Search,1
U03010,2026-08-19 03:20,Organic Search,0
U03010,2026-08-25 04:01,Referral,0
U03011,2026-08-14 21:34,Social,0
U03011,2026-08-15 02:44,Email,0
U03011,2026-08-17 21:29,Organic Search,1
U03012,2026-08-08 16:08,Paid Search,0
U03013,2026-08-04 08:44,Social,0
U03013,2026-08-06 04:47,Organic Search,0
U03013,2026-08-09 10:52,Email,0
U03013,2026-08-15 02:42,Organic Search,0
U03014,2026-09-07 09:42,Direct,0
U03014,2026-09-11 03:26,Paid Search,0
U03014,2026-09-18 02:45,Email,0
U03014,2026-09-25 20:18,Email,0
U03015,2026-08-06 16:53,Organic Search,0
U03015,2026-08-07 23:28,Paid Search,0
U03015,2026-08-10 01:49,Email,1
U03016,2026-09-02 19:55,Paid Search,0
U03016,2026-09-04 10:54,Direct,0
U03016,2026-09-18 05:40,Display,0
U03017,2026-08-16 04:42,Direct,0
U03017,2026-08-16 13:13,Display,0
U03017,2026-08-18 08:11,Social,0
U03018,2026-08-10 09:32,Paid Search,0
U03018,2026-08-11 11:22,Organic Search,0
U03018,2026-08-14 02:39,Email,1
U03019,2026-08-26 12:20,Organic Search,0
U03020,2026-08-12 02:21,Organic Search,0
U03020,2026-08-14 14:05,Paid Search,0
U03021,2026-08-05 15:18,Paid Search,0
U03021,2026-08-06 12:43,Organic Search,0
U03022,2026-09-05 17:26,Social,0
U03022,2026-09-07 16:13,Organic Search,0
U03023,2026-08-29 10:46,Social,0
U03023,2026-08-30 08:55,Email,0
U03024,2026-09-13 04:39,Organic Search,0
U03024,2026-09-13 23:16,Email,0
U03025,2026-09-11 21:05,Organic Search,0
U03026,2026-08-29 15:09,Email,0
U03027,2026-08-29 14:21,Organic Search,0
U03028,2026-09-11 08:29,Display,0
U03029,2026-08-27 14:21,Paid Search,0
U03029,2026-08-30 14:48,Email,0
U03030,2026-08-23 05:40,Direct,0
U03030,2026-08-24 02:29,Email,0
U03030,2026-08-24 04:44,Display,0
U03031,2026-08-17 16:31,Display,0
U03031,2026-08-20 14:50,Social,0
U03032,2026-08-15 01:12,Display,0
U03032,2026-08-21 21:08,Paid Search,0
U03032,2026-08-24 11:58,Organic Search,0
U03033,2026-08-22 01:59,Social,0
U03034,2026-09-03 17:39,Direct,0
U03035,2026-08-21 20:57,Social,0
U03035,2026-08-21 22:02,Email,0
U03035,2026-08-22 16:23,Organic Search,0
U03035,2026-08-25 13:18,Paid Search,0
U03035,2026-08-27 14:37,Referral,1
U03036,2026-08-29 05:37,Display,0
U03036,2026-08-30 12:32,Display,0
U03036,2026-09-01 14:57,Email,1
U03037,2026-09-04 07:40,Organic Search,0
U03038,2026-08-24 16:25,Social,0
U03038,2026-08-26 12:32,Direct,0
U03038,2026-08-28 22:48,Direct,0
U03038,2026-08-29 05:06,Social,0
U03038,2026-09-01 01:15,Social,1
U03039,2026-09-11 12:14,Display,0
U03039,2026-09-13 10:21,Organic Search,0
U03039,2026-09-14 15:46,Social,0
U03039,2026-09-18 06:51,Direct,0
U03040,2026-08-10 20:15,Direct,0
U03041,2026-08-01 02:51,Social,0
U03042,2026-09-09 07:39,Paid Search,0
U03042,2026-09-12 11:52,Paid Search,1
U03043,2026-08-22 07:01,Paid Search,0
U03043,2026-08-24 16:44,Email,0
U03043,2026-08-26 01:07,Organic Search,0
U03044,2026-08-28 10:15,Social,0
U03044,2026-08-30 12:53,Direct,0
U03044,2026-08-30 17:44,Email,0
U03045,2026-08-06 16:53,Social,0
U03045,2026-08-09 16:47,Direct,0
U03046,2026-08-12 05:01,Display,0
U03046,2026-08-19 03:57,Display,0
U03046,2026-08-20 15:39,Display,0
U03046,2026-08-21 14:45,Organic Search,0
U03046,2026-08-22 18:21,Email,0
U03046,2026-08-28 00:15,Direct,0
U03046,2026-09-02 05:55,Social,0
U03047,2026-08-26 05:26,Display,0
U03047,2026-08-31 08:42,Direct,0
U03047,2026-09-01 04:29,Paid Search,0
U03047,2026-09-05 15:04,Email,0
U03048,2026-09-01 08:09,Social,0
U03049,2026-08-24 21:37,Organic Search,0
U03050,2026-08-24 10:05,Paid Search,0
U03050,2026-08-28 05:17,Direct,0
U03050,2026-08-28 14:29,Direct,0
U03050,2026-08-29 16:13,Social,0
U03050,2026-09-03 13:08,Direct,0
U03050,2026-09-06 03:16,Email,0
U03050,2026-09-10 03:46,Social,1
U03051,2026-08-03 08:20,Organic Search,0
U03051,2026-08-05 16:42,Direct,0
U03051,2026-08-10 13:31,Direct,0
U03051,2026-08-11 11:26,Paid Search,0
U03051,2026-08-12 05:25,Email,0
U03051,2026-08-13 19:20,Organic Search,0
U03052,2026-08-14 06:01,Email,0
U03052,2026-08-16 01:31,Display,0
U03052,2026-08-22 20:17,Social,0
U03052,2026-08-23 08:31,Direct,0
U03053,2026-09-05 14:11,Direct,0
U03053,2026-09-06 08:08,Display,0
U03054,2026-09-03 15:08,Display,0
U03055,2026-08-20 07:10,Display,0
U03055,2026-08-20 13:05,Referral,0
U03055,2026-08-23 21:47,Organic Search,1
U03056,2026-08-31 13:52,Display,0
U03057,2026-08-14 13:54,Organic Search,0
U03057,2026-08-18 09:26,Social,0
U03057,2026-08-18 10:08,Email,0
U03058,2026-08-20 01:42,Direct,0
U03058,2026-08-31 05:33,Email,0
U03059,2026-08-13 22:02,Paid Search,0
U03059,2026-08-15 11:37,Organic Search,0
U03060,2026-09-05 03:03,Social,0
U03060,2026-09-07 16:30,Social,0
U03060,2026-09-08 19:09,Organic Search,0
U03060,2026-09-10 17:18,Paid Search,0
U03060,2026-09-14 01:06,Email,0
U03060,2026-09-14 13:08,Display,0
U03060,2026-09-17 12:43,Social,0
U03060,2026-09-19 09:49,Display,0
U03061,2026-08-20 13:35,Organic Search,0
U03061,2026-08-20 13:49,Direct,0
U03062,2026-08-23 11:10,Display,0
U03063,2026-08-17 18:18,Display,0
U03063,2026-08-19 12:10,Paid Search,0
U03063,2026-08-20 00:49,Social,1
U03064,2026-08-03 12:49,Organic Search,0
U03065,2026-08-30 13:51,Organic Search,0
U03066,2026-08-05 12:33,Organic Search,0
U03066,2026-08-05 21:13,Social,0
U03067,2026-09-04 05:06,Organic Search,0
U03068,2026-08-04 17:18,Social,0
U03068,2026-08-06 19:26,Email,0
U03068,2026-08-08 10:11,Direct,0
U03069,2026-08-12 03:46,Social,0
U03069,2026-08-14 05:26,Referral,0
U03070,2026-08-20 07:51,Organic Search,1
U03071,2026-09-11 17:07,Social,0
U03072,2026-09-11 23:27,Email,0
U03073,2026-09-03 11:55,Paid Search,0
U03074,2026-09-02 21:19,Organic Search,0
U03074,2026-09-07 12:05,Email,0
U03074,2026-09-07 23:56,Direct,0
U03074,2026-09-08 07:26,Direct,0
U03075,2026-08-07 11:34,Social,0
U03075,2026-08-08 21:40,Email,0
U03075,2026-08-10 12:49,Email,0
U03076,2026-09-08 05:10,Display,0
U03076,2026-09-08 20:25,Organic Search,0
U03077,2026-08-28 02:40,Email,0
U03077,2026-08-29 21:07,Social,0
U03078,2026-08-29 22:43,Social,0
U03078,2026-08-31 03:30,Direct,0
U03078,2026-08-31 13:34,Direct,0
U03078,2026-09-02 19:22,Direct,0
U03078,2026-09-03 23:00,Organic Search,0
U03079,2026-08-08 14:05,Display,0
U03080,2026-08-19 18:26,Display,0
U03080,2026-08-21 22:37,Paid Search,0
U03081,2026-08-26 21:02,Social,0
U03081,2026-08-27 22:25,Referral,0
U03081,2026-08-29 06:06,Direct,0
U03081,2026-08-30 11:54,Organic Search,0
U03081,2026-09-02 04:48,Referral,0
U03081,2026-09-02 23:34,Paid Search,0
U03081,2026-09-06 05:02,Email,1
U03082,2026-08-07 21:08,Organic Search,0
U03083,2026-08-26 04:53,Display,0
U03083,2026-08-29 07:43,Paid Search,0
U03083,2026-09-05 13:01,Direct,0
U03083,2026-09-06 17:45,Email,1
U03084,2026-09-09 11:06,Paid Search,0
U03084,2026-09-12 02:31,Organic Search,0
U03084,2026-09-14 11:54,Organic Search,0
U03085,2026-08-30 04:02,Direct,0
U03085,2026-09-02 05:42,Social,0
U03085,2026-09-03 04:55,Email,0
U03085,2026-09-07 06:53,Social,1
U03086,2026-08-01 18:01,Organic Search,0
U03086,2026-08-03 18:40,Organic Search,0
U03087,2026-09-13 18:44,Paid Search,0
U03088,2026-08-17 11:06,Display,0
U03088,2026-08-20 01:50,Paid Search,1
U03089,2026-08-03 13:31,Email,0
U03089,2026-08-04 02:21,Paid Search,0
U03089,2026-08-05 00:52,Paid Search,0
U03089,2026-08-06 19:14,Direct,0
U03090,2026-09-09 06:22,Social,0
U03091,2026-08-23 11:14,Organic Search,0
U03091,2026-08-24 15:43,Paid Search,0
U03091,2026-08-26 09:53,Paid Search,0
U03092,2026-08-31 13:31,Display,0
U03092,2026-09-03 09:55,Organic Search,1
U03093,2026-08-01 11:41,Organic Search,0
U03093,2026-08-03 13:23,Email,0
U03093,2026-08-14 23:23,Paid Search,1
U03094,2026-09-07 20:21,Display,0
U03094,2026-09-20 12:43,Paid Search,0
U03094,2026-09-21 18:10,Email,1
U03095,2026-08-03 13:08,Paid Search,0
U03095,2026-08-04 02:08,Display,0
U03095,2026-08-06 09:43,Paid Search,1
U03096,2026-08-28 23:52,Display,0
U03096,2026-08-31 09:52,Social,0
U03096,2026-09-01 06:44,Direct,0
U03096,2026-09-01 09:22,Referral,0
U03097,2026-09-01 10:13,Paid Search,0
U03097,2026-09-04 03:30,Email,0
U03097,2026-09-12 03:14,Organic Search,1
U03098,2026-09-11 23:45,Social,0
U03099,2026-08-15 21:49,Organic Search,0
U03099,2026-08-17 05:21,Display,1
U03100,2026-09-04 16:24,Display,0
U03101,2026-08-27 20:54,Social,0
U03101,2026-08-30 17:19,Paid Search,0
U03101,2026-08-31 02:44,Paid Search,0
U03102,2026-09-08 13:50,Social,0
U03102,2026-09-09 03:55,Organic Search,0
U03102,2026-09-12 08:46,Email,0
U03103,2026-08-23 00:57,Display,0
U03104,2026-08-17 06:26,Direct,0
U03104,2026-08-18 04:35,Direct,0
U03105,2026-08-04 15:50,Organic Search,0
U03105,2026-08-11 08:37,Email,0
U03105,2026-08-11 15:18,Organic Search,1
U03106,2026-08-03 16:37,Display,0
U03106,2026-08-06 11:22,Organic Search,1
U03107,2026-08-01 06:59,Direct,0
U03108,2026-08-31 15:31,Social,0
U03109,2026-08-21 23:05,Display,0
U03110,2026-08-07 20:10,Organic Search,0
U03110,2026-08-08 09:02,Paid Search,0
U03110,2026-08-14 17:27,Organic Search,0
U03110,2026-08-16 01:14,Organic Search,0
U03111,2026-08-07 08:39,Organic Search,0
U03111,2026-08-07 14:58,Display,0
U03111,2026-08-09 02:51,Direct,0
U03112,2026-09-02 20:37,Social,0
U03113,2026-08-10 08:37,Display,0
U03113,2026-08-11 02:10,Email,1
U03114,2026-09-09 23:22,Display,0
U03115,2026-08-16 21:14,Paid Search,0
U03115,2026-08-26 05:24,Social,0
U03115,2026-08-29 11:13,Paid Search,0
U03115,2026-08-30 12:14,Referral,0
U03115,2026-08-30 18:35,Paid Search,0
U03115,2026-09-02 23:17,Email,1
U03116,2026-09-08 01:00,Direct,0
U03116,2026-09-08 14:03,Paid Search,0
U03116,2026-09-09 05:14,Display,1
U03117,2026-08-05 11:42,Organic Search,0
U03118,2026-08-08 18:40,Social,0
U03118,2026-08-09 23:11,Organic Search,0
U03119,2026-09-10 21:35,Paid Search,0
U03119,2026-09-11 21:17,Email,0
U03119,2026-09-17 17:17,Direct,0
U03120,2026-08-23 22:23,Referral,0
U03120,2026-08-27 01:33,Social,0
U03120,2026-08-27 12:28,Paid Search,0
U03120,2026-08-29 08:47,Email,0
U03121,2026-09-08 16:05,Organic Search,0
U03121,2026-09-11 07:57,Referral,0
U03122,2026-08-18 13:13,Social,0
U03122,2026-08-23 23:22,Paid Search,0
U03122,2026-08-26 06:51,Direct,0
U03123,2026-08-11 03:41,Paid Search,0
U03123,2026-08-12 18:30,Organic Search,0
U03124,2026-08-26 20:38,Paid Search,0
U03124,2026-08-30 16:29,Paid Search,0
U03124,2026-09-12 08:33,Direct,0
U03124,2026-09-22 21:29,Paid Search,1
U03125,2026-08-08 17:03,Paid Search,0
U03125,2026-08-10 02:45,Social,0
U03125,2026-08-11 01:03,Display,0
U03126,2026-09-03 03:12,Organic Search,0
U03126,2026-09-04 11:19,Email,0
U03127,2026-09-04 23:40,Paid Search,0
U03128,2026-08-06 10:29,Paid Search,0
U03128,2026-08-09 22:48,Organic Search,0
U03128,2026-08-20 02:31,Email,0
U03128,2026-08-22 03:40,Social,0
U03128,2026-08-23 04:58,Organic Search,0
U03129,2026-08-03 07:58,Organic Search,0
U03129,2026-08-05 00:05,Referral,0
U03130,2026-08-20 23:11,Social,0
U03130,2026-08-23 09:06,Email,0
U03131,2026-08-17 05:47,Paid Search,0
U03131,2026-08-19 02:40,Paid Search,0
U03132,2026-08-03 17:27,Direct,0
U03133,2026-08-24 00:00,Social,0
U03134,2026-09-13 01:13,Paid Search,0
U03135,2026-08-09 02:24,Social,0
U03135,2026-08-12 05:51,Organic Search,0
U03135,2026-08-12 12:53,Direct,0
U03136,2026-08-02 17:45,Organic Search,0
U03137,2026-08-25 08:29,Display,0
U03137,2026-08-27 23:24,Paid Search,0
U03137,2026-08-28 20:24,Organic Search,0
U03137,2026-08-29 14:06,Direct,0
U03138,2026-08-22 05:29,Social,0
U03138,2026-08-22 10:51,Social,0
U03138,2026-08-24 13:15,Paid Search,0
U03138,2026-08-28 05:04,Organic Search,0
U03138,2026-08-31 11:20,Display,0
U03138,2026-09-05 11:10,Paid Search,0
U03138,2026-09-06 12:08,Direct,0
U03139,2026-08-10 11:45,Paid Search,0
U03140,2026-08-17 08:39,Social,0
U03141,2026-08-24 15:46,Display,0
U03142,2026-08-25 06:35,Social,0
U03142,2026-09-01 13:40,Social,0
U03142,2026-09-05 12:08,Email,0
U03143,2026-08-31 06:09,Organic Search,0
U03143,2026-08-31 14:20,Direct,0
U03144,2026-08-02 23:08,Direct,0
U03144,2026-08-05 09:18,Paid Search,0
U03144,2026-08-07 21:58,Paid Search,0
U03145,2026-08-17 07:30,Social,0
U03145,2026-08-21 09:28,Direct,0
U03145,2026-08-23 09:29,Social,0
U03145,2026-08-24 12:32,Social,0
U03146,2026-08-16 22:13,Organic Search,0
U03147,2026-09-09 23:37,Organic Search,0
U03147,2026-09-10 10:16,Organic Search,0
U03147,2026-09-10 17:17,Organic Search,0
U03148,2026-08-22 22:35,Direct,0
U03149,2026-08-30 13:22,Social,0
U03150,2026-08-17 10:48,Display,0
U03150,2026-08-27 14:09,Direct,0
U03151,2026-08-10 13:28,Display,0
U03151,2026-08-14 21:03,Social,0
U03152,2026-09-01 09:06,Organic Search,0
U03152,2026-09-03 07:08,Referral,0
U03153,2026-08-29 03:34,Paid Search,0
U03153,2026-09-01 06:39,Display,0
U03153,2026-09-05 02:27,Email,0
U03154,2026-08-10 10:21,Social,0
U03155,2026-08-24 06:56,Paid Search,0
U03155,2026-08-25 12:54,Email,0
U03156,2026-08-04 06:47,Organic Search,0
U03156,2026-08-05 11:06,Organic Search,0
U03157,2026-08-08 00:25,Email,0
U03157,2026-08-11 21:53,Paid Search,0
U03158,2026-08-10 07:37,Display,0
U03158,2026-08-10 08:08,Paid Search,1
U03159,2026-08-29 02:45,Display,0
U03159,2026-09-03 11:57,Referral,0
U03160,2026-08-08 15:01,Social,0
U03160,2026-08-12 05:35,Paid Search,0
U03160,2026-08-12 12:15,Display,0
U03160,2026-08-16 09:21,Social,1
U03161,2026-09-01 04:11,Referral,0
U03161,2026-09-05 11:25,Paid Search,0
U03162,2026-08-16 15:48,Paid Search,0
U03163,2026-09-11 02:22,Organic Search,0
U03163,2026-09-11 02:45,Display,0
U03163,2026-09-11 07:45,Paid Search,0
U03163,2026-09-15 23:37,Organic Search,0
U03163,2026-09-17 02:06,Email,0
U03163,2026-09-17 09:59,Email,0
U03163,2026-09-18 09:25,Social,0
U03164,2026-09-03 10:54,Social,0
U03165,2026-08-21 23:14,Paid Search,0
U03165,2026-08-23 01:06,Display,0
U03166,2026-09-10 04:51,Social,0
U03166,2026-09-11 23:41,Referral,0
U03166,2026-09-15 21:26,Direct,0
U03166,2026-09-19 06:07,Paid Search,0
U03166,2026-09-27 15:44,Direct,0
U03166,2026-10-02 02:48,Email,0
U03167,2026-09-05 11:52,Display,0
U03168,2026-08-06 09:19,Social,0
U03169,2026-09-14 01:29,Organic Search,0
U03169,2026-09-15 12:57,Social,0
U03169,2026-09-15 22:11,Referral,0
U03170,2026-08-16 22:33,Direct,0
U03170,2026-08-17 02:10,Direct,0
U03171,2026-08-21 19:01,Social,0
U03171,2026-08-29 17:28,Organic Search,0
U03171,2026-09-06 09:03,Email,0
U03171,2026-09-08 16:59,Direct,0
U03172,2026-08-25 13:00,Social,0
U03173,2026-09-06 00:53,Paid Search,0
U03174,2026-09-02 07:48,Organic Search,0
U03174,2026-09-05 11:35,Email,0
U03174,2026-09-08 20:20,Social,0
U03174,2026-09-09 20:06,Paid Search,1
U03175,2026-09-04 22:11,Paid Search,0
U03175,2026-09-06 06:37,Direct,0
U03175,2026-09-10 15:42,Direct,0
U03175,2026-09-10 23:15,Organic Search,0
U03175,2026-09-19 04:46,Organic Search,0
U03175,2026-09-22 23:26,Organic Search,0
U03175,2026-09-23 06:12,Organic Search,0
U03175,2026-09-23 11:37,Paid Search,0
U03176,2026-09-02 06:45,Organic Search,0
U03176,2026-09-07 18:46,Direct,0
U03177,2026-09-14 12:52,Social,0
U03178,2026-08-30 14:46,Display,0
U03178,2026-09-02 22:29,Email,0
U03178,2026-09-07 16:27,Organic Search,0
U03178,2026-09-09 09:50,Organic Search,0
U03178,2026-09-09 23:41,Display,0
U03178,2026-09-15 02:02,Organic Search,0
U03179,2026-09-04 00:54,Social,0
U03180,2026-08-06 10:46,Social,0
U03180,2026-08-11 16:02,Email,0
U03181,2026-08-01 19:23,Referral,0
U03181,2026-08-04 03:56,Paid Search,0
U03181,2026-08-04 09:23,Paid Search,0
U03181,2026-08-07 18:00,Social,0
U03181,2026-08-09 13:31,Organic Search,0
U03181,2026-08-11 00:50,Paid Search,1
U03182,2026-08-12 05:59,Paid Search,0
U03183,2026-08-31 13:10,Organic Search,0
U03183,2026-09-01 18:17,Organic Search,0
U03183,2026-09-03 02:49,Organic Search,0
U03184,2026-08-22 00:28,Organic Search,0
U03185,2026-09-11 20:29,Paid Search,0
U03185,2026-09-13 16:45,Paid Search,0
U03185,2026-09-18 00:14,Referral,1
U03186,2026-08-27 03:58,Social,0
U03186,2026-08-27 15:44,Direct,0
U03186,2026-08-27 15:45,Direct,0
U03186,2026-08-27 18:48,Direct,0
U03187,2026-08-01 04:02,Display,0
U03187,2026-08-02 00:27,Organic Search,0
U03187,2026-08-05 13:05,Paid Search,0
U03188,2026-08-31 13:59,Social,0
U03188,2026-09-01 15:22,Direct,0
U03188,2026-09-04 05:07,Paid Search,0
U03188,2026-09-04 18:33,Social,0
U03188,2026-09-07 21:04,Email,0
U03188,2026-09-09 16:57,Social,1
U03189,2026-09-01 21:45,Social,0
U03189,2026-09-05 08:00,Paid Search,0
U03189,2026-09-07 04:24,Social,0
U03190,2026-09-14 08:07,Direct,0
U03190,2026-09-15 00:37,Organic Search,0
U03190,2026-09-21 23:17,Direct,0
U03191,2026-08-16 02:50,Organic Search,0
U03191,2026-08-19 06:56,Referral,0
U03192,2026-09-10 09:54,Organic Search,0
U03192,2026-09-12 18:09,Paid Search,0
U03193,2026-08-18 22:33,Social,0
U03193,2026-08-19 22:55,Display,0
U03193,2026-08-20 12:39,Organic Search,0
U03193,2026-08-20 13:41,Display,0
U03194,2026-09-13 08:52,Organic Search,0
U03194,2026-09-14 05:43,Email,0
U03194,2026-09-16 13:20,Organic Search,0
U03195,2026-08-21 12:15,Direct,0
U03195,2026-09-04 17:34,Paid Search,0
U03195,2026-09-06 20:41,Social,0
U03195,2026-09-08 01:36,Direct,0
U03195,2026-09-11 09:29,Direct,0
U03195,2026-09-11 11:12,Referral,0
U03195,2026-09-11 16:36,Email,0
U03196,2026-08-03 01:10,Organic Search,0
U03196,2026-08-07 20:46,Email,0
U03197,2026-08-10 14:01,Organic Search,0
U03197,2026-08-11 01:35,Referral,0
U03197,2026-08-12 02:14,Direct,0
U03197,2026-08-12 15:08,Social,0
U03198,2026-09-08 13:05,Referral,0
U03198,2026-09-10 19:01,Paid Search,0
U03198,2026-09-25 08:46,Direct,0
U03199,2026-09-08 09:25,Display,0
U03199,2026-09-09 06:57,Email,0
U03199,2026-09-12 14:47,Direct,0
U03199,2026-09-16 17:25,Social,0
U03200,2026-08-03 01:28,Direct,0
U03200,2026-08-03 04:08,Paid Search,0
U03200,2026-08-05 14:08,Paid Search,0
U03200,2026-08-08 21:17,Paid Search,0
U03200,2026-08-11 10:40,Paid Search,0
U03200,2026-08-14 02:06,Organic Search,1
U03201,2026-08-27 21:30,Display,0
U03202,2026-08-09 09:42,Organic Search,0
U03202,2026-08-09 12:29,Organic Search,0
U03202,2026-08-14 09:02,Organic Search,0
U03202,2026-08-15 06:59,Paid Search,0
U03203,2026-09-06 07:45,Organic Search,0
U03203,2026-09-06 23:20,Email,0
U03203,2026-09-08 02:53,Paid Search,0
U03203,2026-09-12 11:43,Email,1
U03204,2026-08-31 12:33,Display,0
U03204,2026-09-06 22:48,Organic Search,0
U03205,2026-09-12 14:46,Social,0
U03205,2026-09-15 03:14,Paid Search,0
U03205,2026-09-15 10:24,Paid Search,0
U03205,2026-09-15 11:58,Organic Search,1
U03206,2026-08-11 05:23,Referral,0
U03206,2026-08-11 23:10,Email,0
U03206,2026-08-14 09:18,Organic Search,0
U03206,2026-08-18 09:10,Direct,0
U03207,2026-09-10 08:23,Display,0
U03208,2026-09-10 05:44,Social,0
U03209,2026-08-17 11:05,Display,0
U03210,2026-08-12 08:19,Direct,0
U03210,2026-08-14 11:12,Social,0
U03210,2026-08-15 08:48,Display,0
U03211,2026-08-16 19:38,Referral,0
U03211,2026-08-19 01:43,Referral,0
U03212,2026-08-24 22:13,Direct,0
U03213,2026-09-07 07:59,Social,0
U03213,2026-09-11 21:30,Email,0
U03213,2026-09-13 01:35,Email,1
U03214,2026-08-14 17:31,Paid Search,0
U03215,2026-09-02 13:04,Social,0
U03215,2026-09-02 16:30,Direct,0
U03216,2026-09-03 23:08,Paid Search,0
U03216,2026-09-06 09:01,Paid Search,0
U03217,2026-08-24 15:13,Email,0
U03218,2026-08-18 03:31,Social,0
U03218,2026-08-18 15:19,Direct,0
U03219,2026-09-10 16:14,Social,0
U03220,2026-09-14 02:24,Social,0
U03221,2026-09-02 18:38,Display,0
U03221,2026-09-04 04:01,Email,0
U03222,2026-09-14 06:34,Direct,0
U03223,2026-08-01 08:44,Paid Search,0
U03224,2026-08-05 17:08,Organic Search,0
U03225,2026-08-05 22:00,Social,0
U03225,2026-08-15 00:17,Display,0
U03225,2026-08-16 08:12,Direct,1
U03226,2026-08-02 20:23,Organic Search,0
U03226,2026-08-04 05:19,Social,0
U03226,2026-08-06 10:07,Email,0
U03227,2026-09-13 14:52,Social,0
U03228,2026-08-13 09:10,Referral,0
U03228,2026-08-16 01:12,Email,1
U03229,2026-08-22 15:36,Social,1
U03230,2026-09-01 11:54,Social,0
U03231,2026-09-12 07:34,Display,0
U03231,2026-09-12 15:05,Email,1
U03232,2026-09-10 02:45,Social,0
U03232,2026-09-10 21:19,Display,0
U03233,2026-08-27 04:48,Direct,0
U03234,2026-08-11 02:21,Referral,0
U03235,2026-08-15 10:33,Referral,0
U03235,2026-08-21 10:24,Paid Search,0
U03235,2026-08-22 10:16,Display,0
U03235,2026-08-28 05:27,Email,1
U03236,2026-08-10 18:08,Social,0
U03236,2026-08-12 21:38,Paid Search,1
U03237,2026-08-23 12:03,Social,0
U03238,2026-08-14 11:14,Paid Search,0
U03239,2026-08-26 16:06,Organic Search,0
U03240,2026-08-01 10:32,Social,0
U03240,2026-08-01 17:51,Social,0
U03240,2026-08-04 03:44,Paid Search,0
U03240,2026-08-15 08:11,Display,0
U03240,2026-08-19 12:30,Email,0
U03240,2026-08-21 04:10,Social,1
U03241,2026-08-29 14:09,Organic Search,0
U03241,2026-08-31 13:01,Email,0
U03241,2026-09-02 19:09,Paid Search,0
U03241,2026-09-03 00:50,Display,0
U03242,2026-08-23 14:41,Paid Search,0
U03242,2026-08-31 21:26,Social,0
U03242,2026-09-01 11:19,Email,0
U03242,2026-09-17 19:56,Paid Search,0
U03242,2026-09-18 06:55,Direct,0
U03243,2026-09-10 16:00,Organic Search,0
U03244,2026-08-31 22:33,Display,0
U03244,2026-09-01 01:44,Display,0
U03245,2026-09-03 12:29,Social,0
U03245,2026-09-03 21:52,Email,0
U03245,2026-09-04 06:05,Organic Search,1
U03246,2026-08-09 22:02,Organic Search,0
U03247,2026-08-12 05:18,Display,0
U03247,2026-08-18 19:30,Social,0
U03247,2026-08-22 14:13,Display,0
U03247,2026-08-22 14:48,Paid Search,0
U03247,2026-08-27 04:16,Display,0
U03247,2026-08-28 07:48,Display,0
U03248,2026-08-05 18:13,Organic Search,0
U03248,2026-08-08 01:42,Organic Search,0
U03248,2026-08-08 12:08,Paid Search,0
U03248,2026-08-12 23:03,Organic Search,1
U03249,2026-08-27 09:05,Paid Search,0
U03249,2026-09-03 08:35,Direct,0
U03250,2026-09-04 04:12,Social,1
U03251,2026-08-04 11:06,Display,0
U03251,2026-08-04 13:54,Social,0
U03251,2026-08-07 10:54,Paid Search,0
U03251,2026-08-09 17:13,Paid Search,0
U03251,2026-08-10 15:29,Email,0
U03251,2026-08-15 00:32,Paid Search,0
U03251,2026-08-16 00:43,Paid Search,0
U03251,2026-08-16 17:20,Paid Search,0
U03252,2026-08-26 02:27,Direct,0
U03252,2026-08-26 22:23,Email,0
U03253,2026-08-18 16:53,Social,0
U03254,2026-09-02 01:06,Organic Search,0
U03255,2026-08-10 00:12,Social,0
U03256,2026-08-06 12:42,Organic Search,0
U03256,2026-08-10 03:26,Email,1
U03257,2026-09-10 02:02,Social,0
U03257,2026-09-19 06:47,Email,0
U03257,2026-09-25 12:41,Direct,0
U03257,2026-09-28 09:49,Organic Search,0
U03257,2026-10-05 21:02,Social,1
U03258,2026-09-08 22:50,Display,0
U03258,2026-09-12 07:38,Referral,0
U03258,2026-09-13 13:38,Social,0
U03258,2026-09-15 13:21,Paid Search,0
U03258,2026-09-16 06:01,Paid Search,0
U03258,2026-09-17 00:32,Social,0
U03258,2026-09-17 18:30,Referral,0
U03258,2026-09-22 03:40,Email,0
U03259,2026-08-04 02:51,Organic Search,0
U03259,2026-08-06 22:45,Paid Search,0
U03259,2026-08-13 07:26,Organic Search,0
U03260,2026-08-01 07:31,Social,0
U03261,2026-08-28 04:03,Organic Search,0
U03261,2026-08-28 13:42,Paid Search,0
U03261,2026-08-28 15:35,Organic Search,0
U03261,2026-08-30 10:41,Direct,0
U03261,2026-08-31 17:03,Organic Search,1
U03262,2026-08-05 23:46,Paid Search,0
U03262,2026-08-07 01:57,Paid Search,0
U03263,2026-08-13 03:08,Social,0
U03263,2026-08-16 22:02,Organic Search,0
U03263,2026-08-17 16:26,Email,0
U03264,2026-09-13 10:19,Social,0
U03265,2026-08-22 03:29,Organic Search,0
U03265,2026-08-23 00:00,Paid Search,0
U03265,2026-08-27 12:17,Organic Search,0
U03265,2026-08-30 08:25,Organic Search,0
U03266,2026-09-14 03:00,Display,0
U03266,2026-09-17 06:37,Organic Search,0
U03267,2026-09-06 02:33,Organic Search,0
U03267,2026-09-07 18:47,Social,0
U03267,2026-09-13 06:29,Paid Search,0
U03267,2026-09-16 22:56,Email,1
U03268,2026-08-04 21:13,Social,0
U03268,2026-08-08 12:54,Social,0
U03268,2026-08-14 15:34,Direct,0
U03268,2026-08-19 13:55,Referral,1
U03269,2026-08-05 01:45,Organic Search,0
U03270,2026-09-07 17:24,Social,0
U03271,2026-08-15 20:07,Display,0
U03272,2026-08-26 21:24,Direct,0
U03272,2026-08-27 15:27,Email,0
U03272,2026-09-07 09:43,Direct,0
U03272,2026-09-08 23:13,Social,0
U03272,2026-09-09 00:06,Organic Search,0
U03272,2026-09-16 09:22,Display,1
U03273,2026-09-06 03:51,Social,0
U03274,2026-08-19 10:16,Referral,0
U03275,2026-08-20 04:57,Direct,0
U03275,2026-08-22 14:35,Referral,0
U03276,2026-08-01 11:14,Social,0
U03277,2026-08-22 18:28,Direct,0
U03277,2026-08-26 00:09,Direct,0
U03278,2026-08-04 19:37,Social,0
U03278,2026-08-07 20:33,Email,0
U03278,2026-08-07 21:26,Direct,0
U03278,2026-08-14 02:45,Display,0
U03278,2026-08-15 01:58,Organic Search,0
U03279,2026-08-19 15:59,Referral,0
U03280,2026-09-05 14:59,Social,0
U03281,2026-08-19 13:43,Organic Search,0
U03281,2026-08-26 09:28,Organic Search,0
U03281,2026-08-28 02:37,Paid Search,0
U03281,2026-09-01 04:41,Direct,0
U03282,2026-09-13 02:30,Display,0
U03282,2026-09-13 14:27,Direct,1
U03283,2026-08-28 06:23,Paid Search,0
U03284,2026-08-26 03:18,Social,0
U03285,2026-08-17 12:57,Social,0
U03285,2026-08-24 12:06,Paid Search,0
U03286,2026-08-15 07:00,Social,0
U03286,2026-08-20 12:57,Organic Search,0
U03286,2026-08-24 02:31,Referral,0
U03287,2026-08-19 01:53,Direct,0
U03288,2026-09-11 23:18,Paid Search,0
U03288,2026-09-19 19:32,Email,1
U03289,2026-09-05 18:54,Social,0
U03290,2026-09-07 02:25,Social,0
U03291,2026-09-04 17:03,Organic Search,0
U03291,2026-09-04 22:35,Paid Search,0
U03292,2026-08-09 19:41,Organic Search,0
U03292,2026-08-15 07:54,Direct,0
U03292,2026-08-17 07:11,Direct,0
U03293,2026-08-08 08:55,Direct,0
U03293,2026-08-08 11:05,Organic Search,0
U03293,2026-08-10 11:32,Social,0
U03293,2026-08-21 03:26,Paid Search,0
U03293,2026-08-22 05:45,Organic Search,0
U03293,2026-08-24 01:41,Display,0
U03293,2026-08-27 00:16,Organic Search,0
U03293,2026-08-27 11:23,Social,0
U03294,2026-09-14 06:44,Email,0
U03294,2026-09-15 03:32,Organic Search,0
U03295,2026-08-16 21:09,Organic Search,0
U03296,2026-09-12 14:29,Organic Search,0
U03296,2026-09-12 14:57,Organic Search,1
U03297,2026-08-17 08:17,Display,0
U03297,2026-08-19 08:35,Social,0
U03297,2026-08-23 07:02,Direct,0
U03297,2026-08-24 07:01,Social,0
U03297,2026-08-27 23:58,Paid Search,0
U03297,2026-09-04 00:10,Display,1
U03298,2026-08-27 18:49,Display,0
U03298,2026-08-28 20:41,Paid Search,0
U03298,2026-09-06 02:06,Email,0
U03298,2026-09-06 02:40,Paid Search,0
U03299,2026-09-03 08:54,Social,0
U03300,2026-09-13 04:10,Paid Search,0
U03301,2026-08-24 13:43,Paid Search,0
U03301,2026-08-26 07:09,Organic Search,0
U03302,2026-09-02 04:23,Display,0
U03302,2026-09-05 16:05,Display,0
U03302,2026-09-06 07:41,Paid Search,0
U03302,2026-09-11 04:44,Direct,0
U03302,2026-09-11 07:03,Paid Search,0
U03302,2026-09-15 13:55,Organic Search,0
U03302,2026-09-20 03:08,Direct,1
U03303,2026-09-09 06:36,Direct,0
U03304,2026-09-10 14:10,Paid Search,0
U03304,2026-09-11 07:12,Paid Search,0
U03305,2026-08-18 03:02,Paid Search,0
U03305,2026-08-20 03:35,Social,0
U03306,2026-09-05 03:08,Paid Search,0
U03306,2026-09-14 03:27,Social,0
U03307,2026-09-12 01:15,Social,0
U03307,2026-09-13 05:56,Email,0
U03307,2026-09-13 06:01,Display,0
U03308,2026-08-19 00:27,Paid Search,0
U03308,2026-08-23 01:15,Email,0
U03309,2026-08-06 02:16,Display,0
U03310,2026-09-07 12:37,Display,0
U03310,2026-09-07 20:33,Referral,1
U03311,2026-08-13 01:25,Referral,0
U03311,2026-08-15 04:07,Email,0
U03312,2026-09-11 19:42,Social,0
U03313,2026-08-24 23:34,Organic Search,0
U03313,2026-08-26 09:13,Organic Search,0
U03313,2026-08-26 18:51,Organic Search,0
U03313,2026-08-28 09:17,Direct,0
U03314,2026-08-28 17:56,Organic Search,0
U03314,2026-08-30 05:01,Referral,0
U03315,2026-08-07 14:52,Organic Search,0
U03316,2026-08-05 23:35,Organic Search,0
U03316,2026-08-06 23:59,Display,0
U03316,2026-08-07 03:53,Email,1
U03317,2026-08-19 10:49,Paid Search,0
U03317,2026-08-21 10:34,Organic Search,0
U03317,2026-08-21 20:56,Paid Search,0
U03317,2026-08-22 07:16,Paid Search,0
U03317,2026-08-29 06:25,Direct,0
U03317,2026-08-31 22:12,Referral,0
U03317,2026-09-02 09:49,Direct,1
U03318,2026-08-19 20:08,Direct,0
U03318,2026-08-22 15:22,Organic Search,0
U03318,2026-08-23 10:37,Organic Search,0
U03319,2026-09-03 15:28,Email,0
U03319,2026-09-07 05:36,Display,0
U03320,2026-08-07 01:20,Organic Search,0
U03320,2026-08-09 04:57,Direct,0
U03321,2026-08-22 13:54,Social,0
U03321,2026-08-23 12:02,Email,0
U03321,2026-08-27 10:39,Social,0
U03322,2026-09-11 11:21,Direct,0
U03322,2026-09-13 06:48,Organic Search,0
U03323,2026-09-04 16:43,Organic Search,0
U03323,2026-09-06 21:32,Direct,0
U03323,2026-09-10 21:06,Paid Search,0
U03323,2026-09-10 21:31,Direct,0
U03324,2026-08-07 01:39,Display,0
U03324,2026-08-11 21:34,Paid Search,0
U03324,2026-08-13 12:01,Display,0
U03324,2026-08-31 11:49,Social,0
U03325,2026-09-10 08:24,Organic Search,0
U03325,2026-09-13 23:33,Direct,0
U03325,2026-09-20 16:35,Direct,0
U03325,2026-09-20 20:06,Direct,0
U03325,2026-10-03 17:59,Organic Search,0
U03325,2026-10-10 09:00,Email,0
U03325,2026-10-13 11:29,Organic Search,0
U03325,2026-10-25 10:37,Paid Search,1
U03326,2026-08-23 10:39,Display,0
U03326,2026-08-23 17:44,Paid Search,0
U03326,2026-08-24 10:31,Paid Search,0
U03326,2026-08-26 12:28,Social,0
U03327,2026-08-28 19:45,Direct,0
U03327,2026-08-29 03:30,Email,0
U03328,2026-08-15 05:24,Organic Search,0
U03328,2026-08-20 16:51,Email,1
U03329,2026-08-24 07:45,Direct,0
U03329,2026-08-24 23:39,Organic Search,0
U03329,2026-08-25 07:57,Direct,0
U03329,2026-08-25 09:34,Paid Search,0
U03329,2026-08-26 12:58,Direct,0
U03329,2026-08-26 13:03,Direct,1
U03330,2026-08-09 11:56,Social,0
U03330,2026-08-13 18:53,Direct,0
U03331,2026-08-26 17:58,Display,0
U03332,2026-09-13 19:45,Organic Search,0
U03332,2026-09-20 10:34,Direct,0
U03332,2026-09-21 00:22,Paid Search,0
U03332,2026-09-26 02:13,Email,0
U03333,2026-08-02 12:21,Social,0
U03333,2026-08-02 13:18,Social,0
U03334,2026-08-12 12:22,Organic Search,0
U03334,2026-08-12 19:16,Paid Search,0
U03334,2026-08-16 13:28,Paid Search,0
U03334,2026-08-17 23:59,Social,0
U03335,2026-08-08 13:47,Referral,0
U03335,2026-08-09 19:22,Email,0
U03336,2026-09-11 00:15,Social,0
U03337,2026-09-08 13:12,Organic Search,0
U03337,2026-09-15 23:45,Social,0
U03337,2026-09-19 18:56,Email,0
U03337,2026-09-20 19:22,Display,0
U03337,2026-09-23 11:14,Paid Search,0
U03338,2026-08-22 11:03,Display,0
U03338,2026-08-22 22:23,Paid Search,0
U03339,2026-08-11 12:30,Organic Search,0
U03339,2026-08-12 19:37,Direct,0
U03339,2026-08-13 03:49,Email,0
U03340,2026-09-14 13:53,Social,0
U03340,2026-09-18 14:48,Email,0
U03340,2026-09-22 11:55,Referral,0
U03340,2026-09-24 00:41,Direct,0
U03341,2026-08-03 06:35,Organic Search,0
U03341,2026-08-03 08:34,Direct,1
U03342,2026-09-03 23:07,Organic Search,0
U03342,2026-09-04 07:27,Email,0
U03343,2026-09-01 07:23,Social,0
U03343,2026-09-09 07:34,Paid Search,0
U03343,2026-09-14 18:47,Direct,0
U03343,2026-09-18 08:30,Paid Search,0
U03344,2026-08-21 23:26,Organic Search,0
U03344,2026-08-28 21:40,Paid Search,0
U03344,2026-08-29 15:43,Organic Search,0
U03344,2026-08-30 23:54,Display,0
U03344,2026-09-04 20:32,Display,1
U03345,2026-08-19 16:53,Social,0
U03345,2026-08-20 08:15,Email,0
U03346,2026-08-12 06:51,Email,0
U03346,2026-08-17 16:25,Organic Search,0
U03346,2026-08-19 19:12,Paid Search,0
U03347,2026-09-14 16:23,Paid Search,0
U03347,2026-09-21 15:56,Direct,0
U03348,2026-08-07 12:52,Paid Search,0
U03349,2026-08-15 12:17,Display,0
U03350,2026-08-02 09:33,Direct,0
U03350,2026-08-03 04:07,Social,0
U03351,2026-08-24 12:16,Direct,0
U03352,2026-08-29 06:39,Direct,0
U03352,2026-08-30 03:34,Direct,0
U03353,2026-08-13 14:36,Display,0
U03353,2026-08-14 21:01,Paid Search,0
U03354,2026-08-12 19:11,Referral,0
U03355,2026-08-12 04:07,Social,0
U03356,2026-08-17 10:35,Display,0
U03356,2026-08-18 20:12,Paid Search,0
U03356,2026-08-19 04:50,Direct,1
U03357,2026-08-20 19:49,Referral,0
U03357,2026-08-26 18:28,Paid Search,1
U03358,2026-08-28 20:00,Organic Search,0
U03358,2026-08-31 08:38,Display,0
U03358,2026-09-01 22:27,Email,0
U03359,2026-08-16 15:24,Social,0
U03359,2026-08-16 19:50,Direct,0
U03360,2026-08-09 18:37,Organic Search,0
U03361,2026-08-16 16:42,Social,0
U03362,2026-08-13 22:13,Direct,0
U03363,2026-08-18 14:27,Referral,0
U03364,2026-08-03 23:44,Social,0
U03364,2026-08-04 06:37,Social,0
U03364,2026-08-04 19:37,Organic Search,0
U03364,2026-08-09 11:42,Email,0
U03365,2026-08-31 04:21,Direct,0
U03366,2026-08-26 07:28,Organic Search,0
U03367,2026-09-01 10:03,Organic Search,0
U03368,2026-09-03 18:05,Display,0
U03368,2026-09-03 23:14,Email,0
U03369,2026-08-29 14:21,Paid Search,0
U03369,2026-09-01 13:29,Paid Search,0
U03369,2026-09-02 12:36,Organic Search,0
U03369,2026-09-02 19:00,Social,0
U03369,2026-09-03 00:12,Paid Search,0
U03369,2026-09-03 15:34,Organic Search,0
U03369,2026-09-09 14:26,Paid Search,0
U03370,2026-09-05 05:41,Direct,0
U03370,2026-09-06 20:54,Email,0
U03370,2026-09-08 23:25,Organic Search,0
U03370,2026-09-09 20:16,Email,0
U03370,2026-09-13 21:16,Email,0
U03371,2026-08-23 13:52,Social,0
U03372,2026-08-08 12:37,Organic Search,0
U03372,2026-08-13 12:30,Paid Search,0
U03372,2026-08-14 18:55,Organic Search,0
U03372,2026-08-23 02:02,Email,1
U03373,2026-08-28 03:16,Display,0
U03373,2026-08-28 14:16,Email,0
U03373,2026-09-05 20:22,Organic Search,0
U03373,2026-09-14 17:15,Organic Search,0
U03373,2026-09-16 01:14,Social,0
U03373,2026-09-20 03:53,Paid Search,0
U03373,2026-09-25 07:19,Email,0
U03373,2026-09-28 00:46,Organic Search,0
U03374,2026-08-09 03:02,Display,0
U03374,2026-08-10 13:43,Social,0
U03374,2026-08-11 17:02,Email,0
U03375,2026-08-03 21:06,Display,0
U03375,2026-08-04 20:42,Paid Search,0
U03375,2026-08-05 09:02,Paid Search,0
U03375,2026-08-05 09:05,Paid Search,0
U03375,2026-08-08 00:25,Direct,0
U03375,2026-08-08 18:35,Direct,0
U03375,2026-08-12 13:48,Direct,0
U03375,2026-08-12 14:03,Paid Search,1
U03376,2026-08-25 14:27,Organic Search,0
U03377,2026-08-13 11:00,Direct,0
U03378,2026-08-14 04:56,Paid Search,0
U03379,2026-09-10 21:23,Social,0
U03379,2026-09-11 15:31,Direct,0
U03380,2026-08-11 12:00,Paid Search,0
U03381,2026-09-08 02:52,Organic Search,0
U03381,2026-09-08 18:41,Paid Search,0
U03382,2026-08-06 00:44,Direct,0
U03382,2026-08-06 21:09,Social,0
U03383,2026-08-15 17:22,Referral,0
U03384,2026-08-19 17:42,Email,0
U03384,2026-08-27 02:23,Email,0
U03384,2026-08-31 23:01,Social,1
U03385,2026-08-09 18:08,Organic Search,0
U03385,2026-08-11 05:37,Organic Search,0
U03386,2026-08-06 18:20,Paid Search,0
U03386,2026-08-07 21:05,Paid Search,0
U03387,2026-08-10 02:17,Organic Search,0
U03388,2026-08-22 00:59,Display,0
U03389,2026-08-10 15:33,Display,0
U03389,2026-08-13 19:39,Email,0
U03389,2026-08-16 08:35,Social,0
U03389,2026-08-16 13:38,Display,0
U03390,2026-09-14 13:39,Social,0
U03391,2026-08-24 19:12,Organic Search,0
U03391,2026-08-25 17:51,Paid Search,0
U03392,2026-08-31 11:01,Display,0
U03392,2026-09-04 06:24,Email,0
U03393,2026-08-05 15:42,Display,0
U03394,2026-09-02 11:54,Paid Search,0
U03395,2026-09-10 18:07,Social,0
U03396,2026-08-27 00:47,Display,0
U03397,2026-08-26 19:43,Organic Search,0
U03397,2026-08-27 14:38,Referral,0
U03397,2026-08-29 06:02,Email,0
U03398,2026-09-05 22:12,Organic Search,0
U03399,2026-08-24 06:17,Email,0
U03399,2026-08-26 19:16,Paid Search,0
U03399,2026-08-29 07:21,Paid Search,0
U03400,2026-08-17 17:17,Social,0
U03401,2026-08-04 01:21,Social,0
U03401,2026-08-05 13:52,Referral,0
U03401,2026-08-07 16:10,Social,0
U03402,2026-09-06 06:15,Social,0
U03403,2026-08-30 10:10,Organic Search,0
U03403,2026-09-02 18:03,Display,0
U03403,2026-09-07 09:24,Organic Search,0
U03403,2026-09-10 01:26,Email,0
U03403,2026-09-14 13:46,Direct,0
U03403,2026-09-15 05:20,Referral,1
U03404,2026-08-27 08:01,Display,0
U03405,2026-08-27 04:24,Organic Search,0
U03406,2026-08-11 04:29,Social,0
U03406,2026-08-13 13:14,Social,0
U03406,2026-08-15 14:36,Paid Search,0
U03406,2026-08-16 15:13,Paid Search,0
U03406,2026-08-16 18:40,Social,1
U03407,2026-08-14 00:26,Paid Search,0
U03408,2026-08-16 06:22,Organic Search,0
U03408,2026-08-20 03:33,Email,0
U03409,2026-08-29 20:36,Display,0
U03410,2026-09-13 06:28,Display,0
U03411,2026-08-29 22:01,Paid Search,0
U03411,2026-08-30 02:45,Display,0
U03412,2026-08-12 04:59,Direct,0
U03412,2026-08-12 10:29,Email,0
U03412,2026-08-14 04:35,Email,0
U03413,2026-08-25 21:37,Direct,0
U03413,2026-08-26 16:40,Email,0
U03413,2026-08-30 21:42,Referral,0
U03413,2026-09-07 21:53,Email,1
U03414,2026-08-19 16:22,Organic Search,0
U03414,2026-08-20 01:37,Direct,0
U03415,2026-08-08 11:47,Organic Search,0
U03416,2026-08-22 10:38,Referral,0
U03417,2026-08-02 08:55,Paid Search,0
U03418,2026-08-02 07:13,Social,0
U03419,2026-08-13 23:20,Display,0
U03419,2026-08-19 04:18,Email,0
U03419,2026-08-20 02:39,Paid Search,0
U03419,2026-08-21 04:13,Display,1
U03420,2026-08-27 17:58,Direct,0
U03420,2026-08-28 11:39,Referral,0
U03420,2026-08-31 00:54,Email,0
U03421,2026-08-20 16:52,Social,0
U03421,2026-08-24 12:50,Social,0
U03421,2026-08-25 01:12,Organic Search,0
U03421,2026-08-27 09:02,Organic Search,0
U03421,2026-08-30 08:09,Organic Search,1
U03422,2026-08-03 09:07,Paid Search,0
U03422,2026-08-08 20:53,Social,0
U03422,2026-08-11 12:49,Direct,1
U03423,2026-08-16 01:14,Display,0
U03423,2026-08-18 01:23,Organic Search,0
U03424,2026-09-04 00:48,Organic Search,0
U03424,2026-09-04 01:19,Social,0
U03424,2026-09-16 13:59,Paid Search,1
U03425,2026-08-19 01:15,Organic Search,0
U03425,2026-08-19 09:28,Email,0
U03426,2026-08-06 00:06,Paid Search,0
U03426,2026-08-06 23:01,Paid Search,0
U03426,2026-08-07 21:18,Organic Search,1
U03427,2026-08-17 18:49,Direct,0
U03428,2026-09-11 19:06,Display,0
U03428,2026-09-21 17:07,Email,0
U03428,2026-09-24 06:34,Email,0
U03428,2026-09-26 21:38,Referral,0
U03429,2026-08-09 04:21,Display,0
U03430,2026-08-23 09:08,Display,0
U03430,2026-08-26 22:25,Social,0
U03430,2026-09-02 11:02,Display,0
U03430,2026-09-05 19:47,Social,0
U03430,2026-09-16 00:37,Email,0
U03430,2026-09-18 01:17,Social,1
U03431,2026-08-16 16:20,Direct,0
U03431,2026-08-17 20:40,Social,0
U03431,2026-08-20 14:00,Display,0
U03431,2026-08-21 14:56,Organic Search,0
U03431,2026-08-22 08:39,Email,1
U03432,2026-08-10 06:12,Organic Search,0
U03432,2026-08-11 23:26,Social,0
U03433,2026-08-17 04:16,Display,0
U03433,2026-08-17 22:23,Email,1
U03434,2026-08-06 22:00,Direct,0
U03435,2026-08-24 20:23,Paid Search,0
U03436,2026-08-19 07:16,Direct,0
U03437,2026-08-28 22:18,Display,0
U03437,2026-08-29 21:53,Email,0
U03437,2026-09-02 18:53,Email,0
U03437,2026-09-08 01:29,Social,0
U03437,2026-09-11 00:25,Email,1
U03438,2026-08-26 10:08,Display,0
U03438,2026-08-26 22:40,Email,0
U03439,2026-08-20 09:39,Social,0
U03439,2026-08-21 13:06,Social,0
U03439,2026-08-31 20:37,Direct,1
U03440,2026-09-07 10:26,Referral,1
U03441,2026-08-21 23:33,Social,0
U03441,2026-08-24 02:12,Display,0
U03441,2026-08-26 18:14,Paid Search,0
U03442,2026-08-13 14:08,Organic Search,0
U03443,2026-08-09 22:03,Organic Search,0
U03444,2026-09-13 13:57,Display,0
U03445,2026-08-18 02:26,Organic Search,0
U03446,2026-09-02 22:04,Email,0
U03446,2026-09-08 03:55,Email,0
U03446,2026-09-11 00:40,Organic Search,0
U03446,2026-09-13 02:56,Social,0
U03446,2026-09-19 01:51,Paid Search,1
U03447,2026-09-05 22:13,Social,0
U03447,2026-09-06 11:55,Direct,0
U03447,2026-09-06 15:55,Paid Search,0
U03447,2026-09-07 05:16,Email,0
U03447,2026-09-08 06:56,Display,0
U03447,2026-09-10 07:57,Paid Search,1
U03448,2026-08-06 19:16,Direct,0
U03448,2026-08-06 22:13,Direct,0
U03449,2026-08-03 19:57,Display,0
U03450,2026-08-22 01:44,Social,0
U03450,2026-08-24 07:58,Display,0
U03450,2026-08-24 12:53,Organic Search,0
U03450,2026-08-25 05:22,Paid Search,0
U03450,2026-08-25 06:47,Direct,0
U03450,2026-08-26 13:42,Social,0
U03450,2026-08-26 23:19,Paid Search,1
U03451,2026-09-08 15:48,Display,0
U03451,2026-09-12 12:59,Organic Search,0
U03452,2026-08-23 17:00,Direct,0
U03452,2026-08-24 18:03,Paid Search,0
U03453,2026-08-24 01:34,Display,0
U03454,2026-08-23 08:16,Display,0
U03454,2026-08-23 19:15,Organic Search,0
U03454,2026-08-31 07:42,Direct,0
U03455,2026-08-11 00:09,Social,0
U03456,2026-08-27 17:38,Social,0
U03456,2026-08-30 15:31,Paid Search,0
U03457,2026-09-11 03:10,Display,0
U03457,2026-09-22 20:44,Organic Search,0
U03458,2026-09-13 12:46,Organic Search,0
U03458,2026-09-14 12:04,Direct,0
U03459,2026-08-14 12:34,Direct,0
U03459,2026-08-18 11:18,Direct,0
U03459,2026-08-20 06:50,Organic Search,0
U03459,2026-08-24 04:07,Organic Search,0
U03459,2026-08-26 10:40,Email,0
U03460,2026-08-17 03:14,Organic Search,0
U03461,2026-09-03 23:11,Display,0
U03462,2026-09-11 03:31,Social,0
U03463,2026-08-27 22:43,Social,0
U03463,2026-08-28 12:27,Email,0
U03463,2026-08-29 19:57,Email,0
U03463,2026-09-02 05:58,Display,0
U03463,2026-09-03 19:13,Email,0
U03463,2026-09-05 05:43,Social,1
U03464,2026-08-05 08:51,Display,0
U03464,2026-08-11 23:34,Organic Search,0
U03464,2026-08-12 14:40,Social,0
U03464,2026-08-16 00:14,Organic Search,0
U03464,2026-08-16 14:35,Email,0
U03465,2026-08-15 21:25,Social,0
U03465,2026-08-17 00:18,Paid Search,0
U03466,2026-08-26 03:06,Social,1
U03467,2026-08-24 18:30,Social,0
U03468,2026-08-18 09:48,Organic Search,0
U03469,2026-08-01 18:12,Direct,0
U03469,2026-08-02 13:31,Email,0
U03470,2026-08-11 21:58,Display,0
U03470,2026-08-12 09:34,Email,0
U03471,2026-09-09 01:36,Paid Search,0
U03472,2026-08-29 16:52,Email,0
U03473,2026-09-02 22:08,Social,0
U03473,2026-09-03 10:33,Display,0
U03473,2026-09-06 18:36,Paid Search,1
U03474,2026-09-09 01:12,Display,0
U03474,2026-09-09 07:51,Direct,0
U03474,2026-09-10 10:50,Direct,0
U03474,2026-09-11 02:51,Email,0
U03474,2026-09-12 05:21,Direct,0
U03474,2026-09-12 10:06,Organic Search,0
U03474,2026-09-19 07:40,Email,1
U03475,2026-08-22 00:17,Organic Search,0
U03475,2026-08-22 03:30,Social,0
U03475,2026-08-23 05:16,Direct,0
U03476,2026-09-13 15:30,Paid Search,0
U03476,2026-09-14 12:33,Email,0
U03477,2026-09-12 08:42,Paid Search,0
U03478,2026-08-25 00:30,Paid Search,0
U03478,2026-08-30 01:52,Email,0
U03478,2026-09-01 23:15,Paid Search,0
U03478,2026-09-05 16:25,Organic Search,0
U03478,2026-09-07 02:41,Social,1
U03479,2026-09-13 17:23,Referral,0
U03480,2026-08-03 07:49,Email,0
U03481,2026-08-20 07:09,Display,0
U03481,2026-08-30 12:30,Organic Search,0
U03481,2026-08-31 03:06,Email,0
U03481,2026-08-31 03:50,Organic Search,0
U03481,2026-08-31 17:14,Email,0
U03481,2026-09-07 23:33,Paid Search,0
U03481,2026-09-08 06:04,Display,0
U03481,2026-09-08 20:32,Social,0
U03482,2026-08-19 00:43,Display,0
U03482,2026-08-23 21:28,Organic Search,0
U03483,2026-08-23 18:51,Paid Search,0
U03484,2026-08-20 05:19,Social,0
U03485,2026-09-11 03:42,Referral,0
U03486,2026-08-28 04:51,Social,0
U03486,2026-08-30 04:11,Paid Search,0
U03486,2026-09-01 09:32,Display,0
U03487,2026-09-01 05:25,Social,0
U03487,2026-09-03 07:34,Paid Search,0
U03488,2026-08-18 13:31,Paid Search,0
U03489,2026-08-03 22:34,Direct,0
U03489,2026-08-06 05:00,Social,0
U03490,2026-08-19 18:52,Social,0
U03490,2026-08-22 15:55,Email,0
U03491,2026-09-12 14:00,Paid Search,0
U03491,2026-09-15 09:38,Email,0
U03491,2026-09-15 23:12,Direct,1
U03492,2026-08-07 22:22,Organic Search,0
U03492,2026-08-08 06:38,Referral,0
U03492,2026-08-11 15:40,Email,0
U03493,2026-08-24 15:32,Social,0
U03494,2026-08-09 19:01,Organic Search,0
U03495,2026-08-14 06:37,Organic Search,0
U03495,2026-08-19 07:03,Direct,0
U03495,2026-08-24 17:21,Direct,1
U03496,2026-09-06 03:41,Paid Search,0
U03496,2026-09-07 00:54,Display,0
U03496,2026-09-12 16:44,Organic Search,1
U03497,2026-08-10 16:33,Paid Search,1
U03498,2026-09-10 00:53,Social,0
U03499,2026-09-06 17:12,Display,0
U03500,2026-09-13 21:54,Direct,0
U03500,2026-09-16 08:15,Email,0
U03500,2026-09-18 18:55,Social,0
U03500,2026-09-25 01:17,Organic Search,0
U03501,2026-08-10 06:54,Social,0
U03501,2026-08-12 18:03,Paid Search,0
U03501,2026-08-14 23:18,Direct,0
U03502,2026-08-24 02:42,Paid Search,0
U03503,2026-08-18 17:28,Organic Search,0
U03503,2026-08-25 08:27,Social,0
U03504,2026-09-06 12:09,Paid Search,0
U03504,2026-09-06 23:50,Social,1
U03505,2026-08-31 20:29,Email,1
U03506,2026-08-16 23:25,Paid Search,0
U03506,2026-08-17 03:48,Email,0
U03506,2026-08-19 00:38,Social,0
U03506,2026-08-20 06:12,Social,0
U03507,2026-08-17 12:39,Direct,0
U03508,2026-09-11 11:27,Email,0
U03508,2026-09-12 02:56,Paid Search,0
U03508,2026-09-14 00:09,Referral,1
U03509,2026-08-22 10:38,Direct,0
U03510,2026-09-06 12:49,Organic Search,0
U03511,2026-08-12 15:58,Display,0
U03511,2026-08-14 18:41,Email,1
U03512,2026-08-05 17:54,Organic Search,0
U03512,2026-08-15 10:13,Direct,0
U03512,2026-08-20 00:48,Direct,0
U03513,2026-08-04 18:13,Social,0
U03513,2026-08-06 16:11,Display,0
U03514,2026-09-12 06:21,Referral,0
U03514,2026-09-13 11:09,Display,0
U03515,2026-08-26 19:11,Display,0
U03516,2026-09-09 08:01,Referral,0
U03516,2026-09-11 21:18,Organic Search,0
U03517,2026-08-10 23:59,Direct,0
U03518,2026-08-16 17:51,Organic Search,0
U03518,2026-08-17 03:29,Paid Search,0
U03519,2026-09-09 12:35,Social,0
U03520,2026-09-02 03:29,Paid Search,0
U03521,2026-08-19 15:55,Social,0
U03521,2026-08-23 06:02,Paid Search,0
U03522,2026-09-08 20:34,Social,0
U03523,2026-08-17 03:36,Organic Search,0
U03523,2026-08-19 14:20,Direct,0
U03524,2026-09-03 05:41,Organic Search,0
U03525,2026-08-17 22:10,Organic Search,0
U03525,2026-08-26 20:58,Paid Search,0
U03525,2026-09-05 20:44,Paid Search,0
U03526,2026-09-03 12:02,Social,0
U03526,2026-09-04 17:28,Direct,0
U03526,2026-09-08 00:14,Email,0
U03526,2026-09-09 19:26,Display,0
U03526,2026-09-11 12:45,Direct,0
U03526,2026-09-12 04:44,Email,0
U03526,2026-09-14 22:28,Paid Search,1
U03527,2026-08-29 22:23,Organic Search,0
U03528,2026-08-29 00:33,Social,0
U03529,2026-08-28 23:37,Social,0
U03529,2026-08-31 21:19,Direct,0
U03529,2026-09-01 15:26,Paid Search,0
U03530,2026-08-08 05:38,Organic Search,0
U03530,2026-08-09 00:39,Paid Search,0
U03530,2026-08-10 22:58,Direct,0
U03530,2026-08-12 08:04,Display,0
U03530,2026-08-13 04:42,Email,0
U03531,2026-08-03 12:15,Paid Search,0
U03531,2026-08-03 19:04,Email,0
U03532,2026-08-02 00:57,Email,0
U03532,2026-08-02 07:37,Email,0
U03532,2026-08-02 11:02,Paid Search,1
U03533,2026-09-02 05:40,Display,0
U03534,2026-08-01 20:59,Paid Search,0
U03534,2026-08-02 02:31,Referral,0
U03535,2026-09-03 17:04,Paid Search,0
U03535,2026-09-03 19:20,Direct,0
U03535,2026-09-04 23:57,Social,0
U03535,2026-09-05 18:14,Paid Search,0
U03536,2026-08-30 18:48,Display,0
U03536,2026-09-01 19:06,Direct,0
U03536,2026-09-05 07:22,Paid Search,0
U03537,2026-09-08 14:31,Social,0
U03537,2026-09-09 23:18,Direct,0
U03538,2026-08-02 18:07,Referral,0
U03539,2026-08-12 23:01,Direct,0
U03539,2026-08-17 00:30,Organic Search,0
U03540,2026-08-19 12:48,Email,0
U03540,2026-08-27 06:00,Paid Search,0
U03540,2026-08-31 03:22,Direct,0
U03540,2026-09-04 20:53,Organic Search,0
U03540,2026-09-05 06:20,Email,0
U03540,2026-09-09 05:31,Email,0
U03540,2026-09-14 02:41,Direct,0
U03541,2026-09-01 01:57,Organic Search,0
U03541,2026-09-01 13:38,Email,0
U03541,2026-09-01 15:21,Social,0
U03542,2026-08-01 18:07,Organic Search,0
U03542,2026-08-02 08:02,Organic Search,0
U03543,2026-09-03 05:12,Organic Search,0
U03543,2026-09-03 14:47,Email,0
U03544,2026-09-14 18:02,Display,0
U03544,2026-09-18 05:15,Direct,0
U03545,2026-08-06 06:12,Paid Search,0
U03545,2026-08-07 20:37,Paid Search,0
U03545,2026-08-09 03:09,Social,0
U03546,2026-09-14 16:30,Email,0
U03546,2026-09-15 12:31,Direct,0
U03546,2026-09-18 01:50,Direct,0
U03547,2026-08-22 20:03,Display,0
U03547,2026-08-24 03:59,Display,0
U03548,2026-08-02 18:04,Social,0
U03548,2026-08-05 13:48,Paid Search,0
U03549,2026-08-05 06:28,Display,0
U03549,2026-08-09 17:46,Paid Search,0
U03549,2026-08-11 21:21,Paid Search,0
U03550,2026-09-02 17:03,Organic Search,0
U03550,2026-09-04 00:02,Paid Search,0
U03550,2026-09-04 20:03,Paid Search,0
U03551,2026-08-10 21:30,Display,0
U03551,2026-08-12 11:05,Social,0
U03551,2026-08-13 05:31,Direct,0
U03551,2026-08-14 19:53,Organic Search,0
U03552,2026-09-05 17:51,Paid Search,0
U03552,2026-09-07 01:37,Direct,0
U03552,2026-09-09 06:09,Paid Search,0
U03552,2026-09-09 19:22,Direct,0
U03552,2026-09-10 05:24,Direct,0
U03552,2026-09-12 22:41,Email,1
U03553,2026-08-12 02:12,Display,0
U03554,2026-09-05 10:46,Display,0
U03554,2026-09-08 08:48,Organic Search,0
U03555,2026-08-17 05:11,Paid Search,0
U03556,2026-08-27 05:45,Display,0
U03556,2026-08-28 08:06,Display,0
U03557,2026-09-09 10:14,Organic Search,0
U03558,2026-08-17 09:49,Organic Search,0
U03559,2026-08-27 02:03,Organic Search,0
U03560,2026-08-03 00:16,Paid Search,0
U03560,2026-08-05 14:28,Organic Search,0
U03560,2026-08-05 14:59,Social,0
U03560,2026-08-07 08:55,Referral,0
U03560,2026-08-07 18:57,Social,1
U03561,2026-08-01 10:23,Organic Search,0
U03562,2026-09-14 20:22,Organic Search,0
U03562,2026-09-19 15:02,Email,1
U03563,2026-08-07 16:21,Display,0
U03563,2026-08-08 00:46,Paid Search,0
U03563,2026-08-10 10:50,Direct,0
U03563,2026-08-17 22:32,Paid Search,1
U03564,2026-08-30 13:31,Organic Search,0
U03565,2026-09-01 11:59,Display,0
U03565,2026-09-04 11:40,Email,0
U03566,2026-09-11 17:45,Organic Search,0
U03566,2026-09-12 13:26,Email,0
U03567,2026-08-18 13:34,Display,0
U03567,2026-08-18 20:42,Social,0
U03568,2026-08-05 01:50,Display,0
U03568,2026-08-06 13:40,Display,0
U03568,2026-08-07 14:07,Direct,0
U03568,2026-08-08 21:33,Organic Search,0
U03568,2026-08-12 03:35,Organic Search,0
U03568,2026-08-16 08:14,Email,0
U03569,2026-09-04 05:48,Paid Search,0
U03569,2026-09-04 13:20,Organic Search,0
U03569,2026-09-07 08:05,Email,1
U03570,2026-08-24 14:06,Direct,0
U03570,2026-08-25 09:34,Organic Search,0
U03571,2026-09-12 21:41,Direct,0
U03571,2026-09-13 00:01,Direct,0
U03572,2026-09-03 00:32,Social,0
U03572,2026-09-07 09:09,Direct,0
U03572,2026-09-11 03:02,Social,0
U03572,2026-09-11 23:17,Organic Search,0
U03572,2026-09-13 14:17,Organic Search,0
U03572,2026-09-16 04:31,Email,0
U03573,2026-08-16 08:27,Social,0
U03574,2026-09-03 16:47,Organic Search,0
U03575,2026-08-21 00:16,Organic Search,0
U03575,2026-08-24 16:17,Direct,0
U03575,2026-08-26 01:13,Direct,0
U03576,2026-08-27 04:49,Organic Search,0
U03577,2026-08-05 05:42,Paid Search,0
U03578,2026-08-06 01:00,Social,0
U03578,2026-08-08 07:24,Email,0
U03578,2026-08-12 19:01,Email,1
U03579,2026-08-13 09:25,Display,0
U03580,2026-09-01 01:37,Organic Search,0
U03581,2026-08-03 09:15,Referral,0
U03581,2026-08-06 04:45,Organic Search,0
U03581,2026-08-09 17:03,Direct,0
U03581,2026-08-10 05:59,Direct,0
U03581,2026-08-10 23:25,Paid Search,0
U03581,2026-08-12 00:39,Organic Search,0
U03581,2026-08-14 12:08,Organic Search,0
U03581,2026-08-17 18:39,Social,0
U03582,2026-08-18 14:23,Email,0
U03583,2026-08-24 07:19,Display,0
U03583,2026-08-24 10:42,Direct,0
U03583,2026-08-28 21:39,Organic Search,0
U03583,2026-09-04 18:46,Social,1
U03584,2026-08-25 13:02,Social,0
U03584,2026-08-29 08:05,Email,0
U03585,2026-08-04 23:53,Paid Search,0
U03585,2026-08-06 05:27,Social,0
U03585,2026-08-09 21:24,Organic Search,0
U03585,2026-08-10 15:55,Email,1
U03586,2026-08-30 16:43,Organic Search,0
U03587,2026-09-03 00:34,Direct,0
U03588,2026-08-26 00:26,Organic Search,0
U03589,2026-09-01 05:43,Display,0
U03589,2026-09-06 13:36,Direct,0
U03590,2026-09-02 21:52,Social,0
U03590,2026-09-03 22:40,Email,0
U03590,2026-09-11 08:45,Display,0
U03591,2026-08-27 22:56,Paid Search,0
U03591,2026-08-29 04:31,Referral,0
U03591,2026-08-29 17:32,Email,0
U03592,2026-08-19 23:10,Organic Search,0
U03592,2026-08-23 00:11,Referral,0
U03592,2026-08-29 19:17,Organic Search,0
U03592,2026-09-02 10:44,Organic Search,0
U03593,2026-08-02 18:25,Organic Search,1
U03594,2026-08-02 23:55,Display,0
U03594,2026-08-03 00:36,Paid Search,0
U03595,2026-09-07 01:09,Display,0
U03595,2026-09-10 02:32,Paid Search,0
U03595,2026-09-18 09:52,Email,0
U03595,2026-09-22 14:00,Paid Search,0
U03595,2026-09-25 18:04,Direct,0
U03595,2026-10-01 17:34,Social,0
U03596,2026-08-13 07:02,Social,0
U03596,2026-08-16 05:09,Email,1
U03597,2026-08-09 03:29,Social,0
U03598,2026-09-04 00:01,Organic Search,0
U03599,2026-08-06 10:38,Referral,0
U03599,2026-08-08 09:57,Email,0
U03599,2026-08-09 20:14,Email,0
U03600,2026-08-25 08:45,Email,0
U03600,2026-08-28 01:49,Organic Search,0
U03601,2026-09-13 16:03,Display,0
U03601,2026-09-15 12:59,Email,0
U03601,2026-09-21 11:33,Paid Search,0
U03601,2026-09-23 13:18,Paid Search,0
U03602,2026-08-18 00:11,Social,0
U03602,2026-08-20 01:45,Email,0
U03602,2026-08-23 05:03,Referral,0
U03603,2026-08-30 23:14,Display,0
U03603,2026-09-07 13:23,Referral,0
U03603,2026-09-10 01:40,Display,0
U03603,2026-09-12 06:23,Organic Search,0
U03603,2026-09-22 02:36,Organic Search,0
U03604,2026-08-01 16:00,Organic Search,0
U03605,2026-09-09 08:05,Social,0
U03605,2026-09-11 06:22,Email,0
U03605,2026-09-12 23:45,Organic Search,0
U03606,2026-08-06 16:38,Referral,0
U03607,2026-08-06 22:44,Social,0
U03607,2026-08-07 05:54,Paid Search,0
U03607,2026-08-08 00:30,Referral,0
U03607,2026-08-12 23:44,Paid Search,0
U03607,2026-08-20 02:03,Organic Search,0
U03608,2026-09-01 23:29,Direct,0
U03608,2026-09-03 18:27,Direct,0
U03608,2026-09-07 09:54,Social,0
U03608,2026-09-10 14:07,Organic Search,0
U03608,2026-09-11 17:17,Direct,0
U03608,2026-09-12 02:58,Organic Search,0
U03609,2026-08-10 12:33,Referral,0
U03609,2026-08-13 16:02,Paid Search,0
U03610,2026-09-09 01:04,Paid Search,0
U03610,2026-09-10 11:05,Email,0
U03610,2026-09-12 03:02,Referral,0
U03610,2026-09-16 19:03,Paid Search,1
U03611,2026-08-02 00:13,Referral,0
U03611,2026-08-07 02:19,Organic Search,0
U03611,2026-08-07 05:01,Paid Search,1
U03612,2026-09-08 09:46,Social,0
U03612,2026-09-13 02:12,Social,0
U03613,2026-08-25 07:31,Paid Search,0
U03614,2026-08-16 21:32,Display,0
U03614,2026-08-24 11:08,Direct,0
U03614,2026-08-24 21:50,Email,0
U03615,2026-08-10 18:58,Organic Search,0
U03615,2026-08-10 20:58,Email,1
U03616,2026-08-05 21:21,Organic Search,0
U03616,2026-08-06 02:38,Social,0
U03617,2026-08-16 18:20,Social,0
U03617,2026-08-17 02:17,Email,0
U03618,2026-08-13 08:26,Organic Search,0
U03619,2026-09-11 04:48,Display,0
U03620,2026-08-09 00:45,Direct,0
U03621,2026-09-04 22:30,Social,0
U03622,2026-09-11 00:42,Paid Search,0
U03623,2026-08-02 08:08,Paid Search,0
U03623,2026-08-05 06:02,Email,1
U03624,2026-08-04 02:10,Social,0
U03624,2026-08-06 22:11,Referral,0
U03624,2026-08-08 21:33,Email,0
U03625,2026-08-10 13:37,Display,0
U03625,2026-08-12 00:41,Direct,0
U03625,2026-08-13 17:12,Email,1
U03626,2026-09-04 14:46,Paid Search,0
U03626,2026-09-04 21:09,Organic Search,0
U03626,2026-09-08 17:14,Paid Search,0
U03626,2026-09-09 06:03,Organic Search,1
U03627,2026-08-17 10:41,Social,0
U03627,2026-08-17 20:49,Social,0
U03628,2026-08-27 23:18,Social,0
U03628,2026-08-28 16:08,Direct,0
U03629,2026-09-03 17:50,Display,0
U03629,2026-09-04 14:38,Direct,0
U03629,2026-09-05 07:38,Paid Search,0
U03629,2026-09-05 12:30,Paid Search,1
U03630,2026-08-11 20:46,Social,0
U03631,2026-08-13 03:48,Social,0
U03631,2026-08-17 08:31,Email,0
U03631,2026-08-21 07:36,Social,0
U03631,2026-08-22 18:45,Social,0
U03631,2026-08-27 11:13,Social,0
U03631,2026-08-28 00:27,Display,1
U03632,2026-09-09 14:55,Display,0
U03633,2026-08-03 18:51,Paid Search,0
U03633,2026-08-04 13:12,Social,1
U03634,2026-08-28 23:34,Social,0
U03634,2026-09-02 03:50,Direct,0
U03634,2026-09-05 07:19,Paid Search,0
U03635,2026-08-25 00:35,Paid Search,0
U03635,2026-08-26 22:57,Organic Search,0
U03635,2026-09-01 00:30,Direct,0
U03635,2026-09-01 10:53,Paid Search,0
U03635,2026-09-01 16:21,Email,0
U03636,2026-08-30 13:41,Organic Search,0
U03636,2026-09-02 12:23,Email,0
U03636,2026-09-06 06:58,Direct,1
U03637,2026-08-08 16:39,Organic Search,0
U03638,2026-08-20 12:23,Social,0
U03639,2026-08-24 02:19,Referral,0
U03640,2026-08-30 00:55,Organic Search,0
U03641,2026-09-14 13:47,Social,0
U03642,2026-08-20 04:33,Referral,0
U03642,2026-08-24 03:23,Email,0
U03642,2026-08-24 17:05,Paid Search,0
U03642,2026-08-24 21:50,Social,0
U03643,2026-08-29 00:36,Display,0
U03643,2026-08-30 01:23,Organic Search,0
U03644,2026-09-14 08:05,Paid Search,0
U03644,2026-09-15 00:46,Paid Search,0
U03644,2026-09-20 06:35,Display,0
U03644,2026-09-20 22:19,Paid Search,0
U03644,2026-09-21 19:02,Paid Search,0
U03644,2026-09-21 20:04,Paid Search,0
U03644,2026-09-22 06:14,Paid Search,1
U03645,2026-08-26 06:56,Display,0
U03646,2026-08-05 14:15,Display,0
U03646,2026-08-05 21:45,Organic Search,0
U03646,2026-08-07 02:37,Email,0
U03646,2026-08-13 16:10,Direct,0
U03646,2026-08-18 11:56,Social,0
U03646,2026-08-20 11:38,Email,0
U03646,2026-08-25 16:06,Social,0
U03647,2026-08-31 21:24,Organic Search,0
U03647,2026-09-01 13:15,Social,0
U03647,2026-09-03 04:55,Direct,0
U03647,2026-09-05 18:00,Display,0
U03648,2026-08-09 12:45,Paid Search,0
U03648,2026-08-12 09:58,Direct,0
U03648,2026-08-12 20:17,Paid Search,0
U03649,2026-08-24 09:47,Social,0
U03649,2026-08-24 17:25,Social,0
U03649,2026-08-24 20:24,Organic Search,0
U03649,2026-08-25 05:04,Organic Search,0
U03649,2026-08-25 08:59,Email,0
U03649,2026-08-27 06:47,Direct,0
U03649,2026-08-28 10:06,Referral,0
U03650,2026-08-07 16:02,Display,0
U03651,2026-08-02 19:37,Referral,0
U03652,2026-08-12 05:20,Social,0
U03652,2026-08-12 16:41,Social,0
U03653,2026-09-10 17:03,Organic Search,0
U03654,2026-09-07 01:45,Social,0
U03655,2026-08-04 15:10,Email,0
U03655,2026-08-13 05:08,Email,1
U03656,2026-08-26 23:55,Social,0
U03657,2026-08-03 09:13,Paid Search,0
U03658,2026-08-21 17:38,Organic Search,0
U03658,2026-08-21 22:46,Email,0
U03659,2026-08-20 01:56,Social,0
U03660,2026-08-06 09:03,Display,0
U03661,2026-08-01 22:33,Paid Search,0
U03661,2026-08-04 03:14,Social,1
U03662,2026-08-12 20:27,Social,0
U03662,2026-08-19 17:00,Paid Search,0
U03663,2026-08-17 02:34,Direct,0
U03664,2026-09-03 16:45,Email,0
U03665,2026-08-02 22:03,Display,0
U03666,2026-09-04 08:25,Display,0
U03666,2026-09-04 09:26,Social,0
U03666,2026-09-04 14:05,Email,0
U03667,2026-08-04 05:07,Social,0
U03667,2026-08-07 07:24,Organic Search,0
U03667,2026-08-12 23:33,Organic Search,0
U03667,2026-08-13 15:31,Social,0
U03667,2026-08-14 15:32,Email,1
U03668,2026-09-03 10:57,Social,0
U03668,2026-09-22 05:32,Email,0
U03669,2026-09-05 23:36,Organic Search,0
U03670,2026-08-10 23:35,Social,0
U03670,2026-08-14 16:10,Organic Search,0
U03671,2026-09-01 03:53,Email,0
U03672,2026-08-18 21:36,Social,0
U03672,2026-08-19 08:11,Social,0
U03673,2026-08-05 16:46,Organic Search,0
U03673,2026-08-10 14:27,Paid Search,0
U03673,2026-08-12 09:34,Paid Search,0
U03673,2026-08-15 11:38,Direct,0
U03673,2026-08-17 18:25,Display,0
U03674,2026-09-12 17:38,Social,0
U03674,2026-09-19 03:47,Social,0
U03674,2026-09-21 18:44,Display,0
U03674,2026-09-23 11:48,Organic Search,0
U03675,2026-09-04 22:21,Organic Search,0
U03675,2026-09-05 10:38,Organic Search,0
U03676,2026-08-14 11:46,Paid Search,0
U03676,2026-08-15 06:00,Direct,0
U03676,2026-08-17 20:00,Direct,0
U03676,2026-08-19 12:05,Social,0
U03676,2026-08-20 01:45,Email,1
U03677,2026-08-29 08:16,Direct,0
U03678,2026-09-12 07:24,Organic Search,0
U03678,2026-09-14 06:17,Paid Search,0
U03678,2026-09-18 06:42,Display,0
U03678,2026-09-20 03:13,Social,0
U03678,2026-09-23 01:53,Display,0
U03679,2026-08-26 15:00,Display,0
U03680,2026-08-18 08:54,Organic Search,0
U03680,2026-08-18 17:11,Paid Search,0
U03680,2026-08-19 12:37,Referral,0
U03680,2026-08-29 02:57,Organic Search,0
U03680,2026-08-29 10:58,Direct,0
U03680,2026-08-31 04:23,Social,0
U03680,2026-09-01 04:35,Email,1
U03681,2026-08-26 00:02,Paid Search,0
U03681,2026-08-26 00:35,Email,0
U03682,2026-08-22 10:56,Paid Search,0
U03682,2026-08-23 21:22,Email,0
U03683,2026-09-10 01:35,Paid Search,1
U03684,2026-09-09 07:14,Social,0
U03684,2026-09-17 23:46,Paid Search,0
U03685,2026-08-23 05:30,Paid Search,0
U03685,2026-08-25 08:45,Paid Search,0
U03686,2026-09-06 09:25,Paid Search,0
U03686,2026-09-07 07:12,Email,1
U03687,2026-08-19 06:07,Social,0
U03687,2026-08-19 07:09,Referral,0
U03688,2026-08-13 14:44,Organic Search,0
U03688,2026-08-13 14:56,Referral,0
U03689,2026-08-24 06:23,Organic Search,0
U03690,2026-08-02 21:51,Organic Search,0
U03691,2026-09-03 16:33,Paid Search,0
U03691,2026-09-04 09:08,Paid Search,0
U03692,2026-08-28 17:38,Display,0
U03692,2026-08-30 04:58,Email,0
U03692,2026-08-30 11:00,Display,0
U03693,2026-08-04 08:03,Social,0
U03694,2026-08-14 02:17,Direct,0
U03694,2026-08-14 22:20,Email,0
U03694,2026-08-15 07:26,Social,0
U03695,2026-09-02 05:07,Display,0
U03695,2026-09-02 05:29,Paid Search,0
U03695,2026-09-02 10:51,Direct,1
U03696,2026-08-26 21:14,Paid Search,0
U03696,2026-08-29 09:57,Email,0
U03697,2026-08-11 20:57,Paid Search,0
U03697,2026-08-13 19:33,Email,0
U03698,2026-08-17 13:35,Display,0
U03699,2026-08-25 01:46,Direct,0
U03700,2026-09-09 13:47,Email,0
U03700,2026-09-12 10:30,Email,0
U03700,2026-09-16 13:55,Paid Search,1
U03701,2026-08-29 03:36,Referral,0
U03701,2026-09-02 12:16,Organic Search,0
U03702,2026-08-15 21:06,Display,0
U03703,2026-08-10 22:35,Display,0
U03704,2026-09-10 03:52,Social,0
U03704,2026-09-10 13:34,Email,0
U03705,2026-08-29 02:32,Display,0
U03705,2026-08-30 03:00,Email,1
U03706,2026-09-04 10:05,Organic Search,0
U03707,2026-08-04 15:10,Display,0
U03707,2026-08-05 06:12,Email,0
U03707,2026-08-06 11:07,Social,0
U03707,2026-08-08 14:06,Email,0
U03707,2026-08-09 23:19,Email,1
U03708,2026-08-20 23:15,Display,0
U03708,2026-08-21 00:01,Paid Search,0
U03709,2026-08-01 18:33,Social,0
U03710,2026-09-02 08:30,Direct,1
U03711,2026-08-07 02:21,Display,0
U03711,2026-08-08 13:13,Email,0
U03712,2026-08-23 20:51,Referral,0
U03712,2026-08-24 09:29,Organic Search,0
U03712,2026-08-30 08:28,Direct,0
U03712,2026-08-31 19:41,Social,0
U03713,2026-08-19 00:00,Organic Search,0
U03713,2026-08-21 11:15,Social,0
U03713,2026-08-24 16:08,Email,1
U03714,2026-08-27 08:23,Social,0
U03714,2026-09-01 16:12,Paid Search,0
U03714,2026-09-03 04:15,Social,0
U03714,2026-09-04 12:26,Direct,0
U03714,2026-09-09 18:48,Paid Search,0
U03714,2026-09-09 19:41,Organic Search,1
U03715,2026-08-07 18:33,Referral,0
U03716,2026-08-10 03:29,Email,0
U03716,2026-08-14 03:49,Direct,1
U03717,2026-08-19 15:08,Social,0
U03717,2026-08-28 23:51,Organic Search,0
U03717,2026-08-30 18:30,Organic Search,1
U03718,2026-08-28 01:06,Direct,0
U03719,2026-08-23 00:08,Social,0
U03720,2026-08-04 06:43,Direct,0
U03720,2026-08-04 19:35,Paid Search,0
U03721,2026-08-07 08:22,Social,0
U03721,2026-08-10 17:48,Direct,0
U03721,2026-08-13 16:12,Display,0
U03722,2026-09-11 00:49,Social,0
U03722,2026-09-13 13:23,Direct,0
U03722,2026-09-14 01:46,Paid Search,0
U03722,2026-09-18 09:05,Email,0
U03722,2026-09-22 18:19,Email,0
U03723,2026-09-08 09:00,Social,0
U03724,2026-08-10 02:45,Referral,0
U03724,2026-08-13 15:44,Paid Search,0
U03725,2026-08-28 09:56,Display,0
U03725,2026-08-28 17:45,Direct,0
U03725,2026-09-01 15:31,Organic Search,0
U03725,2026-09-04 12:35,Referral,0
U03726,2026-09-05 01:38,Display,0
U03726,2026-09-05 12:04,Direct,0
U03727,2026-08-24 17:10,Display,0
U03727,2026-08-31 02:06,Paid Search,0
U03727,2026-09-03 04:47,Email,0
U03728,2026-08-15 10:00,Direct,0
U03728,2026-08-18 17:22,Paid Search,0
U03728,2026-08-23 01:02,Email,0
U03729,2026-09-14 18:01,Organic Search,0
U03729,2026-09-15 13:59,Paid Search,0
U03729,2026-09-23 19:47,Organic Search,0
U03730,2026-09-05 04:35,Display,0
U03731,2026-08-01 02:48,Organic Search,0
U03731,2026-08-02 23:45,Organic Search,0
U03731,2026-08-03 11:08,Email,0
U03731,2026-08-08 10:39,Referral,0
U03732,2026-08-17 07:12,Organic Search,0
U03733,2026-09-07 21:34,Paid Search,0
U03733,2026-09-08 12:08,Display,0
U03733,2026-09-11 22:04,Email,0
U03733,2026-09-11 22:37,Direct,0
U03733,2026-09-13 01:43,Email,0
U03734,2026-08-15 03:50,Direct,0
U03734,2026-08-16 12:00,Organic Search,0
U03735,2026-08-03 00:10,Social,0
U03735,2026-08-03 09:29,Email,0
U03735,2026-08-07 07:13,Paid Search,0
U03736,2026-08-11 05:17,Direct,0
U03736,2026-08-11 05:52,Direct,0
U03736,2026-08-11 08:07,Paid Search,0
U03736,2026-08-12 14:23,Paid Search,1
U03737,2026-08-08 14:54,Organic Search,0
U03737,2026-08-08 14:59,Email,0
U03737,2026-08-15 16:43,Email,0
U03737,2026-08-15 17:27,Organic Search,1
U03738,2026-08-22 15:39,Display,0
U03738,2026-08-24 11:56,Display,0
U03739,2026-09-11 20:27,Organic Search,0
U03739,2026-09-14 07:37,Social,0
U03739,2026-09-18 20:24,Direct,0
U03740,2026-08-13 00:20,Paid Search,0
U03740,2026-08-16 06:50,Organic Search,0
U03740,2026-08-21 16:28,Paid Search,0
U03740,2026-08-24 14:11,Display,0
U03740,2026-08-25 04:52,Paid Search,0
U03741,2026-08-19 19:19,Paid Search,0
U03741,2026-08-21 17:21,Social,0
U03741,2026-08-24 06:09,Organic Search,1
U03742,2026-09-10 05:47,Social,0
U03743,2026-08-17 14:01,Organic Search,0
U03744,2026-09-10 06:45,Organic Search,0
U03745,2026-09-02 05:01,Social,0
U03745,2026-09-03 18:21,Display,0
U03745,2026-09-05 09:12,Organic Search,1
U03746,2026-09-14 10:14,Display,0
U03746,2026-09-19 19:05,Direct,0
U03746,2026-09-24 08:43,Paid Search,1
U03747,2026-09-05 08:04,Organic Search,0
U03748,2026-08-24 14:28,Referral,0
U03748,2026-09-03 01:10,Organic Search,0
U03748,2026-09-14 16:40,Organic Search,0
U03749,2026-09-11 16:00,Organic Search,0
U03750,2026-08-01 19:12,Organic Search,0
U03750,2026-08-05 08:20,Paid Search,0
U03751,2026-08-01 07:57,Social,0
U03752,2026-08-10 06:32,Paid Search,0
U03752,2026-08-10 11:28,Paid Search,0
U03752,2026-08-12 08:19,Paid Search,1
U03753,2026-08-06 21:02,Organic Search,0
U03754,2026-09-12 17:30,Display,0
U03754,2026-09-12 20:56,Display,0
U03754,2026-09-17 21:38,Paid Search,0
U03755,2026-09-13 02:41,Organic Search,0
U03756,2026-09-01 02:46,Direct,0
U03757,2026-08-22 22:48,Social,0
U03757,2026-08-24 22:09,Direct,0
U03758,2026-09-11 11:12,Email,0
U03758,2026-09-14 00:17,Direct,1
U03759,2026-08-29 09:19,Referral,0
U03760,2026-08-11 10:29,Social,0
U03761,2026-08-19 23:36,Paid Search,0
U03761,2026-08-21 01:01,Direct,0
U03762,2026-08-04 18:28,Referral,0
U03762,2026-08-05 15:28,Paid Search,0
U03762,2026-08-05 22:03,Display,1
U03763,2026-08-03 04:02,Organic Search,0
U03763,2026-08-04 10:09,Organic Search,0
U03763,2026-08-04 17:48,Organic Search,0
U03763,2026-08-06 18:01,Direct,1
U03764,2026-08-19 20:42,Organic Search,0
U03764,2026-08-21 15:34,Paid Search,0
U03765,2026-08-09 02:17,Display,0
U03765,2026-08-11 00:34,Organic Search,0
U03766,2026-08-24 09:55,Direct,0
U03767,2026-08-27 20:48,Referral,0
U03768,2026-08-25 10:26,Direct,0
U03768,2026-08-27 01:32,Social,0
U03768,2026-08-27 12:54,Organic Search,1
U03769,2026-08-13 04:16,Display,0
U03769,2026-08-13 11:45,Paid Search,0
U03769,2026-08-13 23:04,Display,0
U03770,2026-09-13 04:22,Paid Search,0
U03771,2026-08-13 00:50,Social,0
U03772,2026-08-30 12:35,Organic Search,0
U03773,2026-09-01 18:37,Organic Search,0
U03774,2026-09-01 22:07,Paid Search,0
U03774,2026-09-02 04:26,Paid Search,0
U03774,2026-09-05 13:00,Organic Search,0
U03774,2026-09-06 22:12,Referral,0
U03775,2026-08-19 22:33,Paid Search,0
U03776,2026-08-08 22:33,Display,0
U03776,2026-08-10 01:00,Paid Search,1
U03777,2026-09-09 16:03,Paid Search,0
U03778,2026-09-14 21:33,Display,0
U03778,2026-09-15 14:09,Email,0
U03779,2026-09-06 07:24,Display,0
U03780,2026-09-07 08:12,Organic Search,0
U03781,2026-08-29 14:33,Direct,0
U03782,2026-08-07 02:59,Display,0
U03782,2026-08-07 12:35,Paid Search,0
U03782,2026-08-08 22:21,Paid Search,0
U03783,2026-09-03 12:07,Paid Search,0
U03783,2026-09-04 02:50,Email,0
U03783,2026-09-04 21:01,Paid Search,0
U03784,2026-08-04 04:08,Display,0
U03784,2026-08-05 01:00,Organic Search,0
U03784,2026-08-06 02:47,Email,0
U03784,2026-08-06 14:08,Direct,0
U03784,2026-08-09 17:31,Paid Search,1
U03785,2026-08-07 13:04,Social,0
U03786,2026-08-05 10:27,Paid Search,0
U03786,2026-08-07 06:11,Organic Search,0
U03786,2026-08-10 15:11,Direct,0
U03786,2026-08-11 07:42,Email,1
U03787,2026-09-10 15:13,Social,0
U03787,2026-09-16 05:18,Direct,0
U03787,2026-09-17 14:21,Direct,0
U03787,2026-09-17 17:35,Social,0
U03788,2026-08-26 06:17,Organic Search,1
U03789,2026-08-29 07:33,Organic Search,0
U03789,2026-09-01 21:40,Display,0
U03790,2026-09-10 08:58,Social,0
U03791,2026-08-18 00:27,Email,0
U03792,2026-08-24 17:46,Organic Search,0
U03792,2026-08-25 09:48,Email,0
U03792,2026-08-26 12:12,Organic Search,0
U03792,2026-08-26 23:38,Paid Search,0
U03792,2026-08-27 11:01,Social,0
U03792,2026-08-27 17:23,Direct,0
U03793,2026-08-07 20:04,Social,0
U03793,2026-08-09 20:29,Referral,0
U03794,2026-09-12 06:16,Direct,1
U03795,2026-08-24 14:07,Display,0
U03795,2026-08-25 09:58,Paid Search,0
U03795,2026-08-31 14:53,Organic Search,0
U03795,2026-08-31 17:38,Email,0
U03795,2026-09-03 03:29,Direct,0
U03795,2026-09-03 23:03,Direct,0
U03795,2026-09-04 14:52,Social,1
U03796,2026-09-12 01:41,Organic Search,0
U03796,2026-09-13 09:54,Display,1
U03797,2026-08-05 07:53,Organic Search,0
U03797,2026-08-08 20:12,Direct,0
U03797,2026-08-10 12:18,Display,0
U03797,2026-08-14 08:09,Email,0
U03797,2026-08-15 23:29,Paid Search,0
U03798,2026-08-23 22:08,Paid Search,0
U03798,2026-08-24 21:57,Direct,0
U03799,2026-08-05 14:23,Organic Search,0
U03799,2026-08-08 08:32,Display,0
U03799,2026-08-12 12:18,Email,0
U03800,2026-08-23 23:21,Referral,0
U03800,2026-08-26 19:07,Direct,0
U03801,2026-09-09 04:25,Paid Search,0
U03802,2026-08-18 13:52,Email,0
U03802,2026-08-19 05:14,Paid Search,0
U03802,2026-08-21 04:05,Direct,0
U03802,2026-08-21 20:57,Organic Search,0
U03802,2026-08-24 01:03,Direct,1
U03803,2026-08-28 23:34,Organic Search,0
U03803,2026-08-29 09:36,Paid Search,0
U03803,2026-08-30 08:45,Email,0
U03804,2026-08-18 01:05,Organic Search,0
U03805,2026-08-05 03:43,Organic Search,0
U03805,2026-08-06 21:40,Email,0
U03806,2026-08-10 08:46,Organic Search,0
U03806,2026-08-14 03:50,Direct,0
U03807,2026-09-04 23:22,Organic Search,0
U03808,2026-08-12 16:38,Email,0
U03809,2026-08-02 18:10,Display,0
U03809,2026-08-04 05:38,Email,0
U03809,2026-08-08 03:53,Social,0
U03809,2026-08-09 01:47,Paid Search,1
U03810,2026-08-09 02:22,Paid Search,0
U03810,2026-08-10 18:27,Email,0
U03811,2026-08-23 16:09,Display,0
U03812,2026-08-25 19:42,Organic Search,0
U03812,2026-08-29 22:17,Email,0
U03812,2026-08-31 14:11,Social,0
U03813,2026-08-07 14:48,Display,0
U03814,2026-08-20 11:33,Organic Search,0
U03814,2026-08-21 11:45,Organic Search,0
U03815,2026-09-14 14:46,Email,0
U03815,2026-09-18 07:10,Email,1
U03816,2026-08-31 13:50,Display,0
U03817,2026-08-08 04:33,Email,0
U03817,2026-08-11 19:03,Direct,0
U03817,2026-08-12 06:32,Paid Search,0
U03817,2026-08-24 21:37,Email,0
U03817,2026-08-26 05:42,Organic Search,0
U03817,2026-08-27 05:50,Paid Search,0
U03817,2026-08-27 09:00,Referral,1
U03818,2026-08-19 04:37,Paid Search,0
U03819,2026-09-10 15:45,Direct,0
U03819,2026-09-12 09:10,Email,0
U03819,2026-09-15 06:06,Email,0
U03820,2026-09-10 06:19,Paid Search,0
U03820,2026-09-11 10:55,Paid Search,0
U03821,2026-08-14 12:28,Social,0
U03821,2026-08-18 09:47,Paid Search,0
U03821,2026-08-20 07:39,Direct,0
U03822,2026-08-26 06:57,Organic Search,0
U03822,2026-08-27 00:52,Direct,0
U03822,2026-08-28 23:18,Email,0
U03822,2026-08-31 12:00,Social,0
U03823,2026-09-07 01:07,Display,0
U03823,2026-09-08 03:04,Paid Search,0
U03823,2026-09-10 23:29,Paid Search,0
U03824,2026-08-05 18:41,Social,0
U03825,2026-08-02 09:47,Paid Search,0
U03825,2026-08-04 11:16,Social,0
U03826,2026-08-13 16:50,Organic Search,0
U03826,2026-08-14 12:26,Organic Search,0
U03826,2026-08-15 02:39,Email,0
U03827,2026-08-20 19:23,Social,0
U03828,2026-08-29 22:50,Display,0
U03828,2026-09-02 08:59,Organic Search,0
U03829,2026-08-05 20:16,Social,0
U03829,2026-08-12 15:12,Direct,0
U03829,2026-08-14 17:12,Direct,0
U03830,2026-09-02 00:30,Social,0
U03830,2026-09-03 13:49,Organic Search,0
U03830,2026-09-04 07:29,Referral,0
U03830,2026-09-04 11:34,Paid Search,0
U03831,2026-08-19 06:14,Referral,0
U03832,2026-09-02 08:16,Email,0
U03832,2026-09-03 10:34,Direct,0
U03833,2026-08-10 03:19,Referral,0
U03833,2026-08-12 16:47,Paid Search,0
U03834,2026-09-04 00:19,Social,0
U03835,2026-08-12 08:33,Organic Search,0
U03835,2026-08-19 21:00,Direct,0
U03835,2026-08-20 23:13,Paid Search,0
U03835,2026-08-21 20:58,Organic Search,0
U03835,2026-08-24 11:34,Display,0
U03835,2026-08-26 07:28,Social,0
U03835,2026-08-30 03:19,Organic Search,1
U03836,2026-09-13 14:38,Social,0
U03836,2026-09-17 12:35,Paid Search,0
U03837,2026-09-06 16:09,Organic Search,0
U03837,2026-09-11 13:58,Display,0
U03837,2026-09-12 07:34,Paid Search,0
U03837,2026-09-14 07:55,Social,0
U03838,2026-08-28 18:02,Referral,0
U03839,2026-08-10 02:04,Paid Search,0
U03839,2026-08-12 03:05,Organic Search,0
U03840,2026-09-14 16:52,Social,0
U03840,2026-09-18 15:49,Display,0
U03841,2026-08-07 12:04,Social,0
U03842,2026-08-16 18:13,Display,0
U03842,2026-08-22 12:54,Social,0
U03843,2026-08-08 23:38,Organic Search,0
U03843,2026-08-11 18:10,Email,0
U03843,2026-08-15 19:28,Social,1
U03844,2026-08-21 10:28,Display,0
U03845,2026-08-18 21:43,Email,0
U03845,2026-09-01 14:25,Display,0
U03845,2026-09-01 14:33,Email,0
U03845,2026-09-01 19:25,Email,0
U03846,2026-08-24 03:13,Organic Search,0
U03846,2026-08-24 10:07,Paid Search,0
U03846,2026-08-27 13:27,Email,0
U03846,2026-08-28 12:30,Direct,1
U03847,2026-08-14 00:27,Paid Search,0
U03848,2026-08-14 13:56,Display,0
U03848,2026-08-14 15:36,Email,0
U03848,2026-08-20 00:40,Direct,0
U03849,2026-08-23 05:11,Referral,0
U03850,2026-08-16 22:04,Social,0
U03850,2026-08-17 23:11,Email,0
U03850,2026-08-20 01:26,Direct,0
U03850,2026-08-20 12:07,Email,1
U03851,2026-09-12 05:33,Paid Search,0
U03851,2026-09-13 23:15,Display,0
U03852,2026-08-23 00:11,Social,0
U03852,2026-08-23 23:12,Email,0
U03852,2026-09-02 18:40,Paid Search,0
U03852,2026-09-06 01:00,Direct,0
U03853,2026-09-13 05:40,Display,0
U03853,2026-09-13 14:59,Paid Search,0
U03854,2026-09-12 12:43,Paid Search,0
U03854,2026-09-13 07:43,Social,0
U03854,2026-09-24 12:43,Social,1
U03855,2026-08-24 16:54,Organic Search,0
U03855,2026-08-29 13:00,Social,0
U03856,2026-09-09 19:41,Social,0
U03856,2026-09-12 17:39,Referral,1
U03857,2026-09-05 06:57,Social,0
U03858,2026-08-02 20:38,Paid Search,0
U03859,2026-08-13 17:23,Direct,0
U03859,2026-08-16 18:03,Direct,0
U03859,2026-08-20 09:53,Referral,0
U03860,2026-08-10 12:08,Display,0
U03861,2026-08-25 00:56,Display,0
U03862,2026-09-13 21:00,Organic Search,0
U03862,2026-09-16 11:56,Email,0
U03863,2026-08-26 01:24,Organic Search,0
U03863,2026-09-01 01:43,Email,0
U03863,2026-09-10 10:58,Social,0
U03864,2026-08-30 06:34,Organic Search,0
U03865,2026-08-16 16:01,Social,0
U03865,2026-08-18 02:35,Email,1
U03866,2026-08-09 05:48,Paid Search,0
U03866,2026-08-10 16:56,Email,0
U03866,2026-08-15 13:51,Social,0
U03866,2026-08-16 16:01,Direct,1
U03867,2026-08-14 15:17,Paid Search,0
U03868,2026-09-04 22:14,Display,0
U03868,2026-09-06 00:17,Email,0
U03869,2026-08-31 07:13,Social,0
U03869,2026-08-31 19:46,Organic Search,1
U03870,2026-08-10 00:44,Paid Search,0
U03871,2026-08-29 07:10,Social,0
U03871,2026-08-30 02:35,Display,0
U03872,2026-09-09 22:15,Organic Search,0
U03872,2026-09-09 22:44,Organic Search,0
U03872,2026-09-15 09:02,Direct,0
U03872,2026-09-15 11:22,Organic Search,1
U03873,2026-08-11 10:18,Display,0
U03874,2026-08-09 19:11,Organic Search,0
U03875,2026-08-18 04:37,Display,0
U03875,2026-08-19 00:17,Organic Search,0
U03876,2026-08-21 22:11,Paid Search,0
U03876,2026-08-24 01:23,Referral,0
U03876,2026-08-30 07:25,Direct,0
U03876,2026-08-30 13:51,Direct,0
U03876,2026-09-04 12:30,Paid Search,0
U03876,2026-09-08 13:09,Direct,1
U03877,2026-09-13 17:41,Display,0
U03877,2026-09-15 10:46,Display,0
U03877,2026-09-16 09:39,Direct,1
U03878,2026-09-12 05:30,Email,0
U03878,2026-09-13 17:08,Social,0
U03878,2026-09-17 03:31,Email,0
U03878,2026-09-23 01:35,Organic Search,0
U03878,2026-09-23 06:03,Direct,0
U03878,2026-09-24 20:55,Organic Search,0
U03878,2026-09-27 00:44,Organic Search,1
U03879,2026-09-10 00:13,Paid Search,0
U03879,2026-09-10 20:04,Social,0
U03880,2026-08-19 23:24,Email,0
U03881,2026-08-17 09:37,Organic Search,0
U03881,2026-08-21 00:01,Email,0
U03882,2026-08-14 06:56,Paid Search,0
U03882,2026-08-16 20:43,Display,0
U03882,2026-08-16 21:06,Email,0
U03883,2026-08-13 21:08,Paid Search,0
U03883,2026-08-14 23:54,Paid Search,0
U03883,2026-08-15 22:33,Direct,0
U03884,2026-09-04 21:30,Organic Search,0
U03885,2026-09-05 09:03,Organic Search,0
U03886,2026-08-28 16:50,Organic Search,0
U03886,2026-08-29 20:50,Direct,0
U03887,2026-08-27 12:54,Social,0
U03887,2026-08-30 14:35,Email,0
U03887,2026-09-01 15:44,Social,0
U03887,2026-09-01 17:45,Organic Search,0
U03887,2026-09-02 14:52,Organic Search,0
U03887,2026-09-02 17:32,Paid Search,0
U03887,2026-09-03 10:38,Paid Search,1
U03888,2026-09-02 10:24,Direct,0
U03889,2026-08-31 15:27,Organic Search,0
U03889,2026-09-04 11:08,Referral,0
U03889,2026-09-14 22:32,Referral,0
U03889,2026-09-15 05:41,Paid Search,0
U03889,2026-09-21 16:36,Direct,0
U03889,2026-09-23 21:35,Paid Search,0
U03890,2026-09-11 23:32,Organic Search,0
U03890,2026-09-15 01:19,Paid Search,0
U03890,2026-09-16 06:15,Direct,0
U03890,2026-09-18 11:22,Direct,0
U03890,2026-09-18 12:36,Email,0
U03890,2026-09-22 13:04,Email,0
U03891,2026-09-11 08:39,Social,0
U03891,2026-09-18 00:35,Paid Search,0
U03892,2026-08-22 16:59,Referral,0
U03893,2026-08-13 03:33,Display,0
U03894,2026-09-07 18:43,Paid Search,0
U03894,2026-09-14 08:01,Social,0
U03894,2026-09-18 15:25,Paid Search,0
U03895,2026-08-11 07:37,Display,0
U03896,2026-08-13 08:43,Display,0
U03896,2026-08-14 06:17,Paid Search,0
U03896,2026-08-14 12:43,Direct,0
U03897,2026-08-30 09:49,Organic Search,0
U03898,2026-08-25 02:16,Social,0
U03899,2026-08-08 12:15,Paid Search,0
U03899,2026-08-12 03:12,Organic Search,0
U03900,2026-08-11 05:46,Organic Search,0
U03901,2026-08-28 11:16,Direct,0
U03901,2026-09-02 22:31,Paid Search,0
U03902,2026-08-07 03:21,Organic Search,0
U03902,2026-08-08 07:26,Display,0
U03902,2026-08-10 10:09,Direct,0
U03902,2026-08-12 09:20,Paid Search,0
U03903,2026-08-16 19:54,Direct,0
U03903,2026-08-18 09:28,Paid Search,0
U03904,2026-08-31 10:43,Referral,0
U03904,2026-09-01 13:34,Direct,0
U03904,2026-09-05 07:55,Organic Search,0
U03905,2026-09-08 19:38,Display,0
U03906,2026-09-04 00:35,Direct,0
U03907,2026-08-30 20:54,Social,0
U03908,2026-09-03 07:38,Social,0
U03908,2026-09-04 21:30,Direct,0
U03908,2026-09-15 11:06,Paid Search,0
U03908,2026-09-15 16:48,Direct,0
U03908,2026-09-16 11:46,Social,1
U03909,2026-08-21 04:45,Social,0
U03909,2026-08-21 18:28,Social,0
U03909,2026-08-23 23:09,Email,0
U03910,2026-08-07 10:34,Social,0
U03911,2026-08-13 06:12,Organic Search,0
U03911,2026-08-14 12:46,Organic Search,0
U03912,2026-09-04 02:47,Paid Search,0
U03912,2026-09-07 03:22,Referral,0
U03912,2026-09-07 15:18,Social,0
U03912,2026-09-09 06:01,Display,0
U03913,2026-09-07 02:33,Referral,0
U03913,2026-09-11 18:28,Direct,0
U03913,2026-09-20 05:31,Social,0
U03914,2026-08-15 00:52,Paid Search,0
U03915,2026-08-22 20:19,Paid Search,0
U03916,2026-09-09 07:05,Display,0
U03916,2026-09-11 04:20,Social,0
U03917,2026-08-13 17:47,Direct,0
U03918,2026-08-23 05:31,Paid Search,0
U03918,2026-08-26 04:36,Organic Search,0
U03918,2026-08-29 08:24,Email,0
U03918,2026-09-01 20:41,Email,1
U03919,2026-08-07 05:30,Social,0
U03920,2026-08-17 20:05,Organic Search,0
U03921,2026-08-09 08:11,Paid Search,0
U03921,2026-08-13 16:38,Email,0
U03921,2026-08-13 21:37,Direct,0
U03922,2026-08-06 02:53,Organic Search,0
U03922,2026-08-07 10:22,Display,0
U03922,2026-08-10 21:33,Display,0
U03922,2026-08-12 18:45,Paid Search,0
U03922,2026-08-14 18:31,Direct,0
U03923,2026-08-21 22:01,Paid Search,0
U03923,2026-08-21 22:26,Direct,1
U03924,2026-08-18 16:38,Organic Search,0
U03924,2026-08-20 19:24,Direct,0
U03924,2026-08-23 04:36,Email,0
U03925,2026-08-21 08:56,Social,0
U03925,2026-08-27 02:33,Display,0
U03926,2026-08-04 18:42,Organic Search,0
U03926,2026-08-06 21:18,Paid Search,0
U03927,2026-08-29 18:44,Referral,1
U03928,2026-08-24 03:24,Referral,0
U03928,2026-08-26 19:41,Paid Search,0
U03929,2026-08-21 02:12,Display,0
U03929,2026-08-24 21:24,Email,0
U03929,2026-08-25 11:28,Referral,0
U03930,2026-09-03 20:31,Organic Search,0
U03930,2026-09-08 11:17,Direct,1
U03931,2026-09-09 06:47,Social,0
U03931,2026-09-10 10:16,Direct,0
U03931,2026-09-13 00:23,Direct,0
U03932,2026-08-19 04:51,Organic Search,0
U03932,2026-08-19 12:14,Organic Search,0
U03932,2026-08-22 03:26,Display,0
U03933,2026-09-03 08:02,Organic Search,0
U03933,2026-09-05 21:04,Display,0
U03934,2026-08-26 11:51,Paid Search,0
U03934,2026-08-27 21:59,Referral,0
U03934,2026-09-03 11:13,Paid Search,0
U03935,2026-09-13 02:59,Social,0
U03936,2026-09-14 10:15,Organic Search,0
U03936,2026-09-15 18:53,Email,0
U03936,2026-09-17 05:03,Organic Search,0
U03936,2026-09-18 06:33,Email,0
U03936,2026-09-21 09:42,Direct,0
U03936,2026-09-23 08:08,Email,0
U03937,2026-08-11 08:40,Display,0
U03938,2026-08-06 00:28,Organic Search,0
U03938,2026-08-08 21:09,Paid Search,0
U03939,2026-08-19 16:16,Paid Search,0
U03940,2026-09-13 10:37,Organic Search,0
U03940,2026-09-15 05:50,Direct,0
U03941,2026-09-14 00:02,Display,0
U03941,2026-09-20 16:33,Referral,0
U03942,2026-08-23 10:27,Paid Search,0
U03943,2026-09-06 05:11,Organic Search,0
U03943,2026-09-06 10:28,Direct,0
U03944,2026-08-07 22:31,Social,0
U03945,2026-08-14 21:19,Direct,0
U03945,2026-08-15 04:04,Display,0
U03945,2026-08-22 00:16,Paid Search,0
U03946,2026-08-04 20:07,Organic Search,0
U03946,2026-08-06 08:34,Direct,0
U03946,2026-08-10 09:38,Email,0
U03946,2026-08-17 14:00,Direct,1
U03947,2026-08-26 13:14,Social,0
U03947,2026-08-28 00:40,Email,0
U03947,2026-08-28 19:31,Paid Search,0
U03948,2026-09-11 18:39,Social,0
U03948,2026-09-14 12:39,Paid Search,0
U03948,2026-09-16 21:48,Email,0
U03948,2026-09-17 06:01,Direct,0
U03948,2026-09-18 07:32,Social,0
U03948,2026-09-18 11:57,Direct,0
U03949,2026-08-25 10:13,Organic Search,0
U03949,2026-09-01 00:18,Email,0
U03949,2026-09-02 17:13,Organic Search,0
U03949,2026-09-03 17:24,Email,0
U03949,2026-09-04 07:17,Paid Search,0
U03950,2026-08-26 19:54,Referral,0
U03950,2026-08-30 11:28,Direct,0
U03951,2026-08-16 11:28,Paid Search,0
U03951,2026-08-17 05:48,Paid Search,0
U03951,2026-08-18 17:50,Organic Search,0
U03951,2026-08-19 17:26,Direct,0
U03952,2026-08-21 15:21,Social,0
U03953,2026-09-02 16:46,Paid Search,0
U03953,2026-09-12 18:56,Paid Search,0
U03953,2026-09-13 04:45,Email,0
U03954,2026-09-02 07:09,Organic Search,0
U03954,2026-09-03 17:32,Display,0
U03954,2026-09-07 14:01,Social,0
U03955,2026-08-12 15:27,Direct,0
U03955,2026-08-15 07:31,Social,0
U03956,2026-08-29 17:49,Organic Search,0
U03957,2026-09-01 16:54,Organic Search,0
U03958,2026-08-02 08:52,Referral,0
U03958,2026-08-09 01:00,Paid Search,0
U03958,2026-08-10 11:08,Email,0
U03958,2026-08-11 07:46,Organic Search,0
U03958,2026-08-13 21:06,Organic Search,0
U03958,2026-08-21 11:25,Organic Search,0
U03958,2026-08-22 19:35,Email,0
U03959,2026-08-16 21:00,Paid Search,0
U03959,2026-08-21 06:45,Direct,0
U03959,2026-08-22 05:44,Referral,0
U03960,2026-08-08 21:01,Direct,0
U03961,2026-08-09 23:55,Social,0
U03962,2026-09-07 09:09,Social,0
U03963,2026-08-22 14:11,Organic Search,0
U03964,2026-08-06 01:50,Email,0
U03964,2026-08-07 12:35,Email,0
U03965,2026-08-29 15:28,Organic Search,0
U03965,2026-09-03 16:42,Organic Search,1
U03966,2026-08-31 21:44,Display,0
U03966,2026-09-06 19:43,Paid Search,0
U03967,2026-09-03 20:34,Social,0
U03967,2026-09-03 23:00,Email,0
U03967,2026-09-06 03:33,Display,0
U03967,2026-09-09 10:01,Direct,1
U03968,2026-08-20 07:05,Paid Search,0
U03969,2026-08-21 06:29,Organic Search,0
U03969,2026-08-21 20:23,Email,0
U03969,2026-08-22 03:00,Email,0
U03969,2026-08-23 02:50,Email,1
U03970,2026-08-23 19:13,Display,0
U03970,2026-08-29 11:51,Paid Search,0
U03970,2026-08-31 04:26,Direct,0
U03971,2026-08-07 16:38,Organic Search,0
U03972,2026-08-24 01:04,Organic Search,0
U03972,2026-08-29 06:49,Email,0
U03972,2026-08-29 22:42,Paid Search,0
U03973,2026-09-10 07:05,Social,0
U03973,2026-09-10 15:07,Organic Search,0
U03973,2026-09-15 04:55,Direct,0
U03974,2026-08-09 12:45,Organic Search,0
U03974,2026-08-11 07:27,Social,0
U03974,2026-08-12 21:57,Display,0
U03974,2026-08-21 07:40,Social,0
U03974,2026-08-23 04:55,Organic Search,0
U03974,2026-08-25 01:16,Email,0
U03974,2026-08-27 03:53,Direct,0
U03975,2026-08-21 05:52,Display,1
U03976,2026-08-28 03:56,Paid Search,0
U03976,2026-08-29 04:28,Email,0
U03976,2026-08-30 11:32,Direct,0
U03976,2026-09-01 13:36,Organic Search,0
U03976,2026-09-02 22:26,Email,0
U03977,2026-08-07 08:51,Email,0
U03978,2026-08-14 15:36,Social,0
U03979,2026-08-31 10:19,Social,0
U03980,2026-08-17 22:10,Organic Search,0
U03980,2026-08-22 13:07,Paid Search,1
U03981,2026-09-04 05:51,Paid Search,0
U03981,2026-09-06 23:05,Email,0
U03982,2026-09-06 22:28,Direct,0
U03982,2026-09-07 18:25,Direct,0
U03983,2026-08-19 00:05,Paid Search,0
U03984,2026-08-23 20:17,Social,0
U03985,2026-08-25 04:12,Social,0
U03985,2026-08-31 06:08,Email,0
U03985,2026-08-31 12:21,Paid Search,0
U03985,2026-09-05 17:23,Organic Search,0
U03985,2026-09-07 16:05,Email,0
U03986,2026-08-10 06:53,Social,0
U03986,2026-08-19 12:45,Social,0
U03986,2026-08-23 06:16,Email,0
U03987,2026-08-28 19:08,Paid Search,0
U03987,2026-09-02 04:17,Email,1
U03988,2026-09-13 03:19,Organic Search,0
U03989,2026-08-12 07:25,Direct,0
U03989,2026-08-20 12:37,Paid Search,0
U03989,2026-08-21 07:45,Direct,0
U03990,2026-08-08 16:57,Display,0
U03991,2026-08-21 19:24,Organic Search,0
U03992,2026-08-08 08:57,Paid Search,0
U03992,2026-08-11 13:17,Social,0
U03993,2026-08-22 11:41,Social,0
U03993,2026-08-23 10:17,Paid Search,0
U03993,2026-08-28 21:40,Paid Search,1
U03994,2026-09-03 13:45,Display,0
U03994,2026-09-10 19:34,Direct,0
U03994,2026-09-15 11:31,Organic Search,0
U03994,2026-09-20 07:30,Paid Search,0
U03994,2026-09-23 12:01,Email,0
U03994,2026-09-24 08:52,Referral,1
U03995,2026-08-16 05:51,Organic Search,0
U03995,2026-08-17 01:42,Paid Search,0
U03995,2026-08-18 11:35,Email,0
U03995,2026-08-20 07:18,Email,0
U03995,2026-08-21 14:32,Direct,0
U03995,2026-08-22 03:17,Organic Search,0
U03995,2026-08-22 23:02,Social,0
U03995,2026-08-23 04:21,Paid Search,0
U03996,2026-08-10 19:31,Organic Search,0
U03997,2026-08-30 16:32,Organic Search,0
U03998,2026-08-05 13:07,Email,0
U03998,2026-08-08 02:53,Email,0
U03998,2026-08-14 14:01,Direct,0
U03998,2026-08-15 19:19,Direct,0
U03999,2026-08-15 08:42,Display,0
